Protein,E113A-WT,E113Q-WT,E56A-WT,E56Q-WT
sp|A6NKT7|RGPD3;sp|P49792|RBP2;sp|Q7Z3J3|RGPD4,1.07605010188294,1.40888427261339,0.318199336078263,0.153419420257385
sp|B2RPK0|HGB1A;sp|P09429|HMGB1;sp|P26583|HMGB2,-1.4343138646142,0.207229373241352,-0.015703695507379,-0.114371001511853
sp|B7ZW38|HNRC3;sp|O60812|HNRC1;sp|P0DMR1|HNRC4,-1.03002324972631,-1.12238389889968,0.76354252454761,-1.4359296575572
sp|O00159;sp|O00159|MYO1C,-0.467040251125257,-1.11616163355274,0.15641090313838,-0.594443158969409
sp|O00255;sp|O00255|MEN1,1.29842488279108,1.39066244897646,2.15223430677969,1.31959096928767
sp|O00287|RFXAP,1.40165154910785,0.469569867393492,2.27707106116903,1.28112698501312
sp|O00716;sp|O00716|E2F3,1.06300240584648,0.863150451550199,1.97603186892841,1.12113148417203
sp|O14593;sp|O14593|RFXK,1.83031949654124,1.36522772955823,2.64628419535504,1.88875196634219
sp|O14734|ACOT8,-0.691983002703702,-0.346786219958951,-0.468336835529582,-0.789226701959315
sp|O15156;sp|O15156|ZBT7B,1.66274155925112,1.80241493743855,3.14781210981875,0.937009019676281
sp|O15379;sp|O15379|HDAC3;sp|Q13547|HDAC1;sp|Q92769;sp|Q92769|HDAC2,0.827644184506351,-0.0512998353899563,1.98867563852741,0.248926132978127
sp|O43390;sp|O43390|HNRPR,-0.602072035364369,-0.785007610274313,1.14086757138957,-0.715402078744993
sp|O43829|ZBT14,2.36834671014131,1.74812912535055,3.07353459378487,1.76794426607939
sp|O60264|SMCA5,-0.110773243716761,-1.12151750957877,1.60767185734584,-0.404875161152559
sp|O60264|SMCA5;sp|P28370;sp|P28370|SMCA1,0.776132521514814,0.0812752577634255,2.25668851791928,-0.0400000796775369
sp|O60341;sp|O60341|KDM1A,0.389894486623661,-0.112720975251911,1.72289659381505,0.500492809436064
sp|O75475;sp|O75475|PSIP1,0.402841304191539,0.00533587428893695,0.533644398994032,0.0942216569557358
sp|O75475|PSIP1,0.43693361625667,0.0365442013894656,0.836769281800158,0.577149296695444
sp|O75478|TAD2A,0.11255279137612,-1.72567475997,-0.161673541037876,-2.61301177841044
sp|O75528;sp|O75528|TADA3,0.13989882217937,-0.723066160014241,0.286271584552537,-2.04694848140579
sp|O94776;sp|O94776|MTA2,-0.489795540122389,-2.28015224997962,1.2722200404946,-0.887947216076294
sp|O94776|MTA2,-0.193816122349351,-0.477570317105045,1.02922697143734,-2.90599761534383
sp|O94805|ACL6B;sp|O96019;sp|O96019|ACL6A,-2.24227256054413,-3.61321005472907,-1.9496598904416,-3.69220853029513
sp|O95210|STBD1,-0.384772695375126,-0.308974678036658,-0.970086274590624,0.0771597141264047
sp|O95251;sp|O95251|KAT7,-0.679633201020299,-0.401620813306088,-0.0971984219797365,-0.977719848305216
sp|O95785,0.43176506387702,0.251537278750947,1.15237956298435,0.421043417401775
sp|O95785;sp|O95785|WIZ,0.355886578287768,0.198962043685589,1.30496826697838,0.0363664518313757
sp|O96019;sp|O96019|ACL6A,-2.14660544465284,-4.42207344250513,-1.43598151084159,-4.89334377066442
sp|O96019|ACL6A,-2.47002681900196,-3.44090010336354,-1.78092593544036,-3.47924775764468
sp|P04264|K2C1,-0.32266912742582,-0.364632313127461,0.0457307536023766,-0.460988539614161
sp|P04350|TBB4A,0.350763281345991,0.353933958794458,1.03709248135666,0.339128443503964
sp|P04350|TBB4A;sp|P07437|TBB5;sp|P68371|TBB4B,0.730627316228076,0.203646961351931,1.82589785204659,-0.123933252530849
sp|P04350|TBB4A;sp|P07437|TBB5;sp|P68371|TBB4B;sp|Q13509;sp|Q13509|TBB3,0.479178207577738,0.0487049199142078,1.35813827496599,-0.0519453529973422
sp|P04350|TBB4A;sp|P07437|TBB5;sp|P68371|TBB4B;sp|Q13885|TBB2A;sp|Q9BVA1|TBB2B,0.207407618960469,-0.0351983919492681,1.13705139474131,-0.0166671854698893
sp|P06400|RB,2.00718881169445,1.7964751848749,3.20978324735796,1.94543008455517
sp|P06746|DPOLB,-0.321970487470275,-0.744757842439445,1.01090669666709,0.164379474585165
sp|P07305;sp|P07305|H10,-0.273155982364651,-0.354453895800671,-0.348832921168401,0.0862640636166497
sp|P07437|TBB5,0.396183815969274,-0.196416951597848,1.34705498939801,-0.174040563614156
sp|P07437|TBB5;sp|P68371|TBB4B;sp|Q13885|TBB2A;sp|Q9BVA1|TBB2B,0.337252746386046,0.00384245694207636,1.16183406922311,-0.395811263762161
sp|P07437|TBB5;sp|Q13509|TBB3;sp|Q13885|TBB2A;sp|Q9BVA1|TBB2B,0.32263584813489,-0.154667149205982,1.48920476619473,-0.534686992984342
sp|P07910;sp|P07910|HNRPC,-0.999196089270576,-0.865993753120849,0.868251398974493,-0.987497129107827
sp|P08670|VIME,-0.47521141936723,-1.66483331351852,0.0769129741653692,-1.74109162537785
sp|P08670|VIME;sp|P41219;sp|P41219|PERI,-0.46901899650033,-1.52964470100768,0.239997202929346,-1.26013366958383
sp|P09874|PARP1,0.2182885644224,0.242506388850658,0.449186932404421,0.0966937509830462
sp|P0CG47|UBB;sp|P0CG48|UBC;sp|P62979|RS27A;sp|P62987|RL40,-0.0688926546556558,-0.329166509011048,0.24558703785151,-0.210528894371885
sp|P0DMV8;sp|P0DMV8|HS71A;sp|P0DMV9|HS71B,-0.0570353888844347,-0.598903596304058,1.00884424435223,-0.442869718211222
sp|P0DMV8;sp|P0DMV8|HS71A;sp|P0DMV9|HS71B;sp|P17066|HSP76,-0.970850905605078,-0.587845854695261,0.927111111969417,-0.228257695762397
sp|P0DMV8;sp|P0DMV8|HS71A;sp|P0DMV9|HS71B;sp|P17066|HSP76;sp|P48741|HSP77,-0.296062467032229,-0.879706508462486,0.321346089531571,-1.45608237150215
sp|P0DMV8;sp|P0DMV8|HS71A;sp|P0DMV9|HS71B;sp|P34931|HS71L,0.40240612743201,0.108974276342537,1.60873374179248,-0.0847663100929389
sp|P0DMV8|HS71A;sp|P0DMV9|HS71B;sp|P34931|HS71L,-0.153892826950339,-0.196877240806575,1.12519665706778,-0.203906040545692
sp|P10412|H14,0.325971030936637,-0.127241606652988,-0.126005441353368,-0.144512929593199
sp|P10412|H14;sp|P16401|H15;sp|P16402|H13;sp|P16403|H12,-0.0459594839530156,-0.101502505976208,-0.168007592204005,-0.234571419856869
sp|P10412|H14;sp|P16401|H15;sp|P16402|H13;sp|P16403|H12;sp|Q02539|H11,0.0388867720414138,-0.316984473139552,-0.393182584745832,-0.125788505838435
sp|P10412|H14;sp|P16401|H15;sp|P16403|H12,0.379020149718823,-0.208249640226342,0.053535173091245,-0.0206866892186426
sp|P10412|H14;sp|P16402|H13;sp|P16403|H12,0.894543520404454,0.78543523225254,0.955790285982861,1.29428552466259
sp|P10412|H14;sp|P16402|H13;sp|P16403|H12;sp|P22492|H1T;sp|Q02539|H11,-0.213108273803812,-0.131556562871608,-0.433175264333087,-0.147458404604053
sp|P11021|BIP,0.278466545628964,0.375365297873972,1.47471977017245,-0.0613481428262227
sp|P11142;sp|P11142|HSP7C,0.255145947175817,-0.46816712607439,1.16365338921354,-0.88510349381936
sp|P11142;sp|P11142|HSP7C;sp|P17066|HSP76;sp|P54652|HSP72,0.310784742717679,-0.585358375102657,1.2938526287636,-0.511139818018188
sp|P11142|HSP7C,0.268939782476324,-0.73925383715077,1.18022993224914,-0.172402635547065
sp|P11387|TOP1,0.00954992321572099,-0.104563509921201,0.0654357774062934,-0.464506515959971
sp|P11387|TOP1;sp|Q969P6;sp|Q969P6|TOP1M,0.131646275412953,0.261424575295156,-0.0536243729308562,-0.246848040420087
sp|P11388;sp|P11388|TOP2A,0.124495326116847,-0.259988082614411,0.203645818058036,-0.974838460421077
sp|P12956;sp|P12956|XRCC6,-0.0364526259924172,-0.766071466891198,-0.174970899904244,-0.429208274918946
sp|P12956|XRCC6,0.25850270745842,-0.059661768942565,0.328082530954671,-0.12144347201881
sp|P13010|XRCC5,0.20829031171515,-0.127788054326447,0.311943102930255,-0.0827147046550998
sp|P16402|H13,0.0138031398591737,0.0292365720406371,-0.234324378264276,-0.37312419006107
sp|P16403|H12,-0.114075679164394,-0.258607882809011,-0.262079739553626,-0.106403310297441
sp|P17040;sp|P17040|ZSC20,2.27741302445634,2.34074503940928,3.38943375324682,2.30554313300554
sp|P17480;sp|P17480|UBF1,-0.237821755602622,0.0553257116919856,-0.440459470833447,-2.72004220922949
sp|P18754;sp|P18754|RCC1,1.98970828868608,1.96235890204767,1.53567524018777,0.194837505190138
sp|P18887|XRCC1,0.283584649019639,-0.105726498348064,1.13033938483107,-0.0982278152729389
sp|P19532|TFE3,-0.618023342673175,-0.179974358233805,1.07482703201526,0.201266949726985
sp|P20585|MSH3,-0.0165124435177064,-1.22442226535577,1.79582196639846,-0.654250631667901
sp|P22415;sp|P22415|USF1,0.473720377446037,0.0433591222509276,1.0514367938318,0.612467298417892
sp|P26368;sp|P26368|U2AF2,0.17505334656571,-0.608724047985044,0.0277661837319346,-0.877538859297409
sp|P26599;sp|P26599|PTBP1,-1.16953375941475,-0.637120699745307,0.596155840700501,-1.11728404336593
sp|P27540;sp|P27540|ARNT,1.17663022997641,0.36138648106289,1.80853792022896,0.741132323197994
sp|P27694|RFA1,-1.26117444575052,-1.07248005264174,0.628908393922494,-0.569916754542005
sp|P27816;sp|P27816|MAP4,1.15603660405849,0.30792959525582,1.2789559710726,0.402753303858097
sp|P29372;sp|P29372|3MG,-0.484314137298712,-0.235362865905261,-0.29551085343508,-0.107320328685657
sp|P30260;sp|P30260|CDC27,-3.51586297978837,-3.37266877076172,-3.52466476712152,-5.1228407008678
sp|P31270|HXA11,-0.0763743990467893,0.0845870143994541,-0.625914467576768,-0.398255404541496
sp|P31943|HNRH1;sp|P52597|HNRPF,-0.21826577706869,-0.0201039242669035,1.33815295634509,-0.398790526692473
sp|P31943|HNRH1;sp|P55795|HNRH2,0.256500327151108,-0.333987671770988,1.33364590832905,-0.221603856429168
sp|P35249;sp|P35249|RFC4,0.0615541199655514,-0.298878576831359,0.545808514013922,0.705012362449813
sp|P35249|RFC4,-0.344519148972419,-0.888610604006681,0.35749245671073,0.175258006903627
sp|P35250;sp|P35250|RFC2,-0.327125309047195,-0.870166941885431,0.439749725997584,0.0965753447603124
sp|P35250|RFC2,-0.193015460380672,-0.345203283689448,0.294513939854576,-0.13336088204619
sp|P35251;sp|P35251|RFC1,0.321590142599825,0.0462678499042937,1.35271077258028,1.01001291808476
sp|P35579;sp|P35579|MYH9,-0.500754696497339,-2.50009670444095,-0.473138882466993,-2.27877240056096
sp|P35579|MYH9,-1.34509772234829,-3.31520251594833,0.0183544822478612,-2.48631431154027
sp|P35579|MYH9;sp|P35580;sp|P35580|MYH10,-1.03486215853776,-1.40922980448355,-0.188473431922951,-2.55257784285399
sp|P35580;sp|P35580|MYH10,-1.21438834819424,-4.02774722669732,-0.00819079545079893,-1.99279037280032
sp|P35659;sp|P35659|DEK,-0.562217730676106,-0.708927613634228,0.118194526041057,-0.0341080396881956
sp|P35659|DEK,-0.357794289636211,-0.458630930260744,0.234872536684895,0.0846812404592989
sp|P36406;sp|P36406|TRI23,-0.00707088617924102,0.115750157049319,0.946672179470975,0.84029658015461
sp|P38159;sp|P38159|RBMX;sp|Q96E39|RMXL1,-1.91264231289348,-1.04957346183424,0.642910918448832,-1.02728858262095
sp|P39880;sp|P39880|CUX1,-0.0359012603252977,-0.18283934433651,1.15487619121259,-0.361672942783035
sp|P40937;sp|P40937|RFC5,-0.212898710711868,-0.624039098569643,0.832476448884711,0.117319999013275
sp|P40937|RFC5,0.202620275415581,-0.110630886383758,0.649197031954216,0.50504939526862
sp|P40938;sp|P40938|RFC3,-0.311967325722747,-0.542195740797398,1.01019754277281,0.38755604202476
sp|P40938|RFC3,-0.842787228134719,-1.17486278741963,-0.355821407047721,-1.07082422774863
sp|P41208|CETN2,-0.951074727818527,-1.0863897351268,-0.829269985706741,-0.00499027338508051
sp|P42166|LAP2A,-0.193100656216387,-0.699079708451887,0.479214212560682,0.067546695818543
sp|P43243;sp|P43243|MATR3,-0.256151522153657,-0.36557185206781,1.31007122469219,-0.636024401630857
sp|P43243|MATR3,-0.227627397609349,0.0207792176445709,1.06380370952111,-0.613206811251942
sp|P43246;sp|P43246|MSH2,-0.44749244233019,-1.76838865075987,1.54200248064103,-0.408618564534754
sp|P43246|MSH2,-0.607998536977342,-1.66733062885609,1.13171569054587,-1.53337852321472
sp|P46013;sp|P46013|KI67,-0.425945680679371,-1.3771367162034,-0.346901523868812,-1.50486391337457
sp|P48382;sp|P48382|RFX5,2.01654034701858,1.61435013965977,3.19451779269779,1.96974980703286
sp|P49454|CENPF,-0.191979843394028,-1.43662109472297,-0.547810955918506,-2.5823343911524
sp|P49916;sp|P49916|DNLI3,-0.582992886317617,-0.475465498557151,0.623500990377011,-0.421421979906208
sp|P49959;sp|P49959|MRE11,-0.878630604655363,-1.29473218841887,0.102542582335703,-0.96440648101788
sp|P51608;sp|P51608|MECP2,-0.146869788473909,-0.865884044927134,-0.731801288177151,-1.27076784802045
sp|P51610;sp|P51610|HCFC1,0.936900023322665,1.45499341155116,2.24709422743958,0.410330479548526
sp|P52272;sp|P52272|HNRPM,-0.113393953590852,-0.323300452104279,1.15777397761869,-0.549782686052522
sp|P53999|TCP4,-0.890348434820119,-0.445887875159069,-0.304937995239783,-0.516059194805303
sp|P54725;sp|P54725|RD23A;sp|P54727|RD23B,-0.0361161205199592,-0.598761935508837,0.0535384935652146,-0.906868724108509
sp|P54727;sp|P54727|RD23B,-0.509796534228766,-0.711765566624845,-0.276689740710698,-0.633048118507053
sp|P54727|RD23B,-0.169394213711396,-0.164501112585203,-0.0167481544642252,0.0216912215945229
sp|P56178;sp|P56178|DLX5;sp|Q07687;sp|Q07687|DLX2,-0.243666833176613,-0.35534987238974,0.605863165903887,-0.0750311333115885
sp|P56270;sp|P56270|MAZ,1.09595424888571,1.04926080863328,2.09039682893873,1.08276216079447
sp|P60709|ACTB;sp|P63261|ACTG,-1.0348636580909,-2.23172263863569,0.00108388487677225,-1.82511494454611
sp|P60709|ACTB;sp|P63261|ACTG;sp|Q6S8J3|POTEE,-1.34503121185484,-3.40946755788914,-0.33652299566382,-1.23725370008257
sp|P61964|WDR5,0.0376017091906191,-0.655161497044485,-0.033072477543056,-0.350543068518361
sp|P61978;sp|P61978|HNRPK,-0.610485395771259,-0.0332354979673538,0.930592275421721,-0.807941335103004
sp|P62736|ACTA;sp|P63267;sp|P63267|ACTH;sp|P68032|ACTC;sp|P68133|ACTS,-0.901419307022582,-2.70441929056115,-0.233644857734445,-1.88426877776348
sp|P62736|ACTA;sp|P63267|ACTH;sp|P68032|ACTC;sp|P68133|ACTS,-1.18026725628262,-1.91934314782639,-0.282481513127819,-1.58202698473534
sp|P62826|RAN,1.77191855715201,1.89925950159232,1.03940243942939,0.373933037571856
sp|P68104|EF1A1;sp|Q05639|EF1A2;sp|Q5VTE0|EF1A3,1.06722564215112,0.588440160321969,1.10321674496864,-0.466104973083852
sp|P68363;sp|P68363|TBA1B;sp|P68366;sp|P68366|TBA4A,0.232895918617596,-0.0453444299108215,1.39039472285832,-0.165578432634959
sp|P68363;sp|P68363|TBA1B;sp|Q71U36;sp|Q71U36|TBA1A;sp|Q9BQE3|TBA1C,0.640757516992907,-0.0418167764374455,1.54903940696473,0.0011351195965511
sp|P68363|TBA1B;sp|Q71U36;sp|Q71U36|TBA1A;sp|Q9BQE3|TBA1C,0.386287762836161,-0.163558950993251,1.29977099290711,-0.317618093099176
sp|P78527;sp|P78527|PRKDC,0.106868341037319,-0.998123910818086,-1.51140504236767,-1.14398300064013
sp|P78527|PRKDC,0.385954513758599,-0.325107549286451,0.530921962865649,0.192833771083039
sp|P78549;sp|P78549|NTH,-0.325569438478473,-1.16029040220057,-0.559101245716014,-0.500105475881248
sp|P81133|SIM1;sp|Q14190;sp|Q14190|SIM2,1.12958838139342,1.12166845791506,2.12937988198724,1.33406664678549
sp|P85037;sp|P85037|FOXK1,1.3287505206576,1.12076499629186,2.8393937823902,1.2037069776143
sp|P85037|FOXK1,1.36818647069831,0.798631510421314,1.88033789378542,0.407527618951862
sp|Q00839;sp|Q00839|HNRPU,-0.756236466813256,-0.467374426337435,0.861377194995561,-0.664572755189854
sp|Q01167;sp|Q01167|FOXK2,1.00325580156258,0.698988395035557,1.68380359384476,0.845411333845424
sp|Q01831;sp|Q01831|XPC,-0.0165987224599317,-0.460286408479153,0.177806818455208,-0.744823869193409
sp|Q01831|XPC,-0.159249090794075,-0.536065631843537,0.0952904231060891,-0.348807552580774
sp|Q02880;sp|Q02880|TOP2B,0.0121421073580965,0.193447368952489,-0.126864578680675,-0.137639784852182
sp|Q06587;sp|Q06587|RING1;sp|Q99496|RING2,-0.298049083696298,-0.0844155367112003,0.546379030325281,-0.0863262464364626
sp|Q08945|SSRP1,0.138843193873612,-0.362922755913912,0.556091288941168,-0.926567835357345
sp|Q09028;sp|Q09028|RBBP4,0.209322088619221,-0.234517922315535,1.55087111935458,-0.227108208979258
sp|Q09028;sp|Q09028|RBBP4;sp|Q16576;sp|Q16576|RBBP7,0.0200780847876295,0.144587376647447,2.56347565586638,-0.474562343232363
sp|Q12800;sp|Q12800|TFCP2,1.73863786242081,1.6406609871532,3.08834457071125,1.53099181462562
sp|Q12830;sp|Q12830|BPTF,-0.205688353344067,-0.518906106342394,2.58333254925805,-0.171867123087413
sp|Q13330;sp|Q13330|MTA1,0.0711614437271979,-0.33754050437138,1.56667458943545,-0.278865439183337
sp|Q13330;sp|Q13330|MTA1;sp|Q9BTC8;sp|Q9BTC8|MTA3,0.479317731610859,-0.427702771697286,2.2801290685413,0.117830222261053
sp|Q13547|HDAC1,0.901571367141967,0.374164601856463,2.06210942082235,0.709033098077759
sp|Q13547|HDAC1;sp|Q92769;sp|Q92769|HDAC2,0.71302614785718,-0.0119227973688512,2.53750192204447,0.26081831588904
sp|Q14119|VEZF1,1.73441287666857,1.51883975547705,2.58810871946798,1.67174137841886
sp|Q14186;sp|Q14186|TFDP1,0.0432651431000054,0.264683736629718,0.764332399555977,0.708334800332912
sp|Q14469|HES1,0.590361486496933,0.437618780985173,1.43696306442296,1.46465583551206
sp|Q14527;sp|Q14527|HLTF,0.019754850329754,-0.673155602987983,-0.0611034058100978,-0.320785019175758
sp|Q14527|HLTF,-0.273221980101032,-0.0772221574270509,0.409543640768163,0.0243258579189826
sp|Q14676;sp|Q14676|MDC1,-0.358047257942795,-3.44781986479323,-0.607587331830963,-2.53489441360479
sp|Q14807;sp|Q14807|KIF22,-0.636887194901598,-1.21275008144877,0.139136410394474,-1.1452623431342
sp|Q14839;sp|Q14839|CHD4,0.223896486751463,-0.762941157389011,0.983775592546708,-0.941748481658685
sp|Q14980,-0.610193028036163,-1.34528646956015,0.550915185525006,-2.59332885629569
sp|Q14980;sp|Q14980|NUMA1,-1.13612700516686,-1.04205571091096,1.04671922220346,-3.29506226389424
sp|Q149N8;sp|Q149N8|SHPRH,-0.751503408631209,-1.45225749805375,0.834325111267322,-2.85506654909775
sp|Q15291;sp|Q15291|RBBP5,0.921402279085536,0.515513308764752,1.93475893758849,0.722275427034484
sp|Q15906;sp|Q15906|VPS72,-0.969403330020191,-1.49049416782923,-0.71557964343329,-0.986049669774028
sp|Q16531;sp|Q16531|DDB1,1.37034746927255,-0.258202755272748,3.44041034193034,1.83895963411938
sp|Q16531|DDB1,1.65453958830902,0.291199665507452,3.26074120749579,1.75371993179216
sp|Q16576;sp|Q16576|RBBP7,0.412562613449538,-0.133761287265997,1.78394104044703,-1.25297250589023
sp|Q2KHR3;sp|Q2KHR3|QSER1,-0.0944728518971552,-0.334326978257221,2.0230554543338,0.66620545269811
sp|Q52LR7|EPC2,1.27618727152092,-0.421408562601139,1.91205293286408,1.04365551548418
sp|Q53EQ6;sp|Q53EQ6|TIGD5,1.70443567009449,2.12552902570653,2.78233994423579,2.39273694390233
sp|Q5PSV4;sp|Q5PSV4|BRM1L,0.0250859379701874,0.0625746623724708,1.68685020721623,0.282075460398317
sp|Q5SSJ5;sp|Q5SSJ5|HP1B3,0.155773658510833,0.0123255767012,0.372725669394731,-0.0997196902231093
sp|Q5T5X7|BEND3,1.79085558805751,1.54858778736192,2.01716198709494,1.39694686896836
sp|Q5UIP0;sp|Q5UIP0|RIF1,-2.42684162594681,-2.07720243550294,-1.82120540190494,-3.65896345263485
sp|Q6DN03|H2B2C;sp|Q6DRA6|H2B2D,-0.622260783286329,0.21072427343491,-0.223625810063873,0.829406494810253
sp|Q6MZP7;sp|Q6MZP7|LIN54,1.76331687069069,2.00877690372285,3.18053293420283,1.89164182821783
sp|Q6NS38;sp|Q6NS38|ALKB2,-0.720618122833346,-0.5962642713518,-0.110763409910436,-0.625767825543788
sp|Q6NT76;sp|Q6NT76|HMBX1,1.81550773342059,0.822250527184481,2.45577979199808,1.22604713803708
sp|Q6PJG2|EMSA1,0.7285438722335,-1.10179553245125,1.30588951888639,-0.0818287918571436
sp|Q6V0L0|CP26C;sp|Q96ST3|SIN3A,1.221857089287,1.21849017446511,2.20977169660564,0.779578356448646
sp|Q6W2J9;sp|Q6W2J9|BCOR,0.360643417288035,0.0822960444060469,0.845131170503818,0.337906604072595
sp|Q6ZRS2;sp|Q6ZRS2|SRCAP,-1.17802501065254,-2.91618547279769,-0.523430000145706,-2.82407493772237
sp|Q86UP3;sp|Q86UP3|ZFHX4,0.280603234000622,-0.377979303305603,1.48760852506784,0.0552836858526523
sp|Q86V81|THOC4,0.0956814183703474,-1.27314036167815,0.554832532960389,0.28944179432315
sp|Q86Y91;sp|Q86Y91|KI18B,-1.35192520901558,-2.7983838469258,0.247708614298196,-3.44403332908027
sp|Q86YP4;sp|Q86YP4|P66A,-0.435854721628398,-2.11037819177578,1.11617516668595,-0.998919174942927
sp|Q8IYH5;sp|Q8IYH5|ZZZ3,0.230883824272672,-0.928893035203498,0.460009612599467,-1.30332708296129
sp|Q8N5C6;sp|Q8N5C6|SRBD1,0.251884151296557,0.2140070191864,1.12714602452655,0.52078003996766
sp|Q8N5C6|SRBD1,0.236949037229631,0.109541595150769,1.30838461784844,0.493382880376994
sp|Q8N9N5,1.0404934222931,1.22725340498666,1.74566349985774,1.15851344776382
sp|Q8N9N5;sp|Q8N9N5|BANP,1.24321186264858,1.13034152251272,1.68298422621533,0.731133645949095
sp|Q8NCY6|MSD4,2.46792211800517,0.818961329717467,2.63669793367219,1.5814903146401
sp|Q8NFW8;sp|Q8NFW8|NEUA,0.151264795027748,-1.06566830359601,0.248945203339331,-0.251667850134336
sp|Q8NFW8|NEUA,0.16393808503539,-0.955934133181147,-0.278777502508018,-0.383690668175998
sp|Q8WXX5|DNJC9,-0.115203613789166,-1.22000388933146,0.171031067803593,-0.540723753756445
sp|Q92466;sp|Q92466|DDB2,0.229530557235111,-0.182380177680857,2.43107681797765,1.09555130583803
sp|Q92522|H1X,0.373312156356524,-0.0894704449174492,-0.379502662994622,0.0199550365548118
sp|Q92618|ZN516,1.13156003883413,-0.101840416730379,1.99849336637415,-0.41979391826671
sp|Q92841;sp|Q92841|DDX17,-0.095917421571967,-0.215951848946666,1.14338826386764,-0.36741223200418
sp|Q96DT7;sp|Q96DT7|ZBT10,2.69281662118858,1.83000343066858,3.65453986577019,1.60640119212208
sp|Q96JM7,0.527824934130911,0.982318784122229,1.78273745970907,0.861019313191718
sp|Q96KM6|Z512B,-0.283884620093898,-0.379443758479219,0.0476666345123631,-0.565865647309708
sp|Q96L91;sp|Q96L91|EP400,0.869664260606593,-0.973057288286074,1.18247606914984,0.119452314804451
sp|Q96MR6|CFA57,0.458461870177304,0.132184687057742,0.26355810194896,0.288534837055449
sp|Q96Q89;sp|Q96Q89|KI20B,-0.0197979158349929,-1.49515777318892,1.3375965060332,-2.79054462246155
sp|Q96ST3|SIN3A,1.61673424719911,1.2389009176768,2.43833375034106,1.48930932109719
sp|Q96T58|MINT,-0.498594889742253,-0.566125923026257,1.94197521371946,-0.318993668884629
sp|Q99583|MNT,0.63415846792602,0.14572331599306,1.25849210873005,0.575606520801469
sp|Q99728;sp|Q99728|BARD1,0.202198501038761,-0.454846191508237,-0.139100037680537,0.0244096465945667
sp|Q99742|NPAS1,1.4221092335911,1.16408230518434,1.66648236464476,1.37453007649538
sp|Q99986|VRK1,2.71697720027863,0.475701681450821,4.78588573987216,3.09683592793043
sp|Q9BQE3|TBA1C,0.361834170025024,0.0959507395181767,1.52803004308723,0.386970324079389
sp|Q9BQW3;sp|Q9BQW3|COE4;sp|Q9H4W6;sp|Q9H4W6|COE3,0.0291384683345976,-0.132305920298497,0.967905759496597,0.307523196850457
sp|Q9BTC0;sp|Q9BTC0|DIDO1,-1.88194409182978,-3.19154038147979,-1.21784190644088,-3.35190851377489
sp|Q9BUH6|PAXX,-0.275375213437763,-0.484192172043324,0.0460124877302721,0.373879475807764
sp|Q9GZN1;sp|Q9GZN1|ARP6,-2.3279750421705,-3.24398647999289,-1.23096224900703,-4.84156418253926
sp|Q9GZN1|ARP6,-2.1408028308291,-2.7252950632041,-1.04716563577286,-3.24029196719017
sp|Q9H0E9;sp|Q9H0E9|BRD8,-0.0534144041612587,0.225284582564776,-0.422994553057782,-1.10093178228037
sp|Q9H147|TDIF1,0.077216879861536,-1.00298732236523,1.13546850180561,-0.440058677111748
sp|Q9H1A4|APC1,-3.72481165329036,-3.91515680387993,-4.26741247143678,-4.81951336477495
sp|Q9H7L9|SDS3,0.614933706374756,0.699246745740505,1.62734594025955,0.829634381737686
sp|Q9H8E8;sp|Q9H8E8|CSR2B,0.506569025603747,-1.36443312119604,0.644981073862557,-1.05149042959565
sp|Q9H967|WDR76,-0.409954247752091,-0.298701600060962,-0.425524302315899,-1.18250175580275
sp|Q9HAP2;sp|Q9HAP2|MLXIP,2.20856857796355,1.61945523028253,2.99724927536113,1.67422254360835
sp|Q9NPF5|DMAP1,-1.55159486158886,-3.7839381745166,-0.850090246050927,-3.39108186105286
sp|Q9NS73;sp|Q9NS73|MBIP1,-0.108366005684822,-1.07596305647406,0.106763481313341,-1.92081162804293
sp|Q9NUW8;sp|Q9NUW8|TYDP1,-0.621557394499292,-0.85507183865579,1.14799044032655,-0.3619253518312
sp|Q9NVE5,0.257063819754141,0.194023993700502,0.583055832215525,0.154348172922913
sp|Q9NZI7;sp|Q9NZI7|UBIP1,1.26383105803997,0.507696422576776,1.90928641691381,0.73773079306517
sp|Q9P2K3;sp|Q9P2K3|RCOR3,0.121475479462091,-1.59034705691358,0.75322739863087,-0.286735294238443
sp|Q9UBL3;sp|Q9UBL3|ASH2L,0.491263745696049,0.522025507422336,1.69410653020982,0.52827760399249
sp|Q9UGN5;sp|Q9UGN5|PARP2,-0.286379635057245,-0.633056647580256,0.113814863881875,-0.441490892576689
sp|Q9UH92;sp|Q9UH92|MLX,0.978025057230408,1.63592583112643,2.58588712952808,0.873553929398192
sp|Q9UHJ3;sp|Q9UHJ3|SMBT1,0.762446130071623,1.09646810640006,2.21936340775015,1.13288695219717
sp|Q9UI36;sp|Q9UI36|DACH1,2.45861409660701,0.150798464184541,3.18555198233646,1.1728612480776
sp|Q9UIG0;sp|Q9UIG0|BAZ1B,0.516871136671347,0.167108653326004,0.348008992738062,-0.198920977073901
sp|Q9UJV9|DDX41,1.93691281197053,-0.336841962550279,0.973276907769719,-0.197600336326014
sp|Q9UJX3;sp|Q9UJX3|APC7,-4.09837459616382,-4.15653498197977,-4.11019916471079,-5.07427938110879
sp|Q9UJX5;sp|Q9UJX5|APC4,-4.82805415333256,-3.23965144925712,-4.96208441407931,-5.94121937167305
sp|Q9UKL0|RCOR1,0.457510052163758,-0.406718344074457,1.59656932198413,0.270261074556132
sp|Q9UKY1|ZHX1,1.05617704868742,0.38149154616104,2.31885975853949,0.628791879457784
sp|Q9ULM3|YETS2,-0.908184713165065,-2.19990789422499,-0.473131763073363,-1.9162637041163
sp|Q9ULW0;sp|Q9ULW0|TPX2,-2.74471594343917,-2.31770533236638,-3.22786521795374,-5.32807704881989
sp|Q9UMN6|KMT2B,1.3633115422025,1.49482547335895,2.17843604443109,1.55965373813157
sp|Q9Y230;sp|Q9Y230|RUVB2,-1.86696678112215,-3.27251427032489,-1.09468207088761,-3.13533267340225
sp|Q9Y230|RUVB2,-1.75172992101119,-3.08373292280698,-0.909566406709598,-3.09370435087145
sp|Q9Y265;sp|Q9Y265|RUVB1,-1.68084510575116,-3.46754223850861,-0.715354240581478,-3.64205899990699
sp|Q9Y265|RUVB1,-1.87650039666107,-2.78105120529448,-0.983576712148819,-3.10168839081896
sp|Q9Y2K7;sp|Q9Y2K7|KDM2A,-1.3376043341662,-2.23870506890291,-1.46726459345539,-2.57023819627119
sp|Q9Y4A0|JERKL,-0.412187018457051,-0.079013745546451,0.0395935376571926,-0.140796299866838
sp|Q9Y4A5;sp|Q9Y4A5|TRRAP,0.214120272888925,-0.174171774743139,1.36149622110781,-0.339265142731582
sp|Q9Y5B9|SP16H,-0.303298330980593,-0.45643926150027,0.147539413805847,-1.16850797980692
sp|Q9Y5J3;sp|Q9Y5J3|HEY1,-0.0327883766002959,-0.381696949304353,0.645650256376902,0.15102874241429
