GeneName,ProteinName,channel.10_1,channel.11_1,channel.12_1,channel.13_1,channel.14_1,channel.15_1,channel.16_1,channel.2_1,channel.3_1,channel.4_1,channel.5_1,channel.6_1,channel.7_1,channel.8_1,channel.9_1
H2B.C,H2B.C,,,,,,,,,,,,,,,
sp|O00287|RFXAP,,13.4108669620546,12.845947606636,11.6370124963663,12.7345767976577,10.6729253299426,11.7495947378605,10.9516358778176,12.6999204637051,12.3134624938649,12.5657276353742,11.0901943293457,11.8833560413606,11.8093151770949,13.0591528374502,13.735349329623
sp|O14734|ACOT8,,11.622362920344,11.8467389639645,11.6720267440401,11.6955260093413,12.4625998228598,12.6664183293868,12.4529536709772,11.1878385499692,12.0763999289023,12.2417843362411,12.0726585651939,12.4760594749522,11.9928951232008,12.4251106407031,12.129487755588
sp|O43829|ZBT14,,12.2385791125131,10.8677665245911,10.5580286536581,10.6037423609514,8.73962113480014,8.82511625452922,9.16096735163309,11.6102328831792,11.3222686202899,10.8982433679174,10.3521119002777,10.9143971649183,10.7035830518181,11.7054932621719,12.0022361476321
sp|O60264|SMCA5,,12.7872439763306,9.88366724675117,10.7367901584392,11.3125456129898,10.6549014377861,10.889167871814,11.6035591920378,10.9980547862835,10.9627510191441,10.85450296506,8.32822445141559,11.1157302195448,10.3391213019413,12.6129074175617,12.5704926797831
sp|O75475|PSIP1,,11.7704457514837,11.467579669606,12.1432663215792,12.3883523089331,11.5831068765342,11.3755468367913,11.3090966967066,11.8147102895917,12.0066319721386,11.7572089970717,11.6852234259594,11.0993541584578,11.5928054297832,12.6057521449285,12.4018603590203
sp|O75478|TAD2A,,10.9696561778776,7.99834819791436,8.39402243930069,10.9511063487944,11.8765211045153,11.9059985409374,11.3999926757881,12.1260456236056,11.2833365428587,12.1107885289049,9.48831343421788,10.2725941657836,10.2445804413293,11.8634111974397,11.8644243228099
sp|O94776|MTA2,,12.2437071581641,7.13427362270788,7.71366738067503,10.548354009981,11.5692452103611,10.9398943748721,11.6051482741622,11.3192194638226,11.0821908715219,11.1314291570029,10.9672414290701,11.2665038202461,10.4478316587641,12.2752907670804,12.682970848463
sp|O95210|STBD1,,16.705575854424,17.19137809783,17.9828172572079,17.4107846794067,17.4488655317552,17.1390423896779,17.7655929706322,17.0903946566715,16.9798966761922,17.1288914730763,16.9909551949455,17.1755096319929,17.260112031017,16.3576194391922,16.3800467746773
sp|O95785,,12.9066288452121,12.336294911711,11.6660396647708,11.6660020539002,11.834146565573,11.865376103153,10.7056837094506,12.0762862212879,11.9787863888574,11.6454289596623,11.3122323094434,11.8976910102286,11.9498948947574,12.2989481722597,12.6567680496578
sp|O96019|ACL6A,,12.4330754139088,10.5458979421334,,10.2118082768622,13.7829604549755,13.9201149461227,13.8712272003292,11.5350067727758,10.9082655191098,11.7209498525359,10.7804375586562,10.2803890656275,10.190775667053,11.6956790546826,12.1027703265149
sp|P04264|K2C1,,11.7940055579233,11.1377720389161,11.8083110309481,11.3065826589098,12.4562579770663,12.3688154370727,10.8105579334775,11.8230129429805,11.2087284647615,11.6358825575969,12.0379983084424,10.9675222391416,11.5362138606501,11.9248762018172,12.053941848683
sp|P04350|TBB4A,,11.9518387277259,10.8914017354412,11.4544740503528,11.2282137799375,10.4455914686609,11.139995272341,10.9711174942177,11.3418316213473,11.971084729573,10.2960777283373,11.4742851070319,10.7370985786537,11.4071224259174,11.6726820425083,12.0434609090554
sp|P06400|RB,,12.9863681202135,12.15652659054,11.8046395934902,11.6752537106681,10.1758426726328,10.5210328923965,9.10325407600346,11.6365002539795,11.9567123110472,12.2284835110894,11.6393039090864,11.5189255185613,12.0313257680097,13.2727870236863,13.1703242392068
sp|P06746|DPOLB,,13.7343349794566,12.4488667805969,13.0153236541633,12.5245952680476,12.4953618146749,12.6628409477141,12.3374445166634,12.3557175351829,11.9771264939237,12.196891787535,12.0558486096054,11.1115249176868,12.0940002244417,13.2456722921492,13.5483600974478
sp|P07437|TBB5,,14.1580633767668,12.6822275655175,12.5143945622002,12.7535672529896,12.8624417327558,12.9038642963187,12.7060050424751,12.9315276909864,13.6853862650491,13.043948563422,12.7134227631719,12.3672203569971,12.802417096587,14.2173520732676,14.1380605897093
sp|P08670|VIME,,13.2196138350336,12.1699399224707,11.1804201719975,11.4224199366816,13.4146161868239,13.4203621554803,13.161076564979,11.817376414282,14.8087589169622,11.9442853179374,11.6667701454829,11.5889499538078,11.745834867437,13.5713345700769,13.4358454246689
sp|P09874|PARP1,,14.2025894852342,13.7901081898548,13.3428662513809,14.0761974590911,13.6926607195494,13.6018363588995,13.6245935689288,13.9646562695521,13.6835522634043,13.9257478076885,13.863592547456,13.8171190366458,13.9658982298279,14.3074408663561,13.7566210930006
sp|P10412|H14,,12.9627684329421,12.9055753267602,12.7636212299339,12.3152925251321,12.60156413137,12.9008575842701,12.9156061549657,13.1100397534063,12.8397685916517,13.4461326183577,12.8958865121906,12.5274298519394,12.6129866865168,12.350391123171,12.7268519904326
sp|P11021|BIP,,11.7976952137819,10.0387827173497,10.0449614977066,10.6201862249708,9.88149573543532,10.1572668721709,10.8492122608996,9.5098169303975,11.4652139440124,10.7483436309827,10.2090263652375,11.0250046384187,10.7800397584715,11.3332227727683,12.181216192473
sp|P11142|HSP7C,,11.738293888487,10.7571869187948,10.5146879322905,10.436592576633,10.0322160487214,10.9934570712194,11.2000022144187,10.8271389195156,11.0779307923438,11.1274249699291,7.98401539734045,10.4907926326666,11.5331057929001,12.1769011110914,11.8511701315286
sp|P11387|TOP1,,12.3924945686613,12.1489037329607,10.8225897000665,12.6544916765047,11.8660709068822,12.6204741066186,12.532959643911,12.3078346592183,12.2216161310935,12.5187036367472,12.5461447664084,11.8835444114206,12.2761249498192,12.4947336029881,12.3285838179813
sp|P12956|XRCC6,,14.1143992560378,13.8471377995056,13.6805217894712,13.9868654929128,14.0398637541621,13.958967880302,13.8800238634819,14.3485269056458,14.0964874010403,14.2093493136351,14.0764121652986,13.7882451268278,13.835212898992,14.4180194983095,14.3306843364627
sp|P13010|XRCC5,,13.7311372804153,13.4615855010721,13.6011077181631,13.4698877019904,13.6968847004709,13.4756645551059,13.6081757796141,13.7609698838035,13.7150803053385,13.9295457811943,13.4662287217109,13.3524135347508,13.5787186157498,13.839897860094,14.1455192034724
sp|P16402|H13,,12.1020490348657,11.8112737706456,12.3438932809314,11.0833847366393,12.3577253091942,12.2032909501486,11.7969080990568,12.2495190833729,12.1413311857344,12.0084835088697,12.3879595298798,12.1672050927647,11.8904694518769,11.691258939693,11.861643249048
sp|P16403|H12,,13.3002337585608,13.0475780274702,13.1295715920379,12.6625283863262,13.3241750779916,12.7910752919964,13.0436375667386,13.0228301572531,12.6414449502678,13.1523857917126,13.0800533946665,12.6551810929061,12.6478298007269,12.4637459897035,12.6086689698015
sp|P18887|XRCC1,,11.6439552011283,11.232500674334,10.5742615152853,11.6402815367019,10.9755038209776,11.3497788825798,11.4164444685826,11.7043712279173,11.4573997468748,11.4307101444068,11.0153177589507,11.090498969706,11.3187309484391,12.9479186806272,12.5408714448777
sp|P19532|TFE3,,11.53255995995,10.7161851584473,11.7020811805399,10.6242863573725,9.74592106150549,10.8196223154017,11.8732084702716,12.1225806250504,10.9876206699454,7.47448052416341,10.6832750794601,10.7321477066687,10.4834059863486,12.1579246687514,11.9727483145232
sp|P20585|MSH3,,13.108918255943,9.78872320471674,10.6120328418805,11.458769062872,11.5058311139816,11.2211041372753,11.0953417532161,11.7123244721261,10.5885588079882,11.4718563938054,9.72231250136371,9.91286012778895,10.5138375792529,13.1363590841201,12.9644655636052
sp|P27694|RFA1,,11.8170935691466,10.7450003985142,10.948310612452,10.8454680393872,11.7694326726589,10.9441283200652,11.5349683212553,9.57163728912101,10.8477935807553,10.0455751068516,10.3786172745052,10.9170233546536,9.73544852689538,12.1251927846638,12.1929681419365
sp|P31270|HXA11,,9.8297896024814,10.7686583296884,11.2614834289217,10.6177316169689,10.7988188296535,11.3381555893619,11.7056651701881,11.2585453207081,10.8122320021132,11.5427390692418,11.4378228249964,11.5586209462513,11.0999568611542,11.0922130514459,11.0428935325459
sp|P35249|RFC4,,12.2986411956677,11.5756366836272,11.867627649403,12.176114589292,12.1138361966533,11.4806809820929,11.4990877228651,11.8342047057787,11.0530381579375,11.1728045909778,10.2392990528909,11.079345115272,11.1091289214284,11.7933530029109,12.0740880731649
sp|P35250|RFC2,,13.184694702067,12.625370537338,13.0865224563233,12.3332210224226,12.3846720768119,12.826506399335,13.2340181860756,12.8042788111479,12.4928510059193,12.5690204640133,12.3787398370617,12.2732790855481,12.7575678885443,12.9045520612177,13.2394917185015
sp|P35579|MYH9,,11.9517676435003,11.0564041333127,7.89637697748586,9.59860931633541,12.0319604609893,12.2412957297623,11.7370771710031,9.57882917787542,13.7386627148146,8.65754830201985,8.89316585510967,8.4681888012866,8.70337115751352,12.3883160590964,11.7253131059017
sp|P35659|DEK,,12.2729049127629,11.4435623116864,12.7251619336402,12.0487817445106,11.8572285890555,12.1847530494485,11.9214806299553,11.8109096676205,11.67628642332,11.4028833086102,11.5732263844312,11.6178734053004,11.3964696879456,12.0196616415582,12.3755133241929
sp|P40937|RFC5,,12.1531265480823,12.3345247198722,12.0770496285355,12.4016675794889,11.9220150466116,11.7236095831892,11.6524691122898,11.8774133520331,11.8678156761092,12.1607255401952,11.9944634683685,11.7413913828458,11.2303462317252,12.4383135993393,12.6542446905318
sp|P40938|RFC3,,12.7382125277811,11.1778667472136,10.929467321115,11.9064344715325,12.662921349658,12.5542613305628,12.0090585428862,11.4040037128922,11.7482979304712,11.5455778953394,11.0427084472794,11.4194786594485,11.2394657541202,11.7026431797226,11.7179212944601
sp|P41208|CETN2,,11.0307437948588,11.3123296531991,12.2249310674114,12.5644443394903,12.5735379343886,11.3747219540747,12.1684159917927,11.0181711017819,10.7483951933902,11.4968854016284,11.347084995363,11.5810373483627,9.92938433114996,11.1931323997359,11.4049897285411
sp|P42166|LAP2A,,11.0807347089549,10.8514084630421,11.0458168532322,10.9828005326224,10.8302450993226,11.2108254777763,10.6363151843421,10.4016026149022,11.019023347365,10.6774578305246,8.98605754125891,10.3760804665195,11.2180086283069,11.3902741393518,11.6440195508163
sp|P43243|MATR3,,13.6372305614076,12.1689481398628,11.8331230460112,12.1035093103543,12.5530680955595,12.7040419186905,12.6880909157342,12.2808561032128,13.1716817035898,11.8097809303535,12.4646738497663,12.7651311916589,12.7777335414927,13.7489013239541,13.7504801731858
sp|P43246|MSH2,,12.9500353869636,10.8848448262009,8.72634073167497,11.0016743679448,11.5431196184046,11.4516023502365,12.2182735268237,11.3318273873638,11.1723085667278,10.8848639304412,10.0882795668512,10.9508965629265,9.1718274791188,13.0612978424831,12.5968093376556
sp|P49454|CENPF,,10.771941472263,9.62886070034173,8.26037715369968,9.93667808342789,12.1952299701708,11.8426631262509,11.5350260145048,11.9557900526833,11.5665242114346,11.4746653166265,11.0848888006313,8.83443224170771,11.3437347844186,11.4499897299375,11.7075550409704
sp|P53999|TCP4,,12.7748505484599,12.2611546068405,11.8986824927012,12.0559438574593,12.5326515696576,12.4291022044047,12.8022047673545,11.5503719204098,11.1971750273743,12.3453662891724,11.9967878626869,11.8813885097451,12.5481185435077,12.2282804495731,11.8460135576645
sp|P54727|RD23B,,11.8836568995638,11.6310735221565,11.684413154761,10.9170945569778,11.631358642203,11.4374948551397,11.098654071769,11.3883431409476,11.0674117915276,11.2035699955023,10.8027909663928,11.1904792413647,11.6807340235985,11.0275194272834,11.2060867788719
sp|P61964|WDR5,,11.6689644359081,11.2286710896937,11.3011120908551,10.7250519558899,11.3405056252249,11.4611877692882,11.5047709474806,11.9309977027885,11.3026711871212,11.1856005796558,10.5929051696799,11.4337254754968,10.3143492056835,11.0647275514812,11.4735549219752
sp|P62826|RAN,,13.4947588494466,12.4038878569516,12.4705090253986,12.3092889185245,12.0821538127739,11.7438709723448,12.2358619030404,13.8980536654702,13.6830530446253,13.7965356495197,14.0710440563566,13.6458444822431,14.0427766543363,12.6504262639481,13.0349088930525
sp|P78527|PRKDC,,13.0848541980799,13.0569664667661,12.7805496509441,12.9650803269459,12.5645671481626,12.9894418059274,12.6700861773169,13.1685674016348,13.2290740061973,12.9843172648506,12.6346519640994,12.1916794013235,12.4224411181247,13.5389013168438,13.1931055050802
sp|P85037|FOXK1,,11.5477097774986,9.61141462199522,10.5775682784332,10.5578911877713,8.66296165861691,10.2281013066236,10.6332282661036,11.5837498190718,11.4583782946174,10.5867225297499,10.3303869528983,10.5750082215969,11.0147905881129,11.6988833452887,11.9187117899131
sp|Q01831|XPC,,14.3994049618239,13.9482272846798,14.0215722664566,13.9681962770207,14.241035757794,14.3190272415714,14.4243554865341,14.5230058966635,13.9261088891235,14.0575564277303,13.7929355016088,13.8834915906414,13.6997944981187,14.4904785237378,14.3804062696562
sp|Q08945|SSRP1,,12.2911351997836,10.9660002378903,10.6064735802029,11.2319762906993,11.9180805252361,12.0720192435143,11.5940538461141,11.91405501609,12.1751501394418,11.9114780409535,11.5891683469274,11.3526375783394,11.5535794218559,12.478620211881,12.4826720700234
sp|Q13547|HDAC1,,12.9057122627384,11.0428043953604,11.7053317002148,11.8769139656877,10.5809645795839,11.3214319475729,10.5955542398728,11.8649163166784,11.615139601978,11.7226089497991,11.5329999269148,11.7144120811432,10.373032564541,12.8193246332232,12.959242133535
sp|Q14119|VEZF1,,12.9018931793858,11.640885779269,11.8719337429062,11.861905241855,11.1347627934513,10.1005044667538,9.1242333685686,11.4589449927366,11.7092011463629,12.3945931196798,11.4569532566477,11.9667742786658,11.4922923598912,12.4821818552099,12.7397517525819
sp|Q14469|HES1,,11.970208697882,11.8265849041402,11.1638221071954,11.4143690737024,10.5417084505894,10.3026246880549,9.16647543985751,10.7530614079199,10.8637354239139,10.1650962061588,10.0999076387243,11.3623522926938,9.86140499003918,11.7337014703639,10.6177876035248
sp|Q14527|HLTF,,12.9227286836737,12.6041847598189,12.588324905085,12.678625346255,12.5748121184961,12.6094188962675,12.6139264226384,12.0533560861781,12.2903210619776,12.6348143489432,12.6013922773755,12.596970050996,12.3681286367494,13.1278773800161,12.9761822960167
sp|Q14980,,13.2908349050939,9.29230578241515,11.3003192734462,10.187691704854,13.1805201208124,12.5886815635128,12.7911016452771,12.322935111766,12.2179892171622,12.1887999165656,11.2242116703033,11.6113769322935,11.6888553183251,13.5803322614607,13.3418817196228
sp|Q16531|DDB1,,13.9349600090916,12.5397428216507,12.5976796556173,12.3673763697356,10.8568746765866,10.9520360445239,10.4347283305166,12.4237571638047,12.3903656360293,12.3931350167202,10.7075711882011,11.0131047420833,11.396562117865,14.0825742325776,14.0083284324453
sp|Q52LR7|EPC2,,11.4060705222625,11.2356959513208,11.5166781878702,10.1837468011978,9.88237254980464,10.7716916870601,9.15109015707145,11.7021665161263,10.9332917659823,10.9982579263903,8.29261482569039,10.2090745172039,10.0392393632384,12.3241512364623,11.8110914338036
sp|Q5T5X7|BEND3,,12.9578561138944,12.8245411251223,11.9986424693541,12.2565565392202,10.9931015670432,11.2339873831534,10.661810576595,12.4277089808578,12.8291095180671,13.0046477920391,13.0145979524836,12.1814605412995,12.3386043950942,12.9351288934329,13.0474004807491
sp|Q6PJG2|EMSA1,,12.0360002453114,11.0753675371314,9.81185737948443,10.8163009544415,10.2601762464064,10.8541035134548,10.8347324867675,11.4996254623907,11.1028087396192,11.5322096613194,8.70864865084363,9.63419592826108,10.3007810701704,11.7460622570783,12.0846183008982
sp|Q86V81|THOC4,,11.9286773499924,10.7354686451232,11.8485108734054,11.3514101586626,10.7805285867205,10.8991081612738,11.3874275462275,11.3720709943691,11.1622579339591,10.8197796210046,9.67983349234841,8.37079549970922,11.1970142171297,11.4216009464599,11.3812835966507
sp|Q8N5C6|SRBD1,,12.6252347867917,11.9121657417525,12.1463580376489,12.033819031062,11.438259336395,11.6248360216871,11.5490988112503,12.2896661274774,10.9964337968526,12.0369413566913,11.4982058858555,11.4875880538749,11.9550250150543,13.1352072017103,12.7769060343758
sp|Q8N9N5,,13.6116689960658,12.6224929291154,13.2501112649334,12.7175021447857,11.7091345301553,12.0098887925882,11.3955426727995,13.1463492288836,12.7097879401978,12.3799090933409,12.8084530711712,13.2069710538196,12.7809020855123,13.2740006845663,13.4658868144841
sp|Q8NCY6|MSD4,,12.7178770914053,11.24553181588,11.3650263387411,11.3000573490921,9.91265786029764,10.1614864772795,9.09200022221584,12.4999497250034,12.2593912365406,11.8105699522645,9.02774961713197,11.1964417339364,11.398837197877,12.0031012111841,12.3552600582202
sp|Q8NFW8|NEUA,,11.5320895132056,10.8730296788291,11.0391825057009,11.0991733861998,11.4327643258435,11.6448897954585,11.0848034539558,11.3247400427681,11.554343201542,11.7751885860539,10.8848473745616,9.51569870608378,10.894109095069,10.8577332189485,10.9363023355797
sp|Q8WXX5|DNJC9,,13.3336564340008,12.6810725212332,12.6995816503556,12.4547292862436,13.1108935942982,13.176154930503,13.1705061943005,12.8784050279002,13.5234348285523,12.7101040212817,11.9846205701583,12.029286979859,11.78363550109,13.2928280819145,13.3441634065972
sp|Q92522|H1X,,11.1276260529178,11.3684209163037,12.1864019671384,11.717967742306,11.5427283591457,11.7171012780384,11.9530958788995,12.5525119089991,11.9736498025987,11.8067002735555,12.0021413920171,11.4865743581732,11.4557984311411,11.5090983610112,11.4376931131709
sp|Q92618|ZN516,,12.3732331228854,10.9015473810579,10.6739378127241,8.42692064776733,11.163683582022,11.008013432518,9.09009058180946,11.9319718660725,10.7826810763017,11.9418147704776,10.6276590425887,10.2522395369866,10.076367766583,12.6277956180551,12.2562389545314
sp|Q96JM7,,11.7864466648197,11.0076822239552,11.2538347206409,9.99158488881915,8.61678917946166,10.5240862939134,10.5291684204651,9.50218069586257,10.0209321353626,11.7304058650077,11.1696653625121,11.3210507372845,10.1262841464102,11.6714292927479,11.5603803153997
sp|Q96KM6|Z512B,,11.3498561443872,10.9683148785361,10.7591372909581,10.3367889239649,11.414034095334,11.1207198780159,11.2270840620384,11.1246651291552,10.6972427817616,11.0882762641897,10.9291278508164,11.0792289030986,10.6151500060356,11.1007263857677,11.4542554087705
sp|Q96MR6|CFA57,,12.3431686423247,12.3637964522364,11.5439477858463,11.7404842927215,11.6584247172163,11.5956626498966,11.5285366525249,12.155002832057,12.1141478493395,11.8888589487733,11.9681551684054,11.6372298501228,11.5737930622829,11.5945604260937,11.6355692570663
sp|Q96ST3|SIN3A,,12.9427973812289,12.0093961669447,11.994064449422,11.8493998939823,10.4803926920979,10.0593171346774,10.8452227202822,11.9938933680964,11.9661387837939,12.2751031367645,11.7242685062592,11.5412778689737,11.836088924855,13.1675396484952,12.5895967683566
sp|Q96T58|MINT,,13.6081066960027,11.4355551525611,11.853345177264,11.3392913735478,11.7119152926211,12.0802616676771,11.7929957497286,11.2409438101643,10.8258414100681,12.0226028205676,11.1708493665588,10.9397737103923,11.7761718639969,13.8511260376327,13.9518656175497
sp|Q99583|MNT,,11.9871770265549,11.4094552325915,11.3888552648996,11.9594627960669,10.8028582970078,11.2646915413531,10.9634038927927,11.5502973539788,11.6752192529973,11.7079125279556,11.3036896095042,10.5927624280215,11.5716716416071,12.7052454053749,12.114007625414
sp|Q99742|NPAS1,,12.2608039691899,12.1207628534354,12.4182850598907,11.9005635156129,11.6593325960183,11.6636110991161,8.99307750431844,12.3305528050619,12.1183956999169,12.1334003952473,12.2852947172585,12.07690616625,11.4460672314974,12.6933331024634,12.3613312217338
sp|Q99986|VRK1,,13.3572880096063,11.5183394693845,12.2207462281288,11.7327040823861,8.30398946943762,8.73074639192167,9.14654613474885,11.4957397181647,11.5474361770425,11.2890377017368,8.88398604629805,9.44191517762353,9.28248581653902,13.5286752203882,13.6529759857302
sp|Q9BQE3|TBA1C,,13.3439567540355,12.189720173459,12.1579768994095,12.1390858979876,11.9548702491706,11.9433991673545,11.4276025820929,12.0638733905043,12.4641462522579,11.8833548659309,12.0289014110352,11.7429600192574,11.8418627868799,13.1080098484203,13.4579955254239
sp|Q9BUH6|PAXX,,12.2564075527977,12.2229885101429,12.6833284534434,12.0137301025611,12.0757020821921,11.8377362918383,11.8849702646936,11.417029571516,11.8214731321621,11.7337802947327,11.5982074388483,11.0852344283675,11.6623902553784,11.5162964683527,12.1637420807646
sp|Q9GZN1|ARP6,,13.8647123374233,11.268779943747,11.6719481235847,12.3453387845542,15.0039383666702,15.0798921364287,14.9231122503574,13.0236126906034,13.0993708591585,12.4615507112072,12.0897228163456,12.3689570444756,12.3723777030228,13.9377342430544,14.0629992656602
sp|Q9H147|TDIF1,,15.5853665397639,13.7346849415967,13.9297297432577,13.9614887519652,14.3737886528702,14.3210855917365,14.2512052235482,14.6328703438675,14.0946627575634,14.4501970063086,13.4438720025631,13.1968306173854,13.2964148811106,15.2204505350161,15.5466678987917
sp|Q9H1A4|APC1,,9.74918317869063,9.57908332079661,8.30115576374576,,13.7354389130433,13.6640468427766,13.8794129653185,9.54780987309411,9.93252697631345,10.6241269118598,9.38747207888431,10.4026242501507,9.74333198046361,8.70946572585707,10.0180124022804
sp|Q9H7L9|SDS3,,12.7716485951817,11.8385760841755,11.9257214427761,11.4891066619955,10.8137447192291,10.671374322056,11.2793820024488,12.0931967997997,11.0917906954642,11.4243146675943,11.7766108084758,11.4138233291673,11.6718071433124,12.5369469595026,12.3379433098283
sp|Q9H967|WDR76,,10.8090226146703,10.4971382640511,11.0039925918577,9.40007807765241,11.8409040258376,12.0146549916212,10.5931551835107,10.9406179739744,10.7076283111677,11.5706051725711,11.3670527253445,11.2417446824003,10.9438119930418,11.0738298931186,11.2892887862329
sp|Q9NPF5|DMAP1,,11.8843639826721,9.41143022595281,8.10709358931675,10.458906454649,12.7822843626015,12.7053170777917,12.663074412684,11.1765144219568,11.1348452008408,11.1845316455129,9.23552949193178,8.60138174552471,8.96195009207088,12.2531475340214,11.4628935982308
sp|Q9NVE5,,11.0912355712557,11.1776406274869,11.1968473433258,9.58790347519917,9.93369378273807,10.6086996751684,10.9569534693366,10.8725100771345,10.8025386623707,10.5954896470003,11.0509746785448,10.435891262683,10.5945529671169,11.5132963389074,10.6439825137267
sp|Q9UJV9|DDX41,,9.94976447976804,10.955426783618,9.04233827868995,8.64393984155527,8.73846640215666,9.86051268391001,10.6355268267746,11.524381772908,11.9923678043706,11.5284947714742,5.52486218102511,11.0135255397126,11.6855923044527,11.1770861738996,11.0274859824827
sp|Q9UKL0|RCOR1,,12.3819419921641,11.3112238806729,10.7352556902523,11.5530028588215,11.0073864817956,10.8258400116126,10.9554727126702,10.8858872004826,11.6251561626874,11.6501859993996,11.2357762251662,9.12018822337004,11.2125797253187,12.571203877428,12.6252613024386
sp|Q9UKY1|ZHX1,,14.0190689794544,12.6815094013778,12.7325172974839,12.4145353876811,12.1864407287428,11.8615947588713,11.8941509605554,13.1980587309634,13.0140029384545,12.8986559248138,11.8845432821596,12.6493408171636,12.5527769873294,14.6478908974751,14.2318058468584
sp|Q9ULM3|YETS2,,11.2573712306882,7.96571702999499,10.6875167974058,11.0096860624375,11.5199574191971,12.2836563855773,11.6080971974128,9.30631098977179,11.111258661214,12.2695872117062,7.86823019926525,9.84061141732305,11.1031457029239,11.1420710624919,11.592873419787
sp|Q9UMN6|KMT2B,,12.206387079238,11.6033540697511,11.2926257898372,12.0635560344212,10.1231785427457,9.95133274692014,10.206063389949,11.2791047509749,11.6105445504655,11.4808600047819,10.9568323166858,11.7662090076796,12.0420097753263,12.4435785411652,12.1659171925048
sp|Q9Y230|RUVB2,,14.6542206734525,12.4368496216634,12.5975270951033,12.4546662556129,15.6459013951117,15.4867884996251,15.6374661302572,14.0743215178354,13.6683550318648,13.7722897122603,12.3881220326177,12.7411724933836,12.3896627305718,14.6934753546996,14.6937607767131
sp|Q9Y265|RUVB1,,12.6961572271906,10.1577849480759,10.3709550476262,10.5660427575105,13.5588634499412,13.4057776295524,13.4352068461759,11.5572689124251,11.6046733708403,11.6084044524208,10.3195139670585,10.6951381242205,11.042042218507,12.2658505437687,12.4871100182637
sp|Q9Y4A0|JERKL,,11.499193305777,10.9701302044331,12.1194485998842,11.0091478731352,11.5740075348212,11.1598977024048,11.7872103398271,10.9494136878127,10.9670140131629,11.3681268207063,10.8965488509932,11.6094101590961,11.7781153303244,11.463473719282,11.6772291649656
sp|Q9Y5B9|SP16H,,12.6082127268001,11.2363535383887,11.111960869209,11.3427306826302,12.5319189473743,12.4195867973806,12.2450632848939,12.2235640753973,11.9541804877927,12.108929473517,11.9588258974236,11.9721299475713,11.896295400153,12.8280806994571,12.2028938448091
H3.2;NA;NA;NA,H3.2;sp|P68431|H31;sp|Q16695|H31T;sp|Q71DI3|H32,,,,,,,,,,,,,,,
H3.2;NA;NA;NA;NA,H3.2;sp|P68431|H31;sp|P84243|H33;sp|Q16695|H31T;sp|Q71DI3|H32,,,,,,,,,,,,,,,
H3.2;NA;NA;NA;NA;NA,H3.2;sp|P68431|H31;sp|P84243|H33;sp|Q16695|H31T;sp|Q6NXT2|H3C;sp|Q71DI3|H32,,,,,,,,,,,,,,,
NA;NA,sp|P54727;sp|P54727|RD23B,,,,,,,,,,,,,,,
NA;NA,sp|Q14527;sp|Q14527|HLTF,,,,,,,,,,,,,,,
NA;NA,sp|P36406;sp|P36406|TRI23,,,,,,,,,,,,,,,
NA;NA,sp|Q9ULW0;sp|Q9ULW0|TPX2,,,,,,,,,,,,,,,
NA;NA,sp|O75528;sp|O75528|TADA3,,,,,,,,,,,,,,,
NA;NA,sp|Q9GZN1;sp|Q9GZN1|ARP6,,,,,,,,,,,,,,,
NA;NA,sp|O94776;sp|O94776|MTA2,,,,,,,,,,,,,,,
NA;NA,sp|Q9H0E9;sp|Q9H0E9|BRD8,,,,,,,,,,,,,,,
NA;NA,sp|P26368;sp|P26368|U2AF2,,,,,,,,,,,,,,,
NA;NA,sp|Q9Y230;sp|Q9Y230|RUVB2,,,,,,,,,,,,,,,
NA;NA,sp|Q92841;sp|Q92841|DDX17,,,,,,,,,,,,,,,
NA;NA,sp|P39880;sp|P39880|CUX1,,,,,,,,,,,,,,,
NA;NA,sp|P26599;sp|P26599|PTBP1,,,,,,,,,,,,,,,
NA;NA,sp|Q2KHR3;sp|Q2KHR3|QSER1,,,,,,,,,,,,,,,
NA;NA,sp|P40937;sp|P40937|RFC5,,,,,,,,,,,,,,,
NA;NA,sp|O95251;sp|O95251|KAT7,,,,,,,,,,,,,,,
NA;NA,sp|Q14676;sp|Q14676|MDC1,,,,,,,,,,,,,,,
NA;NA,sp|Q02880;sp|Q02880|TOP2B,,,,,,,,,,,,,,,
NA;NA,sp|P27540;sp|P27540|ARNT,,,,,,,,,,,,,,,
NA;NA,sp|O95785;sp|O95785|WIZ,,,,,,,,,,,,,,,
NA;NA,sp|Q53EQ6;sp|Q53EQ6|TIGD5,,,,,,,,,,,,,,,
NA;NA,sp|Q9H8E8;sp|Q9H8E8|CSR2B,,,,,,,,,,,,,,,
NA;NA,sp|Q96DT7;sp|Q96DT7|ZBT10,,,,,,,,,,,,,,,
NA;NA,sp|Q5PSV4;sp|Q5PSV4|BRM1L,,,,,,,,,,,,,,,
NA;NA,sp|P31943|HNRH1;sp|P55795|HNRH2,,,,,,,,,,,,,,,
NA;NA,sp|P40938;sp|P40938|RFC3,,,,,,,,,,,,,,,
NA;NA,sp|Q9Y265;sp|Q9Y265|RUVB1,,,,,,,,,,,,,,,
NA;NA,sp|P27816;sp|P27816|MAP4,,,,,,,,,,,,,,,
NA;NA,sp|Q86UP3;sp|Q86UP3|ZFHX4,,,,,,,,,,,,,,,
NA;NA,sp|Q9HAP2;sp|Q9HAP2|MLXIP,,,,,,,,,,,,,,,
NA;NA,sp|P56270;sp|P56270|MAZ,,,,,,,,,,,,,,,
NA;NA,sp|P17040;sp|P17040|ZSC20,,,,,,,,,,,,,,,
NA;NA,sp|Q5SSJ5;sp|Q5SSJ5|HP1B3,,,,,,,,,,,,,,,
NA;NA,sp|O00159;sp|O00159|MYO1C,,,,,,,,,,,,,,,
NA;NA,sp|P60709|ACTB;sp|P63261|ACTG,,,,,,,,,,,,,,,
NA;NA,sp|Q86Y91;sp|Q86Y91|KI18B,,,,,,,,,,,,,,,
NA;NA,sp|O96019;sp|O96019|ACL6A,,,,,,,,,,,,,,,
NA;NA,sp|O00255;sp|O00255|MEN1,,,,,,,,,,,,,,,
NA;NA,sp|Q96L91;sp|Q96L91|EP400,,,,,,,,,,,,,,,
NA;NA,sp|Q14807;sp|Q14807|KIF22,,,,,,,,,,,,,,,
NA;NA,sp|Q9NS73;sp|Q9NS73|MBIP1,,,,,,,,,,,,,,,
NA;NA,sp|Q09028;sp|Q09028|RBBP4,,,,,,,,,,,,,,,
NA;NA,sp|P29372;sp|P29372|3MG,,,,,,,,,,,,,,,
NA;NA,sp|P78527;sp|P78527|PRKDC,,,,,,,,,,,,,,,
NA;NA,sp|Q00839;sp|Q00839|HNRPU,,,,,,,,,,,,,,,
NA;NA,sp|Q14839;sp|Q14839|CHD4,,,,,,,,,,,,,,,
NA;NA,sp|Q96Q89;sp|Q96Q89|KI20B,,,,,,,,,,,,,,,
NA;NA,sp|Q86YP4;sp|Q86YP4|P66A,,,,,,,,,,,,,,,
NA;NA,sp|Q9Y2K7;sp|Q9Y2K7|KDM2A,,,,,,,,,,,,,,,
NA;NA,sp|Q01167;sp|Q01167|FOXK2,,,,,,,,,,,,,,,
NA;NA,sp|Q14980;sp|Q14980|NUMA1,,,,,,,,,,,,,,,
NA;NA,sp|P43243;sp|P43243|MATR3,,,,,,,,,,,,,,,
NA;NA,sp|P17480;sp|P17480|UBF1,,,,,,,,,,,,,,,
NA;NA,sp|Q9Y4A5;sp|Q9Y4A5|TRRAP,,,,,,,,,,,,,,,
NA;NA,sp|P78549;sp|P78549|NTH,,,,,,,,,,,,,,,
NA;NA,sp|P61978;sp|P61978|HNRPK,,,,,,,,,,,,,,,
NA;NA,sp|Q12800;sp|Q12800|TFCP2,,,,,,,,,,,,,,,
NA;NA,sp|Q8IYH5;sp|Q8IYH5|ZZZ3,,,,,,,,,,,,,,,
NA;NA,sp|Q9NUW8;sp|Q9NUW8|TYDP1,,,,,,,,,,,,,,,
NA;NA,sp|O00716;sp|O00716|E2F3,,,,,,,,,,,,,,,
NA;NA,sp|P43246;sp|P43246|MSH2,,,,,,,,,,,,,,,
NA;NA,sp|Q12830;sp|Q12830|BPTF,,,,,,,,,,,,,,,
NA;NA,sp|Q149N8;sp|Q149N8|SHPRH,,,,,,,,,,,,,,,
NA;NA,sp|P18754;sp|P18754|RCC1,,,,,,,,,,,,,,,
NA;NA,sp|Q5UIP0;sp|Q5UIP0|RIF1,,,,,,,,,,,,,,,
NA;NA,sp|Q9NZI7;sp|Q9NZI7|UBIP1,,,,,,,,,,,,,,,
NA;NA,sp|O14593;sp|O14593|RFXK,,,,,,,,,,,,,,,
NA;NA,sp|Q13330;sp|Q13330|MTA1,,,,,,,,,,,,,,,
NA;NA,sp|Q9Y5J3;sp|Q9Y5J3|HEY1,,,,,,,,,,,,,,,
NA;NA,sp|P30260;sp|P30260|CDC27,,,,,,,,,,,,,,,
NA;NA,sp|Q9P2K3;sp|Q9P2K3|RCOR3,,,,,,,,,,,,,,,
NA;NA,sp|Q6V0L0|CP26C;sp|Q96ST3|SIN3A,,,,,,,,,,,,,,,
NA;NA,sp|Q8N5C6;sp|Q8N5C6|SRBD1,,,,,,,,,,,,,,,
NA;NA,sp|P07305;sp|P07305|H10,,,,,,,,,,,,,,,
NA;NA,sp|Q9UBL3;sp|Q9UBL3|ASH2L,,,,,,,,,,,,,,,
NA;NA,sp|O15156;sp|O15156|ZBT7B,,,,,,,,,,,,,,,
NA;NA,sp|Q8N9N5;sp|Q8N9N5|BANP,,,,,,,,,,,,,,,
NA;NA,sp|P11388;sp|P11388|TOP2A,,,,,,,,,,,,,,,
NA;NA,sp|P31943|HNRH1;sp|P52597|HNRPF,,,,,,,,,,,,,,,
NA;NA,sp|O43390;sp|O43390|HNRPR,,,,,,,,,,,,,,,
NA;NA,sp|Q01831;sp|Q01831|XPC,,,,,,,,,,,,,,,
NA;NA,sp|P22415;sp|P22415|USF1,,,,,,,,,,,,,,,
NA;NA,sp|P46013;sp|P46013|KI67,,,,,,,,,,,,,,,
NA;NA,sp|P12956;sp|P12956|XRCC6,,,,,,,,,,,,,,,
NA;NA,sp|P85037;sp|P85037|FOXK1,,,,,,,,,,,,,,,
NA;NA,sp|Q6DN03|H2B2C;sp|Q6DRA6|H2B2D,,,,,,,,,,,,,,,
NA;NA,sp|Q99728;sp|Q99728|BARD1,,,,,,,,,,,,,,,
NA;NA,sp|P35249;sp|P35249|RFC4,,,,,,,,,,,,,,,
NA;NA,sp|Q6MZP7;sp|Q6MZP7|LIN54,,,,,,,,,,,,,,,
NA;NA,sp|Q9UGN5;sp|Q9UGN5|PARP2,,,,,,,,,,,,,,,
NA;NA,sp|P11142;sp|P11142|HSP7C,,,,,,,,,,,,,,,
NA;NA,sp|P48382;sp|P48382|RFX5,,,,,,,,,,,,,,,
NA;NA,sp|Q15291;sp|Q15291|RBBP5,,,,,,,,,,,,,,,
NA;NA,sp|Q6NS38;sp|Q6NS38|ALKB2,,,,,,,,,,,,,,,
NA;NA,sp|Q15906;sp|Q15906|VPS72,,,,,,,,,,,,,,,
NA;NA,sp|O60341;sp|O60341|KDM1A,,,,,,,,,,,,,,,
NA;NA,sp|Q16576;sp|Q16576|RBBP7,,,,,,,,,,,,,,,
NA;NA,sp|Q8NFW8;sp|Q8NFW8|NEUA,,,,,,,,,,,,,,,
NA;NA,sp|Q16531;sp|Q16531|DDB1,,,,,,,,,,,,,,,
NA;NA,sp|P35250;sp|P35250|RFC2,,,,,,,,,,,,,,,
NA;NA,sp|Q6NT76;sp|Q6NT76|HMBX1,,,,,,,,,,,,,,,
NA;NA,sp|Q9UH92;sp|Q9UH92|MLX,,,,,,,,,,,,,,,
NA;NA,sp|Q6W2J9;sp|Q6W2J9|BCOR,,,,,,,,,,,,,,,
NA;NA,sp|Q9UHJ3;sp|Q9UHJ3|SMBT1,,,,,,,,,,,,,,,
NA;NA,sp|P49916;sp|P49916|DNLI3,,,,,,,,,,,,,,,
NA;NA,sp|P07910;sp|P07910|HNRPC,,,,,,,,,,,,,,,
NA;NA,sp|Q9UI36;sp|Q9UI36|DACH1,,,,,,,,,,,,,,,
NA;NA,sp|P49959;sp|P49959|MRE11,,,,,,,,,,,,,,,
NA;NA,sp|P35251;sp|P35251|RFC1,,,,,,,,,,,,,,,
NA;NA,sp|Q92466;sp|Q92466|DDB2,,,,,,,,,,,,,,,
NA;NA,sp|Q9UIG0;sp|Q9UIG0|BAZ1B,,,,,,,,,,,,,,,
NA;NA,sp|O75475;sp|O75475|PSIP1,,,,,,,,,,,,,,,
NA;NA,sp|Q9UJX3;sp|Q9UJX3|APC7,,,,,,,,,,,,,,,
NA;NA,sp|P51608;sp|P51608|MECP2,,,,,,,,,,,,,,,
NA;NA,sp|P35579;sp|P35579|MYH9,,,,,,,,,,,,,,,
NA;NA,sp|P35659;sp|P35659|DEK,,,,,,,,,,,,,,,
NA;NA,sp|Q9BTC0;sp|Q9BTC0|DIDO1,,,,,,,,,,,,,,,
NA;NA,sp|Q9UJX5;sp|Q9UJX5|APC4,,,,,,,,,,,,,,,
NA;NA,sp|Q6ZRS2;sp|Q6ZRS2|SRCAP,,,,,,,,,,,,,,,
NA;NA,sp|P51610;sp|P51610|HCFC1,,,,,,,,,,,,,,,
NA;NA,sp|P52272;sp|P52272|HNRPM,,,,,,,,,,,,,,,
NA;NA,sp|P35580;sp|P35580|MYH10,,,,,,,,,,,,,,,
NA;NA,sp|Q14186;sp|Q14186|TFDP1,,,,,,,,,,,,,,,
NA;NA;NA,sp|P10412|H14;sp|P16401|H15;sp|P16403|H12,,,,,,,,,,,,,,,
NA;NA;NA,sp|Q13547|HDAC1;sp|Q92769;sp|Q92769|HDAC2,,,,,,,,,,,,,,,
NA;NA;NA,sp|P0DMV8;sp|P0DMV8|HS71A;sp|P0DMV9|HS71B,,,,,,,,,,,,,,,
NA;NA;NA,sp|P38159;sp|P38159|RBMX;sp|Q96E39|RMXL1,,,,,,,,,,,,,,,
NA;NA;NA,sp|P54725;sp|P54725|RD23A;sp|P54727|RD23B,,,,,,,,,,,,,,,
NA;NA;NA,sp|O94805|ACL6B;sp|O96019;sp|O96019|ACL6A,,,,,,,,,,,,,,,
NA;NA;NA,sp|B2RPK0|HGB1A;sp|P09429|HMGB1;sp|P26583|HMGB2,,,,,,,,,,,,,,,
NA;NA;NA,sp|P11387|TOP1;sp|Q969P6;sp|Q969P6|TOP1M,,,,,,,,,,,,,,,
NA;NA;NA,sp|P10412|H14;sp|P16402|H13;sp|P16403|H12,,,,,,,,,,,,,,,
NA;NA;NA,sp|P04350|TBB4A;sp|P07437|TBB5;sp|P68371|TBB4B,,,,,,,,,,,,,,,
NA;NA;NA,sp|P68104|EF1A1;sp|Q05639|EF1A2;sp|Q5VTE0|EF1A3,,,,,,,,,,,,,,,
NA;NA;NA,sp|Q06587;sp|Q06587|RING1;sp|Q99496|RING2,,,,,,,,,,,,,,,
NA;NA;NA,sp|A6NKT7|RGPD3;sp|P49792|RBP2;sp|Q7Z3J3|RGPD4,,,,,,,,,,,,,,,
NA;NA;NA,sp|P0DMV8|HS71A;sp|P0DMV9|HS71B;sp|P34931|HS71L,,,,,,,,,,,,,,,
NA;NA;NA,sp|B7ZW38|HNRC3;sp|O60812|HNRC1;sp|P0DMR1|HNRC4,,,,,,,,,,,,,,,
NA;NA;NA,sp|O60264|SMCA5;sp|P28370;sp|P28370|SMCA1,,,,,,,,,,,,,,,
NA;NA;NA,sp|P08670|VIME;sp|P41219;sp|P41219|PERI,,,,,,,,,,,,,,,
NA;NA;NA,sp|P60709|ACTB;sp|P63261|ACTG;sp|Q6S8J3|POTEE,,,,,,,,,,,,,,,
NA;NA;NA,sp|P81133|SIM1;sp|Q14190;sp|Q14190|SIM2,,,,,,,,,,,,,,,
NA;NA;NA,sp|P35579|MYH9;sp|P35580;sp|P35580|MYH10,,,,,,,,,,,,,,,
NA;NA;NA;NA,sp|P0DMV8;sp|P0DMV8|HS71A;sp|P0DMV9|HS71B;sp|P34931|HS71L,,,,,,,,,,,,,,,
NA;NA;NA;NA,sp|P68363|TBA1B;sp|Q71U36;sp|Q71U36|TBA1A;sp|Q9BQE3|TBA1C,,,,,,,,,,,,,,,
NA;NA;NA;NA,sp|P0DMV8;sp|P0DMV8|HS71A;sp|P0DMV9|HS71B;sp|P17066|HSP76,,,,,,,,,,,,,,,
NA;NA;NA;NA,sp|P68363;sp|P68363|TBA1B;sp|P68366;sp|P68366|TBA4A,,,,,,,,,,,,,,,
NA;NA;NA;NA,sp|P10412|H14;sp|P16401|H15;sp|P16402|H13;sp|P16403|H12,,,,,,,,,,,,,,,
NA;NA;NA;NA,sp|P07437|TBB5;sp|P68371|TBB4B;sp|Q13885|TBB2A;sp|Q9BVA1|TBB2B,,,,,,,,,,,,,,,
NA;NA;NA;NA,sp|Q9BQW3;sp|Q9BQW3|COE4;sp|Q9H4W6;sp|Q9H4W6|COE3,,,,,,,,,,,,,,,
NA;NA;NA;NA,sp|P56178;sp|P56178|DLX5;sp|Q07687;sp|Q07687|DLX2,,,,,,,,,,,,,,,
NA;NA;NA;NA,sp|Q09028;sp|Q09028|RBBP4;sp|Q16576;sp|Q16576|RBBP7,,,,,,,,,,,,,,,
NA;NA;NA;NA,sp|P11142;sp|P11142|HSP7C;sp|P17066|HSP76;sp|P54652|HSP72,,,,,,,,,,,,,,,
NA;NA;NA;NA,sp|Q13330;sp|Q13330|MTA1;sp|Q9BTC8;sp|Q9BTC8|MTA3,,,,,,,,,,,,,,,
NA;NA;NA;NA,sp|P62736|ACTA;sp|P63267|ACTH;sp|P68032|ACTC;sp|P68133|ACTS,,,,,,,,,,,,,,,
NA;NA;NA;NA,sp|P07437|TBB5;sp|Q13509|TBB3;sp|Q13885|TBB2A;sp|Q9BVA1|TBB2B,,,,,,,,,,,,,,,
NA;NA;NA;NA,sp|P0CG47|UBB;sp|P0CG48|UBC;sp|P62979|RS27A;sp|P62987|RL40,,,,,,,,,,,,,,,
NA;NA;NA;NA;NA,sp|O15379;sp|O15379|HDAC3;sp|Q13547|HDAC1;sp|Q92769;sp|Q92769|HDAC2,,,,,,,,,,,,,,,
NA;NA;NA;NA;NA,sp|P10412|H14;sp|P16402|H13;sp|P16403|H12;sp|P22492|H1T;sp|Q02539|H11,,,,,,,,,,,,,,,
NA;NA;NA;NA;NA,sp|P68363;sp|P68363|TBA1B;sp|Q71U36;sp|Q71U36|TBA1A;sp|Q9BQE3|TBA1C,,,,,,,,,,,,,,,
NA;NA;NA;NA;NA,sp|P10412|H14;sp|P16401|H15;sp|P16402|H13;sp|P16403|H12;sp|Q02539|H11,,,,,,,,,,,,,,,
NA;NA;NA;NA;NA,sp|P0DMV8;sp|P0DMV8|HS71A;sp|P0DMV9|HS71B;sp|P17066|HSP76;sp|P48741|HSP77,,,,,,,,,,,,,,,
NA;NA;NA;NA;NA,sp|P04350|TBB4A;sp|P07437|TBB5;sp|P68371|TBB4B;sp|Q13509;sp|Q13509|TBB3,,,,,,,,,,,,,,,
NA;NA;NA;NA;NA,sp|P04350|TBB4A;sp|P07437|TBB5;sp|P68371|TBB4B;sp|Q13885|TBB2A;sp|Q9BVA1|TBB2B,,,,,,,,,,,,,,,
NA;NA;NA;NA;NA,sp|P62736|ACTA;sp|P63267;sp|P63267|ACTH;sp|P68032|ACTC;sp|P68133|ACTS,,,,,,,,,,,,,,,
NA;xH4,sp|P62805|H4;xH4,,,,,,,,,,,,,,,
sp|A6NKT7|RGPD3;sp|P49792|RBP2;sp|Q7Z3J3|RGPD4,,10.8056897763333,10.643255656642,11.1023432219322,10.5145662426876,11.0258911870151,10.5350374869437,10.2389781865309,12.1275891846414,11.8818756549663,11.0185923265308,11.8101220240462,11.9008131206703,12.3156245336133,11.65538821381,10.2934268785812
sp|B2RPK0|HGB1A;sp|P09429|HMGB1;sp|P26583|HMGB2,,10.1552635766401,10.2475715123723,11.7015415545165,10.334643080998,10.7866875119585,10.8526369917772,10.9875446486866,9.52598090531875,10.2959510368179,8.50199561644311,10.8388407172578,11.0878810724747,11.3218354824139,11.2964691820971,11.128025307163
sp|B7ZW38|HNRC3;sp|O60812|HNRC1;sp|P0DMR1|HNRC4,,12.9848067815271,11.6481045014581,10.7701613026051,11.2540325004321,12.4323390515944,12.8103551037046,12.7373931218679,11.6202117742608,11.911598734687,11.3582070190402,11.4431815015504,11.4200061345354,11.749747944382,13.6997796717122,13.5861283975704
sp|O00159;sp|O00159|MYO1C,,10.9281293955781,10.7524578213113,11.0361871649644,10.7337588284231,11.8535509900973,11.6088190681288,10.843363233381,9.54977454624838,12.9431783858299,10.411659606153,,9.82539255906533,10.8127730349006,12.3294280346189,11.5174085708252
sp|O00255;sp|O00255|MEN1,,12.4315970670663,10.9869979095722,11.5160319749161,11.700690724048,9.59295483041293,10.8482657460119,9.80372712424835,11.4445812944482,11.5969048966893,11.0987361579089,10.9131820872406,11.7962846535932,11.7074683067688,12.0853607134026,12.1846928405434
sp|O00716;sp|O00716|E2F3,,12.5463927679519,11.5242747830573,11.7911575317875,11.7835228728576,10.2411095182927,10.7371124260397,10.7573387908539,11.7757289896904,11.2655380321881,11.8833009308473,11.463423093336,11.0746134311828,11.7869755653182,12.706087945924,12.4111756280957
sp|O14593;sp|O14593|RFXK,,12.3295359858312,11.1468258557395,11.3993070435531,11.0375634943765,10.0147450015189,8.80388708585549,9.09880840726819,11.2562609955571,11.0009882357399,11.1511497529692,10.503897263064,10.6600772208381,10.8491491994152,11.7249130522082,11.8018440426682
sp|O15156;sp|O15156|ZBT7B,,12.237403216122,10.9011553641353,8.29138463814047,10.4814219607341,8.8777506350363,8.84742827740579,9.137755991539,10.7420646324803,10.2729162373172,10.8361787119369,10.9443236438145,10.5402319820106,10.7856240904716,12.1378277485578,11.9311402687576
sp|O15379;sp|O15379|HDAC3;sp|Q13547|HDAC1;sp|Q92769;sp|Q92769|HDAC2,,13.4011284775633,11.7654427257196,11.6688571993937,12.3083884061817,11.7005636129858,11.4040779458893,11.8912683734855,12.2972022870475,12.6002717213399,12.5813684774923,11.5047153265275,11.7277838453479,11.6095112543154,13.7742005550101,13.7866078153695
sp|O43390;sp|O43390|HNRPR,,14.0610289025828,12.0816446557044,12.158024253282,12.3536425734736,12.9133486743704,13.0899082787625,12.7362607655621,11.9816331008117,13.1695068224101,11.7821616893801,12.4631767382641,12.2383270412349,11.6829911083731,14.1508841192389,13.9502074110421
sp|O60264|SMCA5;sp|P28370;sp|P28370|SMCA1,,12.277830662819,9.97951457847512,10.8773879061994,10.2756098817963,10.6381699496569,11.4425130290672,9.17182962677935,11.2429221918746,11.129266391909,11.2087215862642,10.4496771439795,10.5570896199249,10.4895716148894,12.7643475371659,12.9803999592765
sp|O60341;sp|O60341|KDM1A,,12.2789438095407,11.2297932535942,11.0102646272767,11.1250885649064,10.5336253073943,10.9058184832769,10.4242242267978,11.3218974777698,10.4436396833898,11.2678143161805,10.3381620431837,10.6339283184339,10.5534147300957,12.4589145742001,12.2944994151734
sp|O75475;sp|O75475|PSIP1,,12.8672465693344,12.3173556195769,12.3649384593598,12.5673941036109,12.2075985469974,12.3164681221712,12.4429565425118,12.744832885878,12.4094423180227,13.0212719203543,12.254335939721,12.4288813362938,12.2998135585324,13.0170355111015,12.6836743282266
sp|O75528;sp|O75528|TADA3,,12.0053292574323,8.24023131326721,9.96961536791839,10.2280467069537,11.7528098912648,11.7500198582381,11.0759090828537,11.9690173042887,11.0164198304402,12.0129981641659,10.8405173259201,10.336184180226,11.2328388461678,11.6982510315024,11.7339732970795
sp|O94776;sp|O94776|MTA2,,12.3221652086762,10.2190080954762,9.86318252836125,11.1799600343925,11.2606813170627,11.8928119602026,10.7724990291934,11.2281816459867,10.5725591409265,10.6558648991784,8.40055110927628,7.49434440717714,11.1906400400665,12.8032593164808,12.6172279027857
sp|O94805|ACL6B;sp|O96019;sp|O96019|ACL6A,,10.5958097311224,7.84729761370319,11.0714317481403,10.4292830198245,13.4949981412414,13.4771025084562,13.4525373228559,11.0516151187278,10.4369517056265,12.2092534665667,10.8763415144969,9.19714616738679,9.51152012648256,11.7495140632673,12.230334506839
sp|O95251;sp|O95251|KAT7,,12.0811749499491,11.1878182291372,10.91819187549,10.9611297248489,12.1426677135578,12.1979639352559,11.6596677255779,11.2615688286329,11.3909147894479,11.3089161532499,11.9540239605212,11.4204308337917,11.4209821401605,11.8990630030297,11.7284661554737
sp|O95785;sp|O95785|WIZ,,12.2024989704971,10.868119663484,10.9986200589467,11.4620639647726,11.1008749594831,11.0268532632125,11.0919761090137,11.4086608840997,11.3893134987233,11.4893896837495,11.1890341711358,11.4100873334541,11.217468958176,12.7247093002437,12.2074008619035
sp|O96019;sp|O96019|ACL6A,,11.0491778829236,10.1302291252522,7.31465080357011,6.42206545420094,12.8941356671495,12.8675616486583,12.7852793792086,10.7900001669767,10.7395841967822,10.577575997299,8.46797629751776,8.18013922655698,8.63264084342635,11.4158933021306,11.7739609774375
sp|P04350|TBB4A;sp|P07437|TBB5;sp|P68371|TBB4B,,12.7505685633714,10.5678027886019,11.0643362357894,10.7357056388217,10.9487732925863,11.3023174336148,10.4885536946045,11.5420176468862,12.0702687941394,11.3192399284643,10.4238679061566,11.2577030740105,11.6690143246943,12.5725052410679,12.894264172506
sp|P04350|TBB4A;sp|P07437|TBB5;sp|P68371|TBB4B;sp|Q13509;sp|Q13509|TBB3,,13.0552096706775,11.8190716287242,12.202896432227,11.3872431089145,12.2125269235044,11.8245641910307,11.5279561143226,11.9513377587071,12.7235355250032,12.3277085678805,11.8372437624161,11.8660850008736,12.0078332253106,13.519196955322,13.0650554277562
sp|P04350|TBB4A;sp|P07437|TBB5;sp|P68371|TBB4B;sp|Q13885|TBB2A;sp|Q9BVA1|TBB2B,,13.9155868041875,12.4290847655053,12.2050179446406,13.0847262840614,12.7147968001423,12.9687853451871,12.0852484052877,12.8090751612237,13.4364852210274,12.1454930252474,12.5511822831184,12.7905632675737,12.3214898240772,13.6195180075798,13.6448799230737
sp|P07305;sp|P07305|H10,,15.1733883642815,15.344780572422,15.5988256653968,15.2604628000454,15.4826973503065,15.2054502008933,15.2571292958144,15.2680916095913,14.8377182371954,15.0199990531337,15.2651564766095,14.8309711478533,14.7857875351495,14.6514235267434,15.0739661924841
sp|P07437|TBB5;sp|P68371|TBB4B;sp|Q13885|TBB2A;sp|Q9BVA1|TBB2B,,13.656394055342,11.9841224001246,11.9807725047373,12.2776448462658,12.1934372383407,12.6809402087606,12.555596095313,12.6848744222293,13.2695497894836,12.4873075698596,11.9960875405845,12.4402898054014,13.0051235672546,13.435623396069,13.8234582986727
sp|P07437|TBB5;sp|Q13509|TBB3;sp|Q13885|TBB2A;sp|Q9BVA1|TBB2B,,13.7086047925412,11.2078496154818,11.7041843232097,11.4454172631786,11.4759808914347,12.3856996662237,12.0998316231647,11.7330887376522,12.8847505447268,12.3115804428488,11.4093739585222,11.7071571427086,12.3809796319744,13.3726373710687,13.3478843157974
sp|P07910;sp|P07910|HNRPC,,14.6794504531754,12.7803168560087,12.7075608742671,13.1045194835788,13.8344469204318,13.8578409525767,13.8626007281697,12.7613472306285,13.2836687942893,12.5122843084485,12.7816981031323,12.9246242663552,13.250584972328,14.7506785510911,14.7295137938351
sp|P08670|VIME;sp|P41219;sp|P41219|PERI,,13.0532543839838,11.7232968437646,12.3256540538154,12.1546374742673,13.3624472059461,13.5173681982548,13.104173976398,11.8187371731652,14.9230422215414,11.8351529963912,12.1404240343784,11.7488866078531,11.5057446353442,14.0014568100194,13.6492697953836
sp|P0CG47|UBB;sp|P0CG48|UBC;sp|P62979|RS27A;sp|P62987|RL40,,12.0845254980143,11.5334128669125,11.827954998446,11.6057915960136,11.9996730929566,11.7425780456365,11.8564950058948,11.7364192420148,11.8457090791172,11.8099398593889,11.4471730523978,11.6264465853003,11.5376269797565,12.2157365360362,12.0352452239918
sp|P0DMV8;sp|P0DMV8|HS71A;sp|P0DMV9|HS71B,,13.4110982021666,11.7805384231167,12.1420187475336,12.2062103379701,12.52944952741,12.5419355500187,12.3859915858254,12.6018505102767,12.2910979204544,12.3933220658696,11.6165117752395,11.9245336945804,12.119620404522,13.5662982438035,13.5065129503406
sp|P0DMV8;sp|P0DMV8|HS71A;sp|P0DMV9|HS71B;sp|P17066|HSP76,,12.3741699866024,11.5337321889991,11.2336225824997,11.7102385609776,11.5769733317961,12.0788514024647,11.5065416855027,9.46356482348554,11.2862096270554,11.5000392524074,11.6580241492903,10.8602964939279,10.8805082124596,12.8433422205812,12.7261875484882
sp|P0DMV8;sp|P0DMV8|HS71A;sp|P0DMV9|HS71B;sp|P17066|HSP76;sp|P48741|HSP77,,11.3306021263274,7.49369208725623,10.5378174374513,11.4289883111911,11.372427168933,11.2003214218198,11.2559963596523,10.5470193478689,11.0901804107913,11.3033577906481,10.596520044532,10.1974458826165,10.3956594978691,11.4053097765909,12.0568713160815
sp|P0DMV8;sp|P0DMV8|HS71A;sp|P0DMV9|HS71B;sp|P34931|HS71L,,12.2971473370885,10.9580194442439,11.0794275362799,10.1873206811213,11.2300071164958,10.2828842061593,10.9661752692689,11.7105275174433,10.94191590852,11.0338415482567,10.9751684066748,11.1218894998442,10.7089315144325,12.4481047458814,12.5600157343314
sp|P0DMV8|HS71A;sp|P0DMV9|HS71B;sp|P34931|HS71L,,14.5817544663321,13.5927516313552,13.2464027118173,13.3661492509525,13.4555034130426,13.6618318243908,13.6996864783287,13.42601995746,13.2848312152421,13.644492062209,13.4575868293173,13.3037206257828,13.4650825382423,14.9041171785301,14.7067400421033
sp|P10412|H14;sp|P16401|H15;sp|P16402|H13;sp|P16403|H12,,14.3901424829021,14.4047604787714,14.0518278817198,14.3846191149526,14.6425823734254,14.5654554570401,14.336883904549,14.9211225120712,14.193345029137,14.2925757419472,14.8393152254816,14.1615482619157,14.2395507296885,14.184054566468,14.4667019090324
sp|P10412|H14;sp|P16401|H15;sp|P16402|H13;sp|P16403|H12;sp|Q02539|H11,,12.9056976189737,12.7030896890519,13.3825819952762,13.2775034314162,13.4854099282993,12.9618221613262,13.2933085436342,13.2226854822782,13.401132669668,13.2333827974377,13.3095412196266,12.6653588204526,12.8146871737618,13.240857709613,12.4144375504356
sp|P10412|H14;sp|P16401|H15;sp|P16403|H12,,14.6664472610765,14.2110488381982,14.3489081785806,13.9634264885006,14.2967335112972,13.9925245875623,14.2961854740758,14.5257534155114,14.5406243027588,14.6561263038216,14.3410001145113,13.5698117781052,14.0498827596398,14.060822073052,14.0187797580805
sp|P10412|H14;sp|P16402|H13;sp|P16403|H12,,12.7906223998402,12.9463791341314,13.0973725762657,13.0685120725173,12.2076624570419,11.8848706713167,11.1368740805681,12.9311727314493,12.2878881937699,12.6939768449209,12.6083691206974,12.3728858434515,12.6044579415354,12.2989761690152,13.0071794980199
sp|P10412|H14;sp|P16402|H13;sp|P16403|H12;sp|P22492|H1T;sp|Q02539|H11,,13.5072375597732,13.6890228793526,13.6173998042607,13.6546795296913,13.97793998056,13.7196494011724,13.7058880453843,13.7944136634853,13.5412516978252,13.4284872443948,13.9815340172881,13.4395388974352,13.5877348237786,13.2388198307124,13.3578942436318
sp|P11142;sp|P11142|HSP7C,,12.3000310759534,11.1954185249214,10.2449387383656,9.92772681691613,11.3665168733223,11.4799107113764,11.1769669769625,11.6515676772261,11.5211576623499,11.6161070636127,11.0541340743646,10.5975103837838,10.9672487252896,12.6270987932086,12.5872248601399
sp|P11142;sp|P11142|HSP7C;sp|P17066|HSP76;sp|P54652|HSP72,,13.4652862944543,11.287308681922,11.1918096297799,12.2941697096448,12.0259738250912,12.2171327644797,12.0636008858304,12.6089299463326,12.17608565932,12.4540460979018,12.3142251745997,11.2999564832491,10.9364506922445,13.5778765773888,13.1451024898491
sp|P11387|TOP1;sp|Q969P6;sp|Q969P6|TOP1M,,11.6991848316164,11.4215651426378,11.7265452637434,12.149490284326,11.9124468371194,11.8941672902179,12.2315306846303,12.2415576357594,12.1460976144276,12.0454283880195,12.2482900316824,12.099076054203,12.4750524519676,12.0340947132062,12.1439921483523
sp|P11388;sp|P11388|TOP2A,,12.3748423968746,11.1496992114059,11.4101813585485,11.3955879062574,12.2518876606327,12.3124673689799,12.3156288278624,12.1440658071777,12.1723710974959,12.937032931152,11.7798711036172,11.9837867027073,12.3363618033074,12.8922741071651,12.2238048076095
sp|P12956;sp|P12956|XRCC6,,12.4530510749031,12.518063557881,12.0948356046309,12.7227179653534,12.940461714169,12.8690139517513,12.8137662867019,12.8371106399299,12.8308058009144,12.8459676338005,12.4746730546911,11.8976821446717,11.9526723525857,12.7642298104655,12.8810483675408
sp|P17040;sp|P17040|ZSC20,,13.1414109227831,11.7375540081505,12.3306358156241,12.1536154068862,9.5986590146095,9.43144403273559,10.2750727842991,12.0576811737422,12.0050121186742,12.0747216125969,11.8883225493993,11.9467224134621,12.4923659870107,13.3070393882613,13.0250267803402
sp|P17480;sp|P17480|UBF1,,12.754922008612,10.089022945647,10.0047291963465,10.7134838322214,13.0848232266367,12.9808030588934,12.9017363163733,12.5223383991154,12.9892840883835,12.7422748475966,13.0638642364441,12.9579289769287,13.1115465236065,12.4400806774014,12.4509815033896
sp|P18754;sp|P18754|RCC1,,12.1569407888603,10.4630850925398,10.9700802561566,10.9849211889708,10.8888996613666,11.3038885557645,9.64078580496563,12.7600595353438,12.735532109005,12.3071072438062,12.7063761432189,12.4013037899091,12.6129707951117,12.4122752365376,11.8713837172622
sp|P22415;sp|P22415|USF1,,14.2985212858496,13.5849435429996,14.0023198963601,13.7851229916969,13.2764709104718,13.3004843216634,12.9580293036678,13.754397614044,13.6533685280579,13.5483795260392,13.0201874991109,13.3438849562848,13.3009894471601,14.0139650980526,14.3768085333961
sp|P26368;sp|P26368|U2AF2,,12.3054570951357,11.2433523391135,11.2037156949216,11.7255595985951,12.3328565655289,12.5066855376721,11.9657021073214,11.9281561457342,12.7974672619499,12.6047808425355,11.5061519101157,11.4616978353834,12.0112223210682,12.3592314083021,12.2238542582804
sp|P26599;sp|P26599|PTBP1,,13.2926961303983,11.539594583187,11.6542807334912,11.7940174583497,12.9048888796239,12.4333175846079,13.0015384408938,11.5767387783377,12.0173193349233,11.2370855136205,11.9458935099571,12.1425825438887,12.339906752044,13.4152663704171,13.4202499264118
sp|P27540;sp|P27540|ARNT,,11.7414806703439,10.7654232928342,10.8767189105669,10.0659027118397,9.62784047144358,9.93705423159877,9.91975324260448,11.2337882262399,10.9550970535261,10.8256533558101,9.33759087319386,10.5258273427063,10.7053891729354,11.7747301125286,11.3940509234611
sp|P27816;sp|P27816|MAP4,,12.1639810349423,11.2654462333509,11.2914088562577,11.1030553434149,10.8738907024571,10.5243213603555,11.0534384586366,11.6920746970291,12.4149658187488,11.8127198178467,11.1460914216278,11.4548812542517,10.7744666313371,11.949116164337,12.1754212353877
sp|P29372;sp|P29372|3MG,,12.1507745686784,11.9784797406759,12.1315534786135,11.9665054844585,11.8480238595498,12.1339053060397,12.4165705242154,11.8439166636791,11.471170811992,11.6304698022376,12.0232589446849,11.5807660031893,12.0883861442149,11.6145155301324,11.7466770306889
sp|P30260;sp|P30260|CDC27,,8.7600469205352,8.77359824343864,7.99227607936416,7.27796776856895,12.8479200865981,13.3758494115841,13.188594695793,10.1623809266214,8.71537779562177,9.98701653236688,10.0481969499367,10.6291322692559,8.6170286624974,10.0950210374618,9.98330193461354
sp|P31943|HNRH1;sp|P52597|HNRPF,,14.1684552440996,12.6330705960807,12.563724985649,12.3224776856658,12.7778321509268,12.975571425139,12.9622412714072,12.7900829118451,13.1043833910851,12.1663812133366,12.794447553478,12.8797528615428,12.9811326596514,14.1581124397606,14.403536032648
sp|P31943|HNRH1;sp|P55795|HNRH2,,14.0494125089054,12.8288026796332,12.6976264525372,12.6983905379278,12.8319657993854,13.0610430140115,12.9966224259888,13.0715355721288,13.8631572284766,12.7244394202337,12.2647690290457,12.6526325032439,12.9702666917831,14.5014850007167,14.3396714547507
sp|P35249;sp|P35249|RFC4,,13.2475337727663,13.5286325374059,13.7116279600984,13.2048030048123,12.8521827921693,13.0327860835424,12.4450575392555,13.0361846299615,12.5616323906631,12.9168717542392,12.5817688207436,12.3444587705819,12.5071630931476,13.3979617617769,13.3219564224657
sp|P35250;sp|P35250|RFC2,,12.600968505553,12.1616220783212,12.248802688637,12.3107721759326,12.2067275769948,12.0415679810538,12.1831753505613,11.5154167302377,11.9628711281512,11.9718071230793,11.1302107066328,11.4235339308167,11.2672254455042,12.3798632372909,12.7698883437588
sp|P35251;sp|P35251|RFC1,,12.0526605278403,11.3319533100536,11.2062311746796,11.4165065278351,10.838681196462,8.78906699130077,11.2969040705512,11.3239221319985,10.7435682817301,9.82193227238486,10.1521697292866,10.8881492932451,10.0231367854951,11.7442134167279,11.1859106314866
sp|P35579;sp|P35579|MYH9,,10.9184175763547,10.6477542330373,8.21591201273048,8.21314039408928,12.1416652589596,11.5689083696496,10.2025502129308,11.129370173519,13.0233002048804,8.25818937364858,,8.80625773073553,8.80229808807588,10.3717630375543,11.2035265802299
sp|P35579|MYH9;sp|P35580;sp|P35580|MYH10,,12.0286692444634,9.70459877477383,10.4787115999656,8.2183926779077,12.3041610990119,11.8466722223639,11.9086032598332,9.53852007393501,13.5982390711337,9.81809096052709,10.4316409225954,10.7747368442844,10.6253694008787,11.5778377995119,11.8875092414649
sp|P35580;sp|P35580|MYH10,,12.2222233503785,10.2107230872777,9.49635698797463,10.3979578006237,12.1211177325513,12.1032740169309,11.8590172447949,9.59373181971121,14.2281762907717,8.61833583921137,5.12659116228733,10.1239897011048,8.7495864507929,11.9929336650134,11.8436795925327
sp|P35659;sp|P35659|DEK,,12.1879147599601,12.156667675405,12.0770707844268,12.1858377915773,12.0080425792659,12.2810241351297,12.2328336560782,11.7257140934525,11.3877387870097,11.7217942979832,11.674626673619,11.5642730675452,11.1562177884068,12.3389251523006,12.3496440363362
sp|P36406;sp|P36406|TRI23,,11.8050685075958,12.1827659366313,12.0882074688265,12.9170938073282,11.3674864920117,11.4999088136405,11.7997821666698,10.5261321556022,12.1388218941067,11.9810107640756,11.1516662745822,12.0835604477381,11.7792012211497,12.8821822554683,12.8199432476709
sp|P38159;sp|P38159|RBMX;sp|Q96E39|RMXL1,,12.6321273611049,11.3777351729563,10.4127693716742,10.2535226564067,11.6435616674094,11.5152033149808,11.9671279665098,9.61956415827044,11.1125426293245,8.65585922262466,10.7791289252044,10.1589871423859,11.039056495807,12.4427679432003,11.9797303999414
sp|P39880;sp|P39880|CUX1,,14.0600261820759,12.6219725323239,12.8713745063321,12.3808401255239,12.6382081921841,13.0011310550605,13.3198667452844,13.0264046777151,12.5803605771342,13.2447369567038,12.9219108503151,12.5401270001645,12.94865010904,14.1705626772578,14.1932457068331
sp|P40937;sp|P40937|RFC5,,12.2544626699443,11.2864745112175,11.4684822353566,11.3248775219183,11.3330957901335,11.1690018935514,11.2257765877677,11.0075523783593,10.9562764111528,11.1253493498048,10.4990102727281,10.2295755093016,11.1271711937139,11.8453077554027,12.1255331927597
sp|P40938;sp|P40938|RFC3,,13.1379125709211,11.8463236425636,12.2029723350122,12.0405345353417,11.9607170385214,11.4140880406857,11.5523573076361,10.7195857826568,11.5772171953576,11.6944574316607,11.5102248726994,10.3817334582769,11.4086168334748,12.143302584436,12.6765398598046
sp|P43243;sp|P43243|MATR3,,12.9017308722085,11.5563732993211,11.0318720672652,11.1506513040304,11.9942442955271,11.7502286571187,11.9024969228635,11.6065119565741,12.1553930246699,11.1166103278043,11.0452181728339,11.708393231766,11.796642914706,13.4074348223083,13.268017855069
sp|P43246;sp|P43246|MSH2,,12.7676319283666,10.991561834927,10.4553759561491,11.0632308717844,11.2708624185454,11.4436887767126,11.0214731612067,10.5017221482237,10.9021628173761,10.9896620638743,10.2774097730025,9.84157391199986,8.31187471918273,12.9056211936086,12.6887786764126
sp|P46013;sp|P46013|KI67,,12.9775220103055,11.933731716952,11.7231816085865,11.5749903863462,13.2632812568636,13.2803975296071,13.2028166655377,12.9591574828453,12.5579904144215,12.9515105127035,11.630275513649,11.9212592805238,12.0635505092254,12.9436551846735,12.784613685423
sp|P48382;sp|P48382|RFX5,,13.809632564695,11.9254373978072,12.3362254477569,12.3351396146916,10.2114447980307,10.216596900487,10.2595113406394,12.4010933962658,11.8452876154032,12.4907930685438,12.2208773101754,11.3806653101731,11.9290608377879,13.3741140753548,13.0873597772007
sp|P49916;sp|P49916|DNLI3,,13.9675873482231,12.9402010383254,12.6552286437238,13.4219701566504,13.4367202880441,13.4726423364259,13.3723031539482,12.9402550497441,12.5967026534985,12.9957294162227,12.9818113607647,12.8311841661914,13.0422737557906,14.0609161342619,14.1236652670642
sp|P49959;sp|P49959|MRE11,,12.185134715979,11.1700962929097,11.2823142649229,10.7089145185121,11.3641935301807,12.3194068198047,12.370944169413,9.43394253116028,11.9811068284885,12.0036033457836,10.7577481696197,10.7800321963234,10.6325675881987,12.2320643281173,11.9449732223092
sp|P51608;sp|P51608|MECP2,,10.943012843839,10.8341618335294,10.2717420082774,10.7128891117176,12.2652455517785,11.4693681627404,11.896482783067,12.3401785259519,11.284851883644,11.5654567225681,11.4583568233927,10.9766391798849,10.5984483595269,11.5427543917996,10.9499253974158
sp|P51610;sp|P51610|HCFC1,,11.8585483977877,9.99380021819496,11.109967504023,8.76422830421846,10.6998448874757,8.88157542778379,9.05558427253133,10.3714855611346,10.1785804466674,10.8976386499568,11.2605998928684,11.2070002438759,10.5343846857001,11.7107387808386,11.8090000914833
sp|P52272;sp|P52272|HNRPM,,13.6201018975412,12.0431651236803,11.7491870148984,12.3038363153542,12.4527234519267,12.657260084704,12.6355529754599,12.4047988577691,12.8182693008463,12.1822864927026,11.8227187683672,12.3843292639968,12.5685871234137,13.8630552046233,13.7357013427822
sp|P54725;sp|P54725|RD23A;sp|P54727|RD23B,,11.6104067368827,11.4251795407631,9.90748384935537,10.8088738600933,11.1126780447408,11.8288885969361,11.9205767808604,11.8874692763641,11.0267845416903,11.839541242923,10.8624557026474,10.9060141393352,11.2973877740281,11.9183119188381,11.4940402475121
sp|P54727;sp|P54727|RD23B,,13.6458881428869,13.1050859456932,13.1683180985095,13.2456094700625,13.5908258808512,13.8242636313371,14.0030683575979,13.4937403947115,13.0397402617972,13.3552876105913,13.1387077700797,12.9575862443051,13.1865671555269,13.5107565991738,13.4314439055936
sp|P56178;sp|P56178|DLX5;sp|Q07687;sp|Q07687|DLX2,,13.7923230227135,12.5678768956362,13.0614955992149,13.0738755666138,13.0556346972654,12.9276166151184,12.9450901490159,13.2802145202207,12.5955470309425,12.3215794107067,12.6621914262025,12.4606309181334,12.7394694998946,13.4809314490398,13.4726764873581
sp|P56270;sp|P56270|MAZ,,12.7944184977791,11.6819505367405,11.7946804112608,11.6224954869494,11.3917888744287,11.4096777850431,9.04937329309556,11.8044122357991,11.6148378083582,11.7194526550672,11.4509515973052,11.6176976500576,11.9299731311043,12.4999324341562,12.8276795074483
sp|P60709|ACTB;sp|P63261|ACTG,,13.0147906252285,11.7084026341955,11.1100852938826,11.0322388964707,13.4824820174609,13.5415654842574,12.3020241564688,10.6090253311596,14.7161443959998,10.896310956755,10.6018162615523,10.5877813530885,11.4413061276392,13.2335314713189,13.08100121627
sp|P60709|ACTB;sp|P63261|ACTG;sp|Q6S8J3|POTEE,,12.4677760136367,12.0718802949625,11.3434558536539,11.6427268166818,12.763880589234,13.110261493697,12.8956819826148,9.4914215173258,14.2924710211038,10.9508378915518,11.5987050537587,10.1293316885523,6.81338464956744,12.5534564509378,12.7390226139799
sp|P61978;sp|P61978|HNRPK,,13.7613391448968,12.1364494808459,11.7463889303709,11.789759268736,12.6083676376124,12.8243780892476,12.6636759584018,11.9307819949184,12.7385298840325,11.5956536189971,12.7201271520602,12.5287013934184,12.7478866458812,13.6674432365492,13.459416130081
sp|P62736|ACTA;sp|P63267;sp|P63267|ACTH;sp|P68032|ACTC;sp|P68133|ACTS,,12.4352635978314,10.4732174971439,11.0965812856364,10.5940031085068,12.7694993492875,12.3046023555464,12.7425065197437,11.0506701131566,14.1216370378544,9.9400431524988,9.8073493242047,10.138115173742,9.75788585494746,12.3717018345664,12.3087082189764
sp|P62736|ACTA;sp|P63267|ACTH;sp|P68032|ACTC;sp|P68133|ACTS,,12.5888477947367,12.3437947925467,11.155248892101,11.2029843562878,12.8906330216219,13.5982385284674,12.9592374450522,10.6316161298894,14.6626213441147,10.6130697522896,11.6438870310234,10.7487438339532,11.2974486866856,13.1075114921244,12.9043051688969
sp|P68104|EF1A1;sp|Q05639|EF1A2;sp|Q5VTE0|EF1A3,,11.5270493775992,9.41839006888545,9.48448955619601,10.3344604313192,10.7685977562138,9.77867622885129,10.0883809905872,10.9808866381021,11.672955196244,11.1834900677596,10.3774620352241,10.8708802568574,11.1526331645366,11.0895151837448,11.3287406492141
sp|P68363;sp|P68363|TBA1B;sp|P68366;sp|P68366|TBA4A,,16.8805674075256,15.3157242256897,15.3474333443038,15.4389136842265,15.4473232728117,15.5792534043913,15.572229874922,15.6536004104396,16.0994366695425,15.5444572279957,15.5522794704704,15.353563920853,15.5569298710691,16.9630506184281,16.9263726947462
sp|P68363;sp|P68363|TBA1B;sp|Q71U36;sp|Q71U36|TBA1A;sp|Q9BQE3|TBA1C,,16.0529950990633,14.5562027299608,14.4451768024928,14.6300702698291,14.5946839410717,14.4752987930892,14.5580617093322,15.0270380608104,15.5766977053037,14.9465812283576,14.3133713537898,14.5066395985837,14.6825831618073,16.1599488514417,16.0622187138823
sp|P68363|TBA1B;sp|Q71U36;sp|Q71U36|TBA1A;sp|Q9BQE3|TBA1C,,15.2909291222804,13.7630847871784,13.6054618716476,13.7657346134787,13.9533998706387,14.102747639092,14.0309880418715,14.1877547279201,14.8286519580881,14.2295921541024,13.7670961228499,13.7980787114179,14.0312838643546,15.1840165743701,15.5115028336731
sp|P78527;sp|P78527|PRKDC,,9.8057843431535,11.6091059860909,10.5780247842331,10.5926606586412,12.2521798624049,12.0552515212108,11.9043090472698,12.4764316717637,12.0860130395581,11.9699007426756,11.5797600268504,10.6319498124335,11.0056588591473,11.0293480839249,10.8423928767042
sp|P78549;sp|P78549|NTH,,12.6345188888919,12.2512199893489,12.5992049992871,12.6295024117072,13.0095313034411,13.0134413253306,12.9572711992152,12.7143697780014,12.5795436335358,12.7096221010143,11.9291955325776,11.7037741224555,11.8664029663521,12.2266199216738,12.4418012802731
sp|P81133|SIM1;sp|Q14190;sp|Q14190|SIM2,,14.3949175283358,13.3567809770629,13.506140243076,13.7406687539024,12.2390564451914,12.4484486018683,11.9138849866251,13.3852648167975,13.1786556006309,13.4262347604368,12.9578351028412,13.4480621932282,13.5604981113607,14.2446778896861,14.3499342616247
sp|P85037;sp|P85037|FOXK1,,12.605017685541,11.1356055295745,10.576439465611,10.9116139374192,8.8214423689501,10.997549350821,9.1935462799907,10.951596425753,10.9706833423492,11.0765097936323,11.0009703545316,10.8499791807377,10.5238834533681,12.317511152196,12.6081905091954
sp|Q00839;sp|Q00839|HNRPU,,11.8042626248964,11.0234795179737,10.3849810665538,10.5595456099274,11.5017593262129,11.5041583844953,10.9558067493162,10.8251117776103,10.88489503494,9.98300824703436,10.4977200573093,10.8937439670804,11.1681371566225,12.4268014801392,12.3147919399755
sp|Q01167;sp|Q01167|FOXK2,,11.9442352828584,11.2225209754234,11.0689560810312,11.6409017017899,10.1703538585921,10.684478549558,10.5413123485582,11.4082158931855,11.7437823382268,11.2539139299837,11.2512019666961,11.1647298057838,11.077178169335,12.2329901462593,12.2703301091249
sp|Q01831;sp|Q01831|XPC,,11.7987290910494,11.7832662855803,11.0184911077309,11.2303482436987,12.0780154020202,11.9884329618658,12.2001288807042,12.1956283116407,11.8598958401312,12.1612569254385,11.6837574839751,11.6891472185352,11.5128133166424,12.468436595857,12.5328320130494
sp|Q02880;sp|Q02880|TOP2B,,13.2465699478466,13.4692199320547,13.3952808053183,13.399215446007,13.7872074504622,13.3807335956034,13.5086944918709,13.6884949793761,13.480723666907,13.5438432137276,13.9005115529476,13.6983459263534,13.6581201654929,13.468721808294,13.5807500457539
sp|Q06587;sp|Q06587|RING1;sp|Q99496|RING2,,12.2400901621201,11.5482948334519,11.2772475748881,11.546188452848,11.3694889562945,11.7705996256996,11.4906210185033,10.6749046162486,11.180015727825,11.8816420053349,11.4217658811336,11.9222839080564,11.0334132011738,12.1323693065297,11.8973872228233
sp|Q09028;sp|Q09028|RBBP4,,14.0753264793554,12.1682388380621,12.0637216372735,12.271000136133,12.4389538553223,12.2829456130581,12.462385770026,12.4855128148515,12.6111272972389,12.7156113921737,12.1891275229427,11.7879837386941,12.503620209823,13.8460239521341,13.9155481649806
sp|Q09028;sp|Q09028|RBBP4;sp|Q16576;sp|Q16576|RBBP7,,12.3432599052492,7.15266374025704,10.1396085966749,10.9952400424656,8.54377635424103,10.599875154236,10.5675479006177,10.4510824036696,8.57202278862149,10.7483284711665,10.9985692279816,11.5340383932186,7.61235391783682,12.6834174054058,12.3749490660388
sp|Q12800;sp|Q12800|TFCP2,,12.7511189910622,10.6564263698671,11.5147983005793,11.1188828950321,8.72209665490178,10.7486209712125,9.22641449548736,11.675193725172,11.0381695392494,11.1996824444427,11.0070693066149,11.0863313374085,11.5257144390378,12.4460631496456,12.7649836930276
sp|Q12830;sp|Q12830|BPTF,,13.0374042998364,10.4651192229983,10.5609301148112,9.77184829583493,10.7187691340927,11.4851624718288,9.10956739698518,9.50726779496866,10.4266258107821,10.7625403371237,8.47813446819038,10.4509028538305,10.8277433618586,12.9899407936798,13.0361515571646
sp|Q13330;sp|Q13330|MTA1,,12.9274681233993,11.0396112502105,11.0143842298894,11.337248116204,11.3595192753648,11.5970275318273,11.2712931066618,11.6736843302675,11.2865495002228,11.4810904145451,11.1249367947338,10.8605845854188,11.2296970205872,13.0814683240967,12.9189272346642
sp|Q13330;sp|Q13330|MTA1;sp|Q9BTC8;sp|Q9BTC8|MTA3,,13.7716967917094,11.5740089066715,11.9535548631459,11.6945423141142,11.3220373962248,11.8438069220949,11.7027710988287,12.477389966213,11.9694331212474,11.8597455245206,11.3276304086468,11.1278324471033,11.1300442463064,14.1968643034162,13.7404415276468
sp|Q13547|HDAC1;sp|Q92769;sp|Q92769|HDAC2,,13.5316830506046,11.0487128735979,11.8455134177009,11.1498468247605,11.2487057605727,11.6956543075316,10.3172581002879,12.498939672643,11.7867872171347,11.114969722186,10.8676302726344,11.3467940712036,11.0114254324477,13.7066651803403,13.6357757035808
sp|Q14186;sp|Q14186|TFDP1,,13.5328611223531,13.0266509683912,13.4249313713182,13.5874481076828,12.5138466269186,12.8129650781703,12.5872143413047,12.6653235001087,12.9845829918759,12.393914983709,13.133933700273,12.5267310610353,13.0474124949744,13.2977939546132,13.3763681680952
sp|Q14527;sp|Q14527|HLTF,,11.7040892804235,11.4557855634555,11.2111492710442,12.0987768492392,11.8073595603258,11.7450444621616,12.1756627187787,11.7684079794402,12.0456071223332,11.9733161904819,11.5699420978061,11.610752569168,10.5279052653281,11.8489322781207,11.9917349652916
sp|Q14676;sp|Q14676|MDC1,,11.4242751651454,9.72386784003907,9.25819793054946,10.1819816897685,12.3646845168933,12.2123461601167,12.1917000241614,11.8716961789699,11.8416988587616,11.9811938896115,8.980589616267,8.22733486819467,9.21734662233001,12.0081243027538,11.5135692377793
sp|Q14807;sp|Q14807|KIF22,,11.1007421347343,11.0341061421768,8.54290461185493,10.4460784502846,11.2787329721791,10.8464410272263,11.3337022343136,9.47227861844574,10.9537718883765,11.122164142192,10.5374820020088,9.6516781982894,9.6314657890745,11.6867906028074,11.0887527273608
sp|Q14839;sp|Q14839|CHD4,,12.2553471042131,10.6605702279522,10.2592758753161,11.3826293012596,11.3963205238092,11.8897231334654,11.8416771922293,12.4794036873763,11.8797902807361,11.4402163416459,11.1564121304602,10.5520071299813,11.1304781168955,13.3242539154982,12.4994466074328
sp|Q14980;sp|Q14980|NUMA1,,12.4904516039353,8.10408085610648,7.7096963021193,8.43635929904467,11.1811897806071,11.6458399996381,11.308293468708,10.3434229885087,9.7545456527209,10.628973592223,10.74938659166,9.55182626487476,10.7079432596856,12.5046885667736,12.2803407448547
sp|Q149N8;sp|Q149N8|SHPRH,,12.8758814119791,8.64737435502178,10.031828084898,8.59613210565479,11.7938776969352,12.1062167132793,11.9404397826533,11.2966344443304,11.3063181553881,10.9830713672557,10.8453892952179,10.0156554754894,10.6227169279993,12.5283612335808,12.9392668811099
sp|Q15291;sp|Q15291|RBBP5,,11.9830784854452,10.4580038318064,10.616564150136,11.1017696588651,10.5805728197049,10.2093885519102,9.21954998808884,10.9795419721985,10.7275313194206,11.0666449053415,10.335284459386,10.8852156718595,10.3355511547527,11.9726293133419,11.8580803736824
sp|Q15906;sp|Q15906|VPS72,,11.2772534749715,11.0448814878437,11.2322914851351,11.3789188825062,12.3488252142346,11.9446057633779,12.3208098871947,11.489813019611,10.9573891633249,11.2588286918107,10.0093446290575,10.6974812027773,11.4359325294847,11.8044432115932,11.3858052479427
sp|Q16531;sp|Q16531|DDB1,,14.4389529522145,13.1302339864993,12.4424474904596,12.7998604877221,11.0843849192452,10.9311651243516,10.8401130187261,12.2931762886049,12.0522422681517,12.6212869133839,10.3493285300685,10.4913888346512,11.240337431785,14.1990503133955,14.5388908225038
sp|Q16576;sp|Q16576|RBBP7,,12.5437125467242,10.485517712788,7.59636265001891,11.203520144463,11.263557030394,11.0420114222081,10.7387495723385,11.7753612655178,10.5212474583548,11.9853971414166,11.3255871819487,10.7688215898673,10.5486253913266,12.7953557035706,13.0570728959869
sp|Q2KHR3;sp|Q2KHR3|QSER1,,13.4144505438833,12.0630223092818,12.5094630400029,11.9870638889801,11.9058889673603,11.7754566972746,10.8795872155356,11.2133996863715,11.8503007083522,11.2138139297553,11.5122705724817,10.2428547209062,11.8028266520109,13.6716995535453,13.5439491457432
sp|Q53EQ6;sp|Q53EQ6|TIGD5,,11.334213562672,11.2678752674167,11.4304184943351,10.9744193937894,8.59509631753507,8.78376872865379,9.1156372776453,11.0645121433063,9.93920312000802,10.6040940708033,10.8097409800768,11.2238025768838,10.8375458439932,11.8475037622808,11.6598048315887
sp|Q5PSV4;sp|Q5PSV4|BRM1L,,12.628927309528,10.072733332579,11.3741959183271,11.6498971844944,10.5671978789708,10.6811536827745,11.0022484924604,10.7421861163945,10.6885645379536,10.8951072137681,11.4792916910107,9.66032568306568,11.2987066672467,12.1973494019336,12.4848739643927
sp|Q5SSJ5;sp|Q5SSJ5|HP1B3,,12.1972462165546,11.9539874068537,11.8913789611254,11.9632144318594,12.1371393560475,11.7474549451326,12.2231455693278,12.2671029491861,12.0281032903791,12.2798546064752,11.783059343356,12.1342115111472,12.2274457461084,12.508602879149,12.5200677829885
sp|Q5UIP0;sp|Q5UIP0|RIF1,,12.4550758339628,10.8026510949268,10.3463137410129,10.5680958066139,14.1837011096759,14.2383234174504,14.2719264733317,11.7123017790799,11.8274970453631,11.8736272981745,11.9084364314697,12.1732346791712,12.3806725833083,12.4539544554002,12.3213045053802
sp|Q6DN03|H2B2C;sp|Q6DRA6|H2B2D,,13.3402685992985,13.3753582110727,14.0584370858137,13.5449657478292,13.0325598046295,12.8221748894355,12.6358068662199,12.5592031046901,12.0374540946042,12.0271020111315,13.2382611843826,12.7306634901626,13.1537897060444,11.7365587355361,12.7428367952586
sp|Q6MZP7;sp|Q6MZP7|LIN54,,13.1505744788563,11.9367008899345,10.9849961664713,11.4543306024029,10.7494766402774,8.82851547030728,9.12311006357045,11.2959078140375,10.9743927439332,11.7207522282565,11.028286932769,11.6535141303599,12.0456318221948,12.741055756751,12.3510707411563
sp|Q6NS38;sp|Q6NS38|ALKB2,,13.0800380914027,12.0354833424641,12.2687296779298,12.2410810472133,12.9547405010088,12.48461370548,12.9832433377497,12.3084713149495,11.6101102526867,12.3421616081023,12.3542908525612,11.8533734188713,12.4261404587506,12.4551835599688,12.5550856631358
sp|Q6NT76;sp|Q6NT76|HMBX1,,10.8293653793368,9.89282579635603,10.5457348128156,11.3752103342052,8.81256499686796,10.135335333998,9.18772919839963,11.5161382231903,11.2872722960238,10.7787422103133,11.3871178776234,11.4054229774106,7.809840255785,12.6803802713268,11.9932232545963
sp|Q6V0L0|CP26C;sp|Q96ST3|SIN3A,,13.1248139431084,11.7010193625861,11.3048022179988,11.3389282707701,10.7848147952392,10.5494239177829,10.6717760689869,11.8525286342612,11.7625384274305,12.0565189881783,12.2319025015524,11.5896261850299,11.839956618822,12.8145920722258,12.6959238564918
sp|Q6W2J9;sp|Q6W2J9|BCOR,,12.1766700642776,11.7922948583617,12.0690266920673,12.1766387625742,11.8482559465789,11.4755089608075,11.7004755933989,12.382093108377,11.7808247663091,11.9432528779633,11.6843756980073,11.6777749334614,11.9089780025348,12.7287468829966,12.6542170650226
sp|Q6ZRS2;sp|Q6ZRS2|SRCAP,,11.3541977146745,8.51258799453684,10.2032530876777,8.3421476251633,11.6850742648301,11.6620316897296,12.1831075659852,10.7663805241392,10.6226752218928,10.6070827425553,8.44259848298092,8.20911536189869,10.1299432572723,11.1959718349627,11.4097539704706
sp|Q86UP3;sp|Q86UP3|ZFHX4,,12.7141960355551,11.8864778116841,10.7521684718851,11.6889904381621,11.4641160626332,11.706631979344,10.9910376221961,11.5404024100997,11.8891443646211,11.5740485914545,11.3710405993851,10.6808029617357,10.9760041931357,13.0441788129952,12.8662363908266
sp|Q86Y91;sp|Q86Y91|KI18B,,13.1097329381182,9.37255367651802,8.76719887524916,10.1609175416916,13.2654987796059,12.8370311473811,12.5302401537127,12.1587627744577,10.6452161651636,11.7730155140316,10.248824250214,9.02826053890818,10.9605337508,13.1145058905583,13.1516570949177
sp|Q86YP4;sp|Q86YP4|P66A,,12.1648611024972,10.166872800423,10.8142957273489,10.832446872211,12.0269713889507,11.3544347962993,11.4289667395616,11.0545410236407,11.8722315050841,10.5760362312016,7.19668339090321,11.0207399698161,10.261814988765,13.1495310601816,12.8445062621907
sp|Q8IYH5;sp|Q8IYH5|ZZZ3,,12.4467091247608,11.2096272830364,11.1152056850914,11.0745489849886,12.5560363625625,12.2563614066028,12.4969654328351,12.8314318416001,12.453494831347,12.7170880018712,11.0465051726769,11.5576918098366,11.9184871138763,13.1361703544212,13.1065125606166
sp|Q8N5C6;sp|Q8N5C6|SRBD1,,12.6347302980042,11.9621189451467,11.967334374895,11.9306781276833,11.1089074148702,11.7514230892684,11.4374608236834,11.6088461950536,11.4563082371544,11.9882893495037,11.5248222071106,11.4301936379862,11.9847965402843,12.4962377055768,12.5482613978206
sp|Q8N9N5;sp|Q8N9N5|BANP,,12.0503098940409,11.9543799937312,10.5722010836205,11.5677735339578,10.4344296279121,10.464287932364,11.0022361131861,12.1493763837235,11.966368190829,11.5148446868556,12.0695333958088,11.9785130209241,11.2439318242676,12.6031451141074,12.29645134396
sp|Q8NFW8;sp|Q8NFW8|NEUA,,11.4702372971271,10.0999172179716,11.351798252541,11.1328915947447,10.6230708052125,11.3709120923339,11.3456277181138,10.9717444141567,11.2851804701953,11.5364801163915,11.8536271208956,10.662507272515,7.62647131146156,11.0311366670646,11.5850722614865
sp|Q92466;sp|Q92466|DDB2,,12.7974605412294,11.2203441808131,11.527555174848,11.1091447158951,10.0930581567922,10.1535728579589,10.3237591392909,9.59049881090893,10.5801296692009,11.0883533456375,10.1220063401385,9.91608764018873,9.98515564067226,12.4371997544158,12.6289603123298
sp|Q92841;sp|Q92841|DDX17,,11.8298848659683,9.79239663309536,11.0212566557372,10.6905904711677,10.3523385733479,10.9209501995214,11.3331916831434,9.52678863241129,11.8318724596237,10.9600670992618,11.3462383079416,10.1223159604634,10.4900706407677,11.9861286966069,12.2206316850405
sp|Q96DT7;sp|Q96DT7|ZBT10,,12.7027076799775,10.8560855834121,9.96191821344623,10.6865393148417,8.70732546673171,8.83685602363961,9.14115804496248,11.3051176153369,11.6270249216218,11.8316468619409,10.6451083070114,10.7658496125932,10.7643919077349,12.7204860387347,12.2257654139321
sp|Q96L91;sp|Q96L91|EP400,,12.095062693832,11.8110082196313,10.7591089031492,11.5798828254173,10.6764723755647,11.2727889828936,11.8423816453262,11.956238745956,12.378488579969,12.0659084596793,11.422648913661,10.1503210285125,9.29950119675267,12.5361376045212,12.7078709128808
sp|Q96Q89;sp|Q96Q89|KI20B,,12.801696585248,8.70542649422155,8.11871449915142,8.85551964599327,11.3685087760758,11.3964847594375,11.2863009712375,11.6230503461389,10.9313523323613,11.4374980807457,8.96345934503785,10.4555304643323,10.1468313778139,12.5958835890718,12.6665038505307
sp|Q99728;sp|Q99728|BARD1,,11.6417013936399,11.6586693139881,11.8993195966327,11.4703697977859,11.9569539633436,11.5898114048372,11.4083644004423,12.1268881316942,11.7096549585624,11.7251821814828,11.2256135102052,11.2474292555155,11.1175484283777,11.4717966088922,11.4243316530494
sp|Q9BQW3;sp|Q9BQW3|COE4;sp|Q9H4W6;sp|Q9H4W6|COE3,,14.0765750872553,13.1803321963957,13.564129392681,13.1417986624061,12.8648305328712,12.9374043533774,13.1614557746827,13.3205058392883,12.9074587254665,12.8231415011803,12.8282250989367,12.8255650918021,12.912982709297,13.9782538534875,13.8125789986783
sp|Q9BTC0;sp|Q9BTC0|DIDO1,,11.6368768088399,10.0777554146885,7.39689223900058,11.1371694534197,12.6774660022999,13.1903676579227,12.7997089882108,11.8029864315504,10.2947727766208,10.923951164773,10.4541683943656,7.99702794564922,10.6417251639793,11.653087056997,11.7240530632739
sp|Q9GZN1;sp|Q9GZN1|ARP6,,13.1968137867397,10.4052681972471,8.56685478480998,9.6366574955744,14.5406659961644,14.2586626785898,14.3341443504951,12.3508300672973,11.7905370814999,12.0081807499406,11.3365661863505,11.650217097402,10.4147303015181,13.1447663950958,13.0990060963928
sp|Q9H0E9;sp|Q9H0E9|BRD8,,8.49977031061299,10.0355530650051,8.97924791129481,10.0965343668097,10.5053757723988,11.0277242880019,10.8810306295499,9.44774407867304,11.6043630933157,11.2017803054782,11.8890768382364,9.77700909667125,11.4238985027373,11.3166574666834,11.328719253481
sp|Q9H8E8;sp|Q9H8E8|CSR2B,,12.2546546069015,10.6854988522259,10.4112331619395,10.6074916380042,11.6521732883861,11.7790273061245,11.4274943464459,11.5778179587994,12.0565942919503,12.743989767018,9.96576301280962,10.2937126135552,10.5059199510036,12.5760203073377,11.9629632483049
sp|Q9HAP2;sp|Q9HAP2|MLXIP,,13.0366173608056,11.2129012119646,11.3337787244573,11.601306941759,8.69485490322803,11.248588538362,9.18187580576582,12.1648431117143,11.4921113988964,12.0940704706357,11.6650841101866,11.0700721409653,11.2485286870515,12.351179199603,12.7292705130305
sp|Q9NS73;sp|Q9NS73|MBIP1,,12.7509770017592,9.76568507438765,10.489640935067,10.8916243992736,12.3706478007959,12.1826353509519,12.3561021411093,12.0186365936781,12.0719559598271,12.4936947222973,11.0573114497072,11.112504197653,11.5116804760747,12.2815610431064,12.1971376919314
sp|Q9NUW8;sp|Q9NUW8|TYDP1,,12.3013116275061,10.8639804048632,11.3382107096747,10.3610003148561,10.9082852844622,11.7824478119538,10.9582343884716,10.68179439119,10.8467185448894,10.2557823653103,9.89313937616887,10.2908873766849,10.8997252160664,12.4882732312664,12.3033539470947
sp|Q9NZI7;sp|Q9NZI7|UBIP1,,12.2136434396942,11.0763042699245,10.6371271194337,11.9038405774427,10.9260900782942,8.76206406567638,11.7159254436349,11.8535361352238,11.3084243870303,12.0336122394713,10.7623914127676,11.0265828929728,11.1381945495954,12.514347948835,12.4039474498177
sp|Q9P2K3;sp|Q9P2K3|RCOR3,,12.3963848631746,11.8196158772493,11.2731355996571,11.007377364319,11.0351456799493,12.1639629969486,11.7612260470429,11.5875346746587,11.6812790132976,12.0559474743708,11.3459859455382,11.1698749457638,7.67343266189801,12.4786301008248,12.345001955834
sp|Q9UBL3;sp|Q9UBL3|ASH2L,,12.9863573742334,11.7690271780696,12.098342555288,12.2045156942104,11.7459802285432,11.5297950883292,11.2112772987182,12.1585081764508,11.7703571284047,12.0319785478231,11.9647140067907,11.9473941461297,12.1410209849371,13.3502972135512,13.2327176184354
sp|Q9UGN5;sp|Q9UGN5|PARP2,,12.1128111851942,11.3006404087697,12.0121571726202,11.889502604077,12.1058861624236,12.0837553056538,12.3371313951195,11.8374138316736,11.6785063087072,12.1517138176443,11.8305608499398,11.2445801121014,11.5524619584149,12.2838327911849,12.4715734784634
sp|Q9UH92;sp|Q9UH92|MLX,,12.1797055044682,10.0635860140817,10.4263179691983,9.97128962238259,8.65449150045499,8.86974692646896,10.3162933905441,9.47591091139625,10.7552588210912,10.5434372566718,10.5371043481759,10.868774867069,11.3424300956025,11.798604377236,11.6198833243482
sp|Q9UHJ3;sp|Q9UHJ3|SMBT1,,12.482584922821,11.4882035549054,11.2897803724995,10.9234164682156,10.592434376679,10.6131090161768,9.09719614617319,10.5323328753443,11.0805861963588,10.9771588575408,10.5989940164752,11.3354867719571,11.6576630697969,12.1583784749447,12.3198663645138
sp|Q9UI36;sp|Q9UI36|DACH1,,12.6396042750267,10.4377125572413,11.2813403815854,10.8801740143766,11.1341047758613,8.86029405951781,9.08624437359138,12.647866202015,11.6721045365028,12.1365147602737,7.11127800680495,11.0320829367962,11.3896776579229,13.0414611018714,12.9562337790818
sp|Q9UIG0;sp|Q9UIG0|BAZ1B,,10.2117397750887,9.9264656958165,10.4775630637173,10.668081656599,10.3080558452765,10.6307069963352,10.7301105057427,10.8919975448453,11.052188491683,11.2753007208401,10.6066196192614,10.7331780455105,10.8304016425606,11.2492490923921,11.2519114580879
sp|Q9UJX3;sp|Q9UJX3|APC7,,9.02975026211714,8.95736727375157,7.74130936854566,7.36685505272396,13.1327038209933,13.3208225999802,12.8348434173741,9.57829438356945,8.77139987247068,8.64355179381595,8.95092423179752,8.90739060492914,8.9604500556816,8.95164964125074,8.97637244084731
sp|Q9UJX5;sp|Q9UJX5|APC4,,9.03900680541352,8.88974831239089,5.48709681380199,9.11755659602644,13.6291976930988,14.1862742992184,13.5025878449213,9.55872218851475,8.72029167524472,8.55488351348134,10.1422266160332,10.9238487230276,10.5330301504063,8.60933800437152,8.78346178521551
sp|Q9ULW0;sp|Q9ULW0|TPX2,,8.70422115988394,8.71569839670704,7.18202708237584,,13.263760030416,13.3374842927117,13.2295750419562,9.42599531709521,10.8131427513678,11.3575334663035,10.7199423047501,11.4574145306616,10.7003465325732,10.7622596734821,10.6807428778567
sp|Q9Y230;sp|Q9Y230|RUVB2,,11.9196387162485,10.4051138526956,8.51579594731701,10.469642315005,13.0076714187446,12.9362394342371,12.8526392822425,10.6786724592485,11.1208771719484,11.396100160661,10.1461729827427,9.18615465553308,9.64667968597381,11.656448663868,11.936416542445
sp|Q9Y265;sp|Q9Y265|RUVB1,,13.7016425488055,10.8565047734768,10.7673995214443,10.7724529996738,14.4105532581358,14.6117802133038,14.3002008228762,12.323196272727,12.8639509312683,13.092851773067,11.0428115757651,10.4895715950955,11.3875244079293,13.7883431086595,13.6864859151064
sp|Q9Y2K7;sp|Q9Y2K7|KDM2A,,11.0080112080962,10.2303635233942,8.20668451953461,10.9248056556071,12.1718216072948,12.6812257472313,12.2195209328233,11.9535876026165,9.86493203739691,11.2412356448375,11.6310216475328,7.80995314872219,10.9154782843857,10.9118906220481,10.7508726768391
sp|Q9Y4A5;sp|Q9Y4A5|TRRAP,,11.6818299150991,11.3797816823885,10.2162974382915,9.03899480047348,10.163741718783,11.0529336717774,10.4361939587879,10.2484176686422,10.591683500566,11.4551289988067,10.6711672298069,10.4461389051798,10.0130478901321,12.3337747166908,11.7217533808818
sp|Q9Y5J3;sp|Q9Y5J3|HEY1,,12.5298940364147,12.1182801751086,11.5364755629701,11.6611074512728,11.2817200261781,11.7436270493362,11.8374298865943,11.8307725517248,11.3457284945387,11.5879107860442,11.6960443307665,10.5946925497397,11.4269492336893,12.0000037868143,12.2698299080103
,sp|P12956|XRCC6,,,,,,,,,,,,,,,
,sp|Q01831|XPC,,,,,,,,,,,,,,,
,sp|P16403|H12,,,,,,,,,,,,,,,
,sp|Q9UMN6|KMT2B,,,,,,,,,,,,,,,
,sp|O94776|MTA2,,,,,,,,,,,,,,,
,sp|Q14527|HLTF,,,,,,,,,,,,,,,
,sp|Q9H147|TDIF1,,,,,,,,,,,,,,,
,sp|P13010|XRCC5,,,,,,,,,,,,,,,
,sp|P54727|RD23B,,,,,,,,,,,,,,,
,sp|O95210|STBD1,,,,,,,,,,,,,,,
,sp|Q9H1A4|APC1,,,,,,,,,,,,,,,
,sp|O95785,,,,,,,,,,,,,,,
,sp|Q52LR7|EPC2,,,,,,,,,,,,,,,
,sp|Q9H7L9|SDS3,,,,,,,,,,,,,,,
,sp|P16402|H13,,,,,,,,,,,,,,,
,sp|P27694|RFA1,,,,,,,,,,,,,,,
,sp|P40937|RFC5,,,,,,,,,,,,,,,
,sp|Q9Y230|RUVB2,,,,,,,,,,,,,,,
,sp|Q9H967|WDR76,,,,,,,,,,,,,,,
,sp|Q9Y265|RUVB1,,,,,,,,,,,,,,,
,sp|Q96JM7,,,,,,,,,,,,,,,
,sp|P40938|RFC3,,,,,,,,,,,,,,,
,sp|Q08945|SSRP1,,,,,,,,,,,,,,,
,sp|Q86V81|THOC4,,,,,,,,,,,,,,,
,sp|Q9NPF5|DMAP1,,,,,,,,,,,,,,,
,sp|Q96KM6|Z512B,,,,,,,,,,,,,,,
,sp|P41208|CETN2,,,,,,,,,,,,,,,
,sp|Q96MR6|CFA57,,,,,,,,,,,,,,,
,sp|P61964|WDR5,,,,,,,,,,,,,,,
,sp|P42166|LAP2A,,,,,,,,,,,,,,,
,sp|P78527|PRKDC,,,,,,,,,,,,,,,
,sp|Q9Y4A0|JERKL,,,,,,,,,,,,,,,
,sp|O96019|ACL6A,,,,,,,,,,,,,,,
,sp|O00287|RFXAP,,,,,,,,,,,,,,,
,sp|P04264|K2C1,,,,,,,,,,,,,,,
,sp|Q14980,,,,,,,,,,,,,,,
,sp|P43243|MATR3,,,,,,,,,,,,,,,
,sp|Q5T5X7|BEND3,,,,,,,,,,,,,,,
,sp|P10412|H14,,,,,,,,,,,,,,,
,sp|Q9NVE5,,,,,,,,,,,,,,,
,sp|Q9Y5B9|SP16H,,,,,,,,,,,,,,,
,sp|P04350|TBB4A,,,,,,,,,,,,,,,
,sp|Q96ST3|SIN3A,,,,,,,,,,,,,,,
,sp|P06400|RB,,,,,,,,,,,,,,,
,sp|P06746|DPOLB,,,,,,,,,,,,,,,
,sp|O14734|ACOT8,,,,,,,,,,,,,,,
,sp|P43246|MSH2,,,,,,,,,,,,,,,
,sp|Q96T58|MINT,,,,,,,,,,,,,,,
,sp|P18887|XRCC1,,,,,,,,,,,,,,,
,sp|P31270|HXA11,,,,,,,,,,,,,,,
,sp|P19532|TFE3,,,,,,,,,,,,,,,
,sp|Q8N5C6|SRBD1,,,,,,,,,,,,,,,
,sp|Q99583|MNT,,,,,,,,,,,,,,,
,sp|P20585|MSH3,,,,,,,,,,,,,,,
,sp|P62826|RAN,,,,,,,,,,,,,,,
,sp|Q8N9N5,,,,,,,,,,,,,,,
,sp|P07437|TBB5,,,,,,,,,,,,,,,
,sp|O43829|ZBT14,,,,,,,,,,,,,,,
,sp|P11021|BIP,,,,,,,,,,,,,,,
,sp|P85037|FOXK1,,,,,,,,,,,,,,,
,sp|P35249|RFC4,,,,,,,,,,,,,,,
,sp|O60264|SMCA5,,,,,,,,,,,,,,,
,sp|Q99742|NPAS1,,,,,,,,,,,,,,,
,sp|Q8NCY6|MSD4,,,,,,,,,,,,,,,
,sp|Q99986|VRK1,,,,,,,,,,,,,,,
,sp|P49454|CENPF,,,,,,,,,,,,,,,
,sp|Q9BQE3|TBA1C,,,,,,,,,,,,,,,
,sp|Q8NFW8|NEUA,,,,,,,,,,,,,,,
,sp|Q16531|DDB1,,,,,,,,,,,,,,,
,sp|P11387|TOP1,,,,,,,,,,,,,,,
,sp|Q8WXX5|DNJC9,,,,,,,,,,,,,,,
,sp|Q6PJG2|EMSA1,,,,,,,,,,,,,,,
,sp|P35250|RFC2,,,,,,,,,,,,,,,
,sp|P08670|VIME,,,,,,,,,,,,,,,
,sp|P11142|HSP7C,,,,,,,,,,,,,,,
,sp|Q13547|HDAC1,,,,,,,,,,,,,,,
,sp|P53999|TCP4,,,,,,,,,,,,,,,
,sp|Q9UJV9|DDX41,,,,,,,,,,,,,,,
,sp|P09874|PARP1,,,,,,,,,,,,,,,
,sp|P35579|MYH9,,,,,,,,,,,,,,,
,sp|Q9UKL0|RCOR1,,,,,,,,,,,,,,,
,sp|O75475|PSIP1,,,,,,,,,,,,,,,
,sp|Q92522|H1X,,,,,,,,,,,,,,,
,sp|P35659|DEK,,,,,,,,,,,,,,,
,sp|Q9UKY1|ZHX1,,,,,,,,,,,,,,,
,sp|Q9ULM3|YETS2,,,,,,,,,,,,,,,
,sp|Q92618|ZN516,,,,,,,,,,,,,,,
,sp|Q9BUH6|PAXX,,,,,,,,,,,,,,,
,sp|Q9GZN1|ARP6,,,,,,,,,,,,,,,
,sp|Q14119|VEZF1,,,,,,,,,,,,,,,
,sp|Q14469|HES1,,,,,,,,,,,,,,,
,sp|O75478|TAD2A,,,,,,,,,,,,,,,
