GeneName,ProteinName,1_E113A_1,2_E113A_1,3_E113A_1,1_E113Q_1,2_E113Q_1,3_E113Q_1,1_E56A_1,2_E56A_1,3_E56A_1,1_E56Q_1,2_E56Q_1,3_E56Q_1,1_WT_1,2_WT_1,3_WT_1
,sp|A6NKT7|RGPD3;sp|P49792|RBP2;sp|Q7Z3J3|RGPD4,13424.2296904252,11321.9760435251,6223.69146955353,10772.6422217961,11471.5730980227,15293.0340212882,9677.04405484752,3764.88316491208,5369.79864830044,4798.00237812237,6595.68014713422,4388.55034764301,6255.25805664497,4451.26595884809,3625.44076585077
,sp|B2RPK0|HGB1A;sp|P09429|HMGB1;sp|P26583|HMGB2,2211.70523218728,3771.47601985334,1087.61943186638,5494.61704226534,6529.89271407467,7679.50700532895,7545.6615845561,6714.14420475939,3421.05617219226,3647.09992642164,9991.62804054321,3873.99286560275,5299.53481621828,5547.41327301732,6091.18475711717
,sp|B7ZW38|HNRC3;sp|O60812|HNRC1;sp|P0DMR1|HNRC4,9443.94729602625,11557.6561627059,7875.5748679319,8353.37796799878,8220.26185020196,10331.1300242747,39917.7330867071,36893.8032443767,24318.5448154601,9628.31083362118,5239.1745157593,7326.93956797847,16581.6683860317,21548.7655487965,20486.0699347754
,sp|O00159;sp|O00159|MYO1C,1498.98948331153,15751.2465347012,2724.28062525831,0,1814.54555199319,3597.48519622568,10293.3718840201,5862.93997385883,3896.94916225365,3450.18455739476,4200.03945421012,3405.75473619467,7401.23849197879,6246.44254115988,3674.57894967213
,sp|O00255;sp|O00255|MEN1,11182.5542406587,12481.2138403757,8795.46735366167,7732.74328204259,14239.6755520633,13386.5874219368,17382.9635155916,19174.6383459253,22160.0903199257,8232.73835364594,11877.6980351207,13317.2243999119,3954.1077076914,7401.70178282283,3967.21389090543
,sp|O00287|RFXAP,25656.3536753173,19982.1285648671,20697.8063444475,13333.1021781151,11686.142529455,14051.3896614522,35992.4292098036,44362.6633476922,46145.8366426907,20178.3290204948,24555.6150355024,22724.1089597341,6194.84894218149,9079.40182014858,7553.42078592335
,sp|O00716;sp|O00716|E2F3,17165.5110280218,12402.0277807444,15736.9485042275,11295.2874072804,12318.3092749277,17596.6573835713,32279.6264261295,32243.3220261091,28796.4188138288,17979.1301642626,17907.2118132673,16662.1848641216,4947.05752878514,7248.62336654509,7106.17962410842
,sp|O14593;sp|O14593|RFXK,4892.17736986761,4098.80669174997,4548.41996789151,2904.14397633678,3236.18242673566,3689.34553534404,6769.87298991382,7140.67154008134,10294.142125489,4534.80831916648,5402.10903389796,4204.04819889064,2069.03882441275,893.848852500858,1096.58992398442
,sp|O14734|ACOT8,2332.78648299514,4318.75550432375,4843.33250896037,4307.57011773235,5697.28742136117,4075.87791362527,5499.59872104407,4480.63581989379,3152.67976648162,3683.18708368135,3263.09832369291,3316.68436794931,5644.38164149776,6500.87558897108,5606.76804633561
,sp|O15156;sp|O15156|ZBT7B,3425.41870875735,2474.49127045673,3656.32528955332,3940.93883698428,2978.2145669547,3530.41995209223,9013.22536421764,7810.18100572612,9657.293550446,3824.76492194236,626.592911256003,2859.25179915667,940.804163806799,921.236828749423,1126.59713424794
,sp|O15379;sp|O15379|HDAC3;sp|Q13547|HDAC1;sp|Q92769;sp|Q92769|HDAC2,25164.9896135485,31047.7223489536,30643.5659785254,14528.9560220922,16958.3941286715,15623.6005538802,70051.5158872939,70656.5609364277,54089.3362177165,17406.8896861585,16279.6864664002,25360.8679574166,16641.4290606691,13550.007604334,18993.2144242986
,sp|O43390;sp|O43390|HNRPR,8088.36900069779,18426.6580817777,7043.91453453299,11293.2784186182,9663.47954758091,6575.98415909047,36380.6606001766,31656.3524182369,34183.8886571939,8668.96868173343,9140.29018547256,10467.5963235837,15428.911612824,17437.5324199824,13646.6646270145
,sp|O43829|ZBT14,10301.0561958122,7147.38680328537,5825.69463032196,4073.34207302066,6379.84103966772,5752.97041201955,11334.7731665981,11449.1327528737,15554.643217214,6009.60710217719,6277.30256202668,5024.68192898388,2306.80786148485,1971.63167414477,2898.74925434955
,sp|O60264|SMCA5,2045.24050262222,1995.79941852417,1851.53096892432,321.39962854721,2219.05578327638,1295.34555957421,6264.16898918821,6082.68542530494,7068.77240416501,944.670401976487,1706.45914387423,2543.40521146507,1612.29658317851,1896.55812456263,3111.85514949046
,sp|O60264|SMCA5;sp|P28370;sp|P28370|SMCA1,7270.73093850271,6719.9225618757,7100.3975460874,4195.53665821156,4519.82788534462,4313.17374046612,20872.4167955712,24244.375297839,14897.6088023877,3028.68763857132,5643.40591410969,3718.67353389705,4781.11850794461,8349.50832841341,1730.28278737922
,sp|O60341;sp|O60341|KDM1A,21070.1606375532,15917.9934848346,21706.8971282619,10921.3369780948,8906.38575745968,10201.5759214943,41774.9008942551,37365.843849897,37696.2686790551,16000.8872287437,17356.7421278334,16610.5159402651,12834.0067927015,14197.7924760018,10056.7678601497
,sp|O75475;sp|O75475|PSIP1,60154.733708737,48383.2287967731,70320.9219728991,45580.041368438,50178.5808766297,48450.4475425967,80659.6171557353,63282.2943677107,69281.1834087282,47452.8417890466,50433.1326346025,51772.4616298344,41317.4396379457,46601.9013029806,48082.8368374073
,sp|O75475|PSIP1,27469.9891188238,26484.2340869935,26414.6178435075,23275.9219041729,23238.1231853882,24718.842293041,45134.7926940006,47658.6863217403,44689.2267494602,28943.999940316,33429.4825049379,34127.6241451589,16762.8656834318,18661.3527671805,17977.4086247773
,sp|O75478|TAD2A,4469.95819557479,2492.42874083123,4422.93562502957,718.235640413901,1236.96945965966,1213.18213347171,3725.99803329496,3728.61551571056,2005.37479291821,255.707062588791,336.397328745467,1979.75521979283,3760.0108366046,3837.62636522269,2702.33848211271
,sp|O75528;sp|O75528|TADA3,8017.94777010331,4142.88434486748,8266.14046575844,3667.33749966614,2585.4222060496,4813.39413904943,6645.90995803508,6812.52213537994,8222.31687857531,604.76519938651,2005.31806706574,2398.71610781715,6902.05326079471,6888.71825412028,4317.28639031192
,sp|O94776;sp|O94776|MTA2,4797.88095297746,3045.70213690804,3226.74733515038,675.846174142036,360.622201300349,4674.64158742925,14295.359852565,12565.9132307527,10241.6831309943,2383.73491840447,1862.70375223169,4640.16385034859,4907.18966204235,7605.41870488133,3498.44726416298
,sp|O94776|MTA2,2555.19816032606,2168.06286090709,2243.33468339118,2002.02105155113,2463.51718491218,1396.72439626798,4957.13477143302,6575.89181253852,4849.79199936531,140.485130006932,209.915862714138,1497.51424365422,3038.71406133602,1964.42908787416,3115.28464611108
,sp|O94805|ACL6B;sp|O96019;sp|O96019|ACL6A,6367.79254236896,4158.69223424401,14206.0314834123,5639.31421632402,1760.91391613643,2189.64705381011,10329.4553388462,14415.1377981995,4642.77686986382,690.865047649653,6455.86300322048,4136.64523709556,34635.4222542965,34208.4474674132,33630.9013178968
,sp|O95210|STBD1,139547.297216766,129258.235417209,143321.09772952,130252.830204502,148027.904085975,156968.117498168,83971.9249311138,85287.5049623619,106875.811920192,149665.077274157,259040.33971744,174248.254589052,178908.887580778,144333.072319166,222831.392845218
,sp|O95251;sp|O95251|KAT7,4910.20937678245,5370.77582428879,5074.02936441245,7935.05199172465,5481.78805309143,5483.88324444516,7638.44366328637,6786.56654047407,8666.14673974957,4665.50725033009,3870.1985741925,3987.11561554365,9043.51378312988,9396.86583502159,6470.52799499158
,sp|O95785,4318.41513021852,4036.21242225912,3203.4904174551,2542.85293164742,3815.59150511912,3956.18697109492,5039.09231922647,6457.53592737957,7678.60673209651,5171.24130627158,3249.58476301948,3249.50004787497,3651.1787011241,3731.07618392754,1670.05940923821
,sp|O95785;sp|O95785|WIZ,54270.0517802754,48445.8729427429,59966.0515238104,41946.5092018073,43706.0516581283,42771.8959729124,122273.858145939,92094.6822744121,88855.7507461184,36963.7740830523,41321.0806739983,49622.2193008909,44296.4178454032,39222.5737015792,37877.594036219
,sp|O96019;sp|O96019|ACL6A,3541.14490928715,3419.53442225367,3056.31175833848,708.18196701786,580.092528107027,793.805002240593,5464.57394277114,7003.98839219491,4238.02940667501,2241.46945654112,318.389909384074,171.500081789185,15224.8001187422,14946.9307689883,14118.3060388385
,sp|O96019|ACL6A,2967.44746326825,1921.83067895116,3375.65056175583,1758.87538673563,1243.67090925117,1168.77026715836,3317.03623026375,4398.42204209741,5530.04465119034,1494.96701952445,0,1185.93422148232,14095.6311260321,15501.4435057653,14984.9557203474
,sp|P04264|K2C1,3623.11012730787,2366.81046650723,3182.36270257082,4205.31544854062,2002.41076827918,2969.93133454061,3888.17166768201,4252.04705963753,3550.98994017252,2253.21933135263,3586.37599069364,2532.91449189643,5619.6243394019,5289.13262866532,1795.98294348288
,sp|P04350|TBB4A,2595.56269624123,4014.722983257,1257.2690766139,2845.14232274932,1706.82399073459,2715.72640162796,3264.58081928227,4221.26858027751,3961.52098105124,1899.4970228003,2806.33991736252,2398.99391002225,1394.55727150016,2256.69428219833,2007.40708077316
,sp|P04350|TBB4A;sp|P07437|TBB5;sp|P68371|TBB4B,8945.7092113068,12901.3220800832,7665.70321827379,4121.14756333439,7345.60485180404,9768.87575953343,18273.5300998336,22839.2344495096,20674.0162865054,4553.51616173521,6424.18950852228,5115.53047936478,5929.66872993713,7576.3115065673,4310.13157396887
,sp|P04350|TBB4A;sp|P07437|TBB5;sp|P68371|TBB4B;sp|Q13509;sp|Q13509|TBB3,19800.7280023383,33817.0600162558,25702.7777583509,18295.1275989282,18664.5498751661,20591.5001837867,58702.1226088878,42849.2853543789,42557.8534668028,18066.1281066507,23572.6204972096,13392.8112449648,23730.5023111298,18135.0397352816,14764.9024999042
,sp|P04350|TBB4A;sp|P07437|TBB5;sp|P68371|TBB4B;sp|Q13885|TBB2A;sp|Q9BVA1|TBB2B,35882.7603489791,55431.3035964922,22653.1039078109,30009.057287783,35425.2732896099,25592.2242550257,62929.3797305183,64045.4303791338,77264.3294142634,27573.8454716868,23607.3100148772,43437.5279009035,33612.8416818142,40083.2936683997,21726.6255425237
,sp|P06400|RB,3183.72553723288,3974.92606600696,4798.88495196292,3189.91863206401,2934.5539550124,4185.91055236519,9897.07861954729,9218.55070148452,8114.95916778321,4565.40328354757,3577.26081750293,3270.40526960727,1156.73499770901,1469.42182480306,549.987140312201
,sp|P06746|DPOLB,5241.33110803891,4031.57122251086,4694.94254520576,4257.67056086179,2212.59689089075,4371.76526473222,9712.80506711498,11980.164499556,13628.4604855709,5590.90757656048,8279.47545857125,5892.21871580113,5774.02570414658,6484.77564905759,5175.3636284904
,sp|P07305;sp|P07305|H10,78919.3585520951,58563.6656181673,66450.8048546643,78758.9619795861,58290.4188513382,56493.1190451941,51469.263812611,68983.6188026506,73905.2055416643,83227.9552225815,99253.1772444771,78503.1432563759,91576.978841822,75566.029538545,78321.9625818635
,sp|P07437|TBB5,73689.9795487737,120059.941905544,79741.1484893897,61986.2325678344,54584.2201612049,71921.8421907651,195773.427462401,176295.976888622,173997.688712843,58441.318197117,51690.7523753174,63165.0393413296,71375.9905766229,70085.3479290238,65478.0186759055
,sp|P07437|TBB5;sp|P68371|TBB4B;sp|Q13885|TBB2A;sp|Q9BVA1|TBB2B,26338.2965774241,39499.5826495905,22967.5216769043,16339.6282563585,22231.07058088,32884.578708382,44318.5603213865,57987.6598933792,51646.897097976,16204.6742613171,16167.0911353668,19860.9201872743,18734.8556095849,26266.5701760787,24080.8065830481
,sp|P07437|TBB5;sp|Q13509|TBB3;sp|Q13885|TBB2A;sp|Q9BVA1|TBB2B,13616.6929095912,30252.1602283146,20333.633838434,10879.871965062,13374.1273792192,21335.6675819742,42425.3038245122,41703.6002526971,53550.2166961098,9461.47644455495,13346.5970071989,11155.1111105737,11393.9541977764,21405.5853372765,17557.8871108585
,sp|P07910;sp|P07910|HNRPC,13886.0363300359,19944.0224890731,11684.305047726,14083.3029048784,15549.9709677627,19491.871176544,55134.91329488,54331.9721186269,52478.9215853867,14069.8258968806,13377.8705908669,17615.0321019603,29215.5113568092,29693.117546233,29791.2436038961
,sp|P08670|VIME,3608.98245500594,28699.9164583416,3940.83414546799,3251.23054399156,3080.5024202807,3434.38215757007,12172.4720717848,11081.3453515296,9538.9439175183,4608.04765834249,2320.82201727501,2744.67561599848,10919.4773692066,10963.0542065781,9159.64878009604
,sp|P08670|VIME;sp|P41219;sp|P41219|PERI,10837.164226265,93197.5702361758,10961.1800073667,13544.1903634328,10324.9638397528,8723.59535168872,49201.6579589324,38544.3638256889,25500.1282885715,10143.4397229323,15399.7205884121,13678.2872824162,31595.0232426548,35176.6554411622,26416.2210451388
,sp|P09874|PARP1,15987.4948015328,13157.084942623,15562.0856832262,14905.8657163165,14433.3546714402,16001.2637422322,20275.3734397286,13840.6213672967,18854.0845864801,14165.6402604266,10389.6990958256,17272.5977870006,13240.4149829056,12432.5650472595,12630.2324349793
,sp|P0CG47|UBB;sp|P0CG48|UBC;sp|P62979|RS27A;sp|P62987|RL40,119031.444565026,139856.802840597,132722.971497271,110445.790213909,103640.138979591,104948.785016393,158182.621366162,150050.405297851,159436.241938835,107676.415208512,115137.910608,127390.191352562,142644.082192759,126644.080021421,114275.173040629
,sp|P0DMV8;sp|P0DMV8|HS71A;sp|P0DMV9|HS71B,81656.722443449,70514.138978712,77886.5881615569,41147.4929261246,55433.8558419928,64780.3090687771,173070.183791727,164557.429358968,157410.514860813,52175.7706974644,68509.8928099739,61738.6030294788,79749.5536939459,84577.0829538478,75582.2348614626
,sp|P0DMV8;sp|P0DMV8|HS71A;sp|P0DMV9|HS71B;sp|P17066|HSP76,2824.07918028657,9989.58913652474,11585.5527148629,12926.3214125715,7435.924949498,7540.83314547899,29396.2034396463,27103.4249183025,21235.1986831374,11859.3078315364,9632.0193998833,13402.7233899629,12220.1411753775,17304.401241289,11637.8883130354
,sp|P0DMV8;sp|P0DMV8|HS71A;sp|P0DMV9|HS71B;sp|P17066|HSP76;sp|P48741|HSP77,7480.64753985267,10900.5137057572,12636.2948513605,7741.77218656907,5870.93259436859,6735.5852605506,13561.582083198,21303.4491720966,12877.1902857447,901.147953726155,7433.08573073629,13786.0010138661,13255.9758952709,11765.2920835412,12228.2001802269
,sp|P0DMV8;sp|P0DMV8|HS71A;sp|P0DMV9|HS71B;sp|P34931|HS71L,26816.8760949442,18849.9463705159,21805.9453949538,18047.7062284907,18870.6601660467,13920.6442177386,44739.2671869044,49579.1524262774,40865.7082310701,18058.264791562,18694.550571578,9646.56651108091,21713.2985747869,15123.787684526,16026.6816755283
,sp|P0DMV8|HS71A;sp|P0DMV9|HS71B;sp|P34931|HS71L,33018.3969459454,29940.1476570879,38416.9286527102,33748.8174291353,30334.7358139466,33924.6200880826,91983.0030679276,80221.5678956503,73564.2376124505,37063.5674988928,29153.1713761452,31676.2021435405,33700.1154595273,38881.4479358265,39915.1546149215
,sp|P10412|H14,18094.3544661202,15216.1641204706,22658.7576609968,15383.5971579914,11897.0802760809,12944.4365236272,10838.9953845711,13563.1393512624,16109.524907639,15366.5201552364,14032.4938771477,10365.7366263275,12435.0292943497,15308.6110552935,15455.5560455978
,sp|P10412|H14;sp|P16401|H15;sp|P16402|H13;sp|P16403|H12,124098.186907141,74934.6328719778,80270.1371385554,117257.056879477,73301.152531028,77373.4364107258,74453.6298731804,90567.2548647089,85886.4239789396,86761.0852599365,67933.1382253391,85558.2358464225,102309.62662069,96983.7526244175,82773.6470667468
,sp|P10412|H14;sp|P16401|H15;sp|P16402|H13;sp|P16403|H12;sp|Q02539|H11,47796.3747668706,54089.4933877937,48152.0931511416,50762.2822988911,32480.5156349822,36022.6143528041,48402.226903431,27295.3134723237,38368.2598426982,33341.1855413274,53398.4442736747,49647.4337234565,57343.328310452,39890.2973243063,50194.3249140126
,sp|P10412|H14;sp|P16401|H15;sp|P16403|H12,70763.408298695,71496.5894616105,77455.969165782,62257.6117805891,36478.8917253457,50881.2065162885,51268.4824397612,49796.0007156076,78012.071499744,56894.8851219296,62599.8109280422,47921.6176789891,60376.3537606815,48897.9746034419,60353.4229233645
,sp|P10412|H14;sp|P16402|H13;sp|P16403|H12,86193.1479162309,64082.3679220518,73534.7818592292,68661.158340671,62804.1658947323,60239.2027332246,64642.1416039281,93431.2935552313,84787.44327715,93050.2379592181,98190.2534966501,90924.1598532268,40692.5567388727,39663.7462200445,39840.4089236418
,sp|P10412|H14;sp|P16402|H13;sp|P16403|H12;sp|P22492|H1T;sp|Q02539|H11,163925.890290438,163853.32645428,146745.589839377,186325.502761931,144737.235907822,155894.732809856,115627.305189359,138965.917192339,153103.245549847,175564.204614443,160396.05527396,168255.388198484,202796.420950116,195012.206146184,165464.737576263
,sp|P11021|BIP,729.021185731351,2827.30918360587,1720.1797729541,1183.64961849941,2083.80510907164,1758.39047171214,2580.1205757284,4644.20581171479,3560.08312943546,1051.90063644136,1056.41538187231,1573.96334178234,943.249575431664,1141.93662581095,1844.75340172301
,sp|P11142;sp|P11142|HSP7C,30475.3950899761,28509.9963943306,30059.0284518229,19074.7459627653,15741.5991853486,19415.2935539231,56397.0796458052,58237.0947984517,50141.2870931219,24107.5011637626,14215.4321822946,15794.6826113229,27362.5476290545,27477.5059306756,23720.3850863169
,sp|P11142;sp|P11142|HSP7C;sp|P17066|HSP76;sp|P54652|HSP72,84680.5261188504,51999.6066306255,73486.1271906614,64566.9375535031,41985.4298996396,45940.2027238642,155362.632340471,157364.824044994,159213.297498421,75359.3752663009,64488.8147877069,68422.6122290095,51367.6333656358,54938.7272981571,49788.1463942695
,sp|P11142|HSP7C,1816.74336178264,2161.67031355035,2237.11696081874,253.179256665888,1438.94190627415,2963.53995482955,4630.33580769596,3694.51720450123,3416.47744833173,1730.75634141182,1462.97351074445,1385.88571431518,1047.12361409489,2038.73291450523,2352.53784198396
,sp|P11387|TOP1,5070.22712207426,4776.09603716015,5868.20532968862,5980.89123463995,3778.35989345346,4960.00187215138,5771.51199148018,5143.67515540886,5376.66014972508,4541.34439476988,1811.02368635938,6447.35486346348,3732.87350762844,6297.10979446497,5926.4795105186
,sp|P11387|TOP1;sp|Q969P6;sp|Q969P6|TOP1M,29156.7425449044,28143.8327911067,26149.9356669858,29191.8710628973,26371.6084451769,34365.0100996508,26099.8473356618,27680.1898972038,21167.5270838369,17839.0416712283,20371.1954188178,27947.0181191785,24774.850008022,22968.3480601017,28905.9836510085
,sp|P11388;sp|P11388|TOP2A,9052.28196139361,9231.6390245085,15684.2935787907,7032.73969297744,8100.45203564589,10342.9621603284,15205.167694375,9566.6944635181,10622.5491380805,4543.84910824523,5442.98127873177,5388.20082029467,9754.73970112614,10173.0690984141,10195.38636119
,sp|P12956;sp|P12956|XRCC6,55500.6800341019,53402.6477546589,54417.7850746634,39041.8882337941,31993.8024260667,33675.082231251,52671.099702886,55183.3677728636,51425.6504128478,39088.4510703958,38868.0886048257,44865.5668576613,49617.1793625793,48470.6662882182,50608.4146016264
,sp|P12956|XRCC6,104921.77319364,85635.5252376521,91722.5122228609,78521.2211935096,66532.1501929767,72050.283116445,108421.742161132,100260.550042831,90826.8482470142,70729.2078032211,63209.9513156083,74645.9825799458,82353.0509293945,75912.8349681936,71316.1721717529
,sp|P13010|XRCC5,13882.4048165335,13447.7790472775,15603.1076965583,11317.1943401728,10458.6827261181,12234.9332979848,14663.052610714,18122.8119682645,13598.2867809689,11280.8292332355,12426.2875001246,11345.9335717155,13279.2376111834,11391.4561462742,12487.3158263032
,sp|P16402|H13,4869.36888781847,4517.56982830509,4120.15674685761,5359.78542721171,4599.32073534663,3796.53989174108,3306.88907933494,3721.43481137379,4396.22355104029,3593.74859268411,5198.54898773636,2169.85772802425,5248.6304569011,4715.81350470878,3558.14132642523
,sp|P16403|H12,22273.9399654873,17476.5227446903,23406.5114297834,21278.6430659929,17645.5784973782,17471.4240434172,15098.3618282865,14793.8901298426,23000.9574803323,20909.7146068569,20504.5442378985,16592.8272233852,27858.7429174158,22607.7229616122,23055.2899682324
,sp|P17040;sp|P17040|ZSC20,20923.742713477,17470.3515942267,21030.9745018228,18052.9171681085,18152.699825896,25386.0974177076,46618.3512414996,43622.848078902,44672.2909034836,14932.272174208,23082.3480873292,20222.2187794229,3741.54764109446,2983.67654136735,6331.53875360337
,sp|P17480;sp|P17480|UBF1,23639.0893756348,32525.9785375953,27408.3750753696,34321.1687612693,31908.6174571655,35583.8180929718,22320.0612794264,22846.1482225442,27818.2983453029,4369.55206610002,2970.58618625923,7165.50096460387,34821.0341299032,32619.3849096737,30773.4502807936
,sp|P18754;sp|P18754|RCC1,27855.9497744017,27307.0013103982,20799.4265391199,26769.6501401791,21748.4196883964,25705.0537340112,21803.793420777,15555.3179383153,18510.3325186893,5746.5685948206,8025.81655999565,8204.66919048077,7718.22725414733,10273.9474905439,3528.27432265644
,sp|P18887|XRCC1,3337.08155095757,2812.0367760375,2760.49284112034,2069.86040665836,2180.58417889383,2554.33308332761,7901.54293486888,5959.06985797327,3200.21962174605,2406.13299897729,1524.64908722252,3192.08098053243,2013.51962858766,2609.90012275013,2733.33101227782
,sp|P19532|TFE3,4459.23533767973,2030.50191132778,177.845483215068,1644.31966554098,1700.9767506092,1431.59330472439,4569.82964142192,4019.35506747231,2962.4189335837,1682.26020601909,3331.78867023068,1578.44290049406,858.646837866159,1807.30253890148,3751.38721803768
,sp|P20585|MSH3,3355.52891131109,1539.83367133837,2840.35668095504,844.710106143763,963.980483295978,1462.11145925508,9004.05456399336,7992.69079880115,8834.41111867171,884.50298698921,1565.09318504125,2814.70705268642,2908.0394269365,2387.20068157545,2187.91617943254
,sp|P22415;sp|P22415|USF1,133595.868871226,110965.435562388,135033.334936072,97927.2437400708,91262.7798414749,106536.218591375,175738.314779088,195844.998268405,196482.354589943,122794.657432056,144631.80682448,126996.990681624,104427.494810098,90263.5148298908,92053.1207241717
,sp|P26368;sp|P26368|U2AF2,7794.04283871411,14238.0826635753,12457.9653334873,5817.37225477257,5640.85382015119,8255.97176259416,10508.225234112,9567.02238283151,10123.7565196107,4848.59937933595,4717.20209478744,6772.90760064744,10317.8629304275,11639.048793179,7999.54432504212
,sp|P26599;sp|P26599|PTBP1,6109.07729274169,8290.93638617269,4827.58355381063,7890.45899371333,9042.97991400333,10368.4078386907,21848.7991821578,21924.4028198446,20069.208928347,5953.79809807444,6446.41223525535,7102.03846302196,15338.7030269895,11061.946004106,16401.4806587535
,sp|P27540;sp|P27540|ARNT,9670.85407838725,8017.48642294077,7342.14067712808,3258.51403762825,5916.28904811781,6807.54415573515,14339.8603408853,11707.2922736957,13764.1683664137,7055.13268230196,7538.41667556397,6055.6818461617,4036.5909643983,4881.12584924002,4628.60676555274
,sp|P27694|RFA1,5714.59929519513,5509.15991296353,3739.82952774541,4826.01718610188,6132.68493923888,3394.58843222759,16517.5279685389,16389.3394694926,12747.9054662586,5338.34232721142,5715.13125789436,6059.78858870648,10663.6126195159,7186.01974922529,11188.8483666759
,sp|P27816;sp|P27816|MAP4,28248.0628940788,39553.5529640755,27569.6858923842,18113.9515433233,24437.9684290949,13144.3252398298,32520.9133395736,36912.1772229531,38386.9216312138,19097.794929124,20456.3062872745,25278.4036738089,13086.2596425965,10962.6463203206,16881.0602170213
,sp|P29372;sp|P29372|3MG,22408.9703683872,16623.4721845283,17723.8497082506,20061.2015825654,17309.5904823896,20759.455930528,17073.4282773135,18615.8469220715,26443.2518691832,20562.5587414445,22369.8831021418,18755.6582187345,24784.0403148928,25856.3335495037,25981.4162501579
,sp|P30260;sp|P30260|CDC27,5010.87946265659,1681.76916068267,4202.49142683518,5605.85463049186,6545.62369116831,1604.10452083234,6459.26988340411,5169.59997666853,1754.29190561063,1751.60697391736,1044.95614670303,1401.63386613872,29811.8003493115,42989.9643400966,38717.3883294451
,sp|P31270|HXA11,2449.96482490766,1798.06816849445,2983.3945495249,2774.13604588733,3016.41862248672,2194.92641854858,2183.17649445443,2109.80439273506,910.042178518821,1744.57309435428,2454.95936382849,1571.28767013289,1781.42845658556,2588.9575401389,3340.07589676401
,sp|P31943|HNRH1;sp|P52597|HNRPF,14165.3920610196,17613.3705168634,9193.38990489096,14208.3120657137,15073.7720593853,16171.1275976819,36563.3956553467,43343.7402557303,36826.4636227484,12704.6639609262,12108.4366411385,10243.9016434501,14045.6147645746,16108.9118687279,15960.7549349482
,sp|P31943|HNRH1;sp|P55795|HNRH2,17216.8736482332,29802.7373941163,13535.301655908,9842.22668194052,12878.1032658306,16049.7887917647,46388.6744243761,41466.8677372474,33909.7495590166,14550.7175554231,13286.0667983802,13293.10527707,14582.6551122204,17092.1115107986,16345.6873671074
,sp|P35249;sp|P35249|RFC4,16800.1282968034,12090.886371786,15466.6352557389,12260.8282599412,10401.1740993666,11642.9021449735,21588.2961299604,20480.4021324558,19450.6907883325,23634.9228901601,26831.2744168827,18883.0345146335,14788.4455238495,16760.5989321872,11152.3300237982
,sp|P35249|RFC4,8768.18993704355,4860.82830887428,6111.62359984632,4376.98765853691,4491.66616871867,5979.38534690928,7102.03777726549,9319.33473728592,11027.9572135764,6875.90513270178,8004.58023934199,9569.85591661966,10878.4732388389,7833.9457136575,6769.51250171812
,sp|P35250;sp|P35250|RFC2,11764.7418830795,17733.0163166655,16068.7085522078,9465.79348630817,11358.6036411142,10432.3995470261,21322.4752268352,27940.0029298196,26542.040835712,18512.410072866,19838.9471044767,20449.1750968292,19525.4859029965,17557.2556046834,19307.2190385661
,sp|P35250|RFC2,7152.73268981874,5763.98555998185,6076.4814406971,5325.64237414583,4950.22740233421,6924.85375725461,7667.56119942048,9671.28395448732,9310.83411104877,6318.51816117502,8698.32836245892,5160.23489081276,5347.58604862525,7263.78808934407,9634.66097256098
,sp|P35251;sp|P35251|RFC1,5127.08155815193,3428.99071335983,1810.19860147835,2275.81840460124,3790.43915990128,2081.10895859951,6861.04882008757,4659.34237897864,8496.54461272728,5155.70252595071,4725.43417214988,5466.89718461799,3662.67301893971,884.713784479382,5031.95766967782
,sp|P35579;sp|P35579|MYH9,4480.27065542965,16650.7576546745,612.34010877029,0,895.318837545984,892.864901000495,2649.97500663306,4716.58378410693,3870.80409058456,3208.65782773282,594.656202671537,593.514881733893,9037.2320930981,6076.00932923892,2356.69641965724
,sp|P35579|MYH9,764.741935508035,13669.4039424853,403.814331208319,475.455284530498,354.143143673311,416.846137627783,5361.1101397705,3385.87525476189,3961.32579446922,2129.65516692959,238.257361097263,775.299173289835,4187.75248877929,4841.69246523309,3413.59732790841
,sp|P35579|MYH9;sp|P35580;sp|P35580|MYH10,2231.01202556431,37204.8110576095,2708.07778139352,4143.41158896943,5255.81705966654,4738.8848879012,9170.59928944081,11366.2737126328,12534.6296057949,2503.20594639225,4280.82783850939,893.519360116389,15171.9994051789,11049.0500908028,11533.6838395513
,sp|P35580;sp|P35580|MYH10,1545.36489963805,38382.9051480476,785.972943357979,69.8695121706615,2231.79639374234,860.831136202691,8151.97360552884,7350.76962477861,9556.21336495672,2370.08500360222,1444.5025025392,2698.52960698423,8909.43193119479,8799.91587657083,7429.33437826775
,sp|P35659;sp|P35659|DEK,26120.0148524734,19523.272570236,24385.1455947549,28096.2973474421,21034.5367362683,16964.0082926142,37951.6481275643,36423.8304846614,32003.5803489196,31580.0177962273,34219.1254498298,38467.9144250707,30726.9070865129,36766.0129131122,39308.337624952
,sp|P35659|DEK,3592.84172768915,3272.74713527954,2707.75840730967,3047.1110937095,3142.88420832022,2695.7475597386,4152.20408945468,5313.74515903443,4948.94369361713,2785.19439852028,6771.04097134896,4236.86587888408,3710.06459224529,4655.60533986733,3879.03110704197
,sp|P36406;sp|P36406|TRI23,2949.24948888032,9019.43842076073,8084.88066568292,4550.0487097718,8680.48807606805,7029.47495905469,15099.176583123,14461.6369922549,7156.64899481931,9298.39460347186,8708.49361169783,15469.0159934255,5284.26276351991,5792.2526372923,7130.47349906006
,sp|P38159;sp|P38159|RBMX;sp|Q96E39|RMXL1,2359.92723092102,6642.47478114989,1210.0254896002,5271.84203154385,3429.89725107892,6312.60163961215,16701.9675170785,12116.5630085684,19044.540536907,7982.90249076286,4089.56554821732,3662.17535368316,9598.04038549956,8780.97738598261,12011.1816377207
,sp|P39880;sp|P39880|CUX1,16686.626275528,12248.8660584112,19413.0201047325,15520.7521199938,11911.9914260283,15811.0998687274,36880.2976072615,37464.7370883172,34160.1379848959,12607.3071129593,14986.4858334788,10666.8022773048,12749.9873228777,16396.849889687,20450.7586889726
,sp|P40937;sp|P40937|RFC5,15899.2161317565,13898.8801631037,16699.3287248562,13273.213992137,10369.8473525781,16493.2151544289,23982.6057599866,32959.404624064,37454.2876620181,18627.0349369483,23970.2785447816,18588.1191830068,19590.5090526629,17743.0107705633,17110.1940952032
,sp|P40937|RFC5,3762.33696782155,3737.39070813274,4578.71020010563,4080.31118543184,3423.82057206578,2402.54249192262,5550.15981767011,6446.2511860623,4554.65652995403,5164.90006633929,4320.70083974241,5410.95519343523,3880.46828037129,3381.87959994896,3219.16121299485
,sp|P40938;sp|P40938|RFC3,9699.24400650456,12258.0347424408,13268.8342607883,12095.8141759987,5394.44749730919,10883.9344978362,18205.9203882698,26382.7988229623,36110.5649426667,15133.9335807116,19465.2055476626,17864.1369829816,15963.7067305255,11096.7164963314,12013.8624219171
,sp|P40938|RFC3,5688.95934863752,7943.46996962838,6464.23722322811,4416.07183723294,5615.56306816055,5023.19953084717,7081.79493356997,7485.45609406048,14078.2356985763,5656.28791513516,4780.23432197632,7967.05530737941,14464.2473853171,12094.578427302,8565.0086088528
,sp|P41208|CETN2,2073.9581996516,1720.24125385819,2890.06335022561,2605.03130687617,3063.65334368858,975.085104477998,2341.36217373723,2711.71478200751,2092.11116283917,2543.02451274999,4787.08287576669,6057.23781605098,6095.5383766561,2655.415588992,4603.18270946681
,sp|P42166|LAP2A,3248.55525965738,4151.27031018055,3307.73956026971,1226.23693463476,2730.44169914659,4858.70770638296,5481.31163006527,6481.15269772271,5342.61166455964,4142.84641327754,4319.42442044412,4198.97132508464,3645.70682135991,4767.44063405149,3234.17602075832
,sp|P43243;sp|P43243|MATR3,6236.4614138264,9123.63505463093,4440.81983836408,4226.41339719836,6692.79556506933,7114.97471644349,21730.5161573796,19728.8310203605,15305.1638806185,6023.44570306457,4187.49591362821,4546.84876716097,8159.38271113743,6889.7153191339,7656.6464320465
,sp|P43243|MATR3,10230.2239981468,18455.5519067656,7230.11036550354,11333.8033049117,13928.5890858183,14778.4863161751,28702.8728604499,28046.7333744154,26719.6301178841,9288.06836291721,7769.33540127797,9128.9691697479,13072.0711221409,13521.7219716514,13581.3686330066
,sp|P43246;sp|P43246|MSH2,20762.359629933,22724.2290518602,24669.2944779702,15544.7140309566,14231.8588694679,11784.2197749132,92432.5526212199,92104.2842363908,81969.0735931745,24139.5753738564,16909.4772433653,24526.8612807541,29045.6220000206,29199.7845264924,31456.8719395928
,sp|P43246|MSH2,7183.32680190759,6824.63691408081,6057.69050784341,4391.1916479132,5885.17231994991,3327.29601995194,22141.1268804791,18350.2805740313,21119.25294247,5159.90965841006,3575.90702592602,5550.33231262126,8374.54413052,8569.79694464733,13025.3156102451
,sp|P46013;sp|P46013|KI67,33500.3250143273,25814.9980534557,33885.7718342429,12880.2070254096,16579.5025158002,19263.1407995541,33325.5181893331,28729.0818193434,33294.1812417019,16820.3119551297,15770.3280823631,17270.9665308188,40065.6271968905,40297.648642262,37770.4700626142
,sp|P48382;sp|P48382|RFX5,10817.6041940461,7358.9673347352,11511.5387281397,9547.30153796394,5332.75491482927,7798.93189685715,21234.3757348276,17406.7564420467,28717.3014285793,7779.3688545986,10341.9846469848,10334.2037621328,2371.27093943741,2379.75427860059,2451.60585598538
,sp|P49454|CENPF,8284.28713405198,6590.62730756704,5778.24292275734,4765.36200400929,2711.56933798949,5199.00659707614,6208.40557115284,6722.01356829511,3888.25437918928,2087.96015511424,618.245109469446,3197.07149529734,9379.11475495012,7386.59682871229,5983.23252752766
,sp|P49916;sp|P49916|DNLI3,15719.362064431,12388.403460085,16335.5727265665,16178.7369288442,14574.7565613795,16871.1857823017,34181.2167764678,35700.7130014583,32040.0182315111,15718.7735761292,12901.2983722753,21950.5604718389,22176.1344357701,22735.2356378328,21207.7383233803
,sp|P49959;sp|P49959|MRE11,1383.34235690366,8085.41902975242,8212.48631352605,3462.85957509207,3516.76250962639,3175.05878600625,9621.6214756847,7885.42731605413,9313.67429643374,4608.54714123145,4981.3265172899,3347.6071496958,5272.2151502812,10222.1200534985,10593.8852712939
,sp|P51608;sp|P51608|MECP2,10370.3612162704,4990.09609833954,6061.48985614573,5627.80577156088,4030.2096669303,3100.8507219981,5966.85247138685,3956.27061697429,3937.35981554246,3651.21734153714,2472.47806788418,3356.84244967769,9845.47811018337,5670.92422093748,7624.79472820999
,sp|P51610;sp|P51610|HCFC1,2649.46538065571,2317.86439023537,3815.45302693964,4906.91271322206,4727.95386937116,2966.16818197747,6703.68563408663,7176.17865208118,7426.92038559251,2039.21788757225,4420.4192878894,869.612160228491,3326.62813113283,943.301680587571,1064.22263069387
,sp|P52272;sp|P52272|HNRPM,23138.757146474,31138.2151543679,18999.9772611629,14515.5265968659,21506.3621218388,24298.9685956019,61953.3533038704,56779.3099140257,53010.7186091025,17341.3116446513,14080.2802474482,20379.6916986848,24552.1197224482,27059.9686206367,26079.3639721608
,sp|P53999|TCP4,2999.22059146558,2347.93218959509,5203.8594766577,4086.89046673264,3772.717890897,5989.07939969304,4798.20954915682,3681.33559362891,7008.30840870703,4908.79977619889,3818.21464600658,4257.95166487828,5925.21410045498,5514.83575574673,7142.4571832545
,sp|P54725;sp|P54725|RD23A;sp|P54727|RD23B,11365.9588519242,6259.13267629606,10994.571393947,5585.2966909673,5756.50178671117,7550.4675836006,11611.5618538337,8653.10832643371,9379.98069121754,8249.79206475699,2881.18453455733,5381.66308945037,6643.09829178651,10913.6880937514,11629.8049602221
,sp|P54727;sp|P54727|RD23B,160944.625000728,118777.420747358,138104.063513979,129592.02280386,131206.664155478,135036.583837262,165591.481499224,174016.819717931,171667.99633853,120470.782616562,135105.734768427,126526.433017239,177131.249130886,188722.538937033,202821.347752464
,sp|P54727|RD23B,7419.92972063401,6683.17994326393,6599.0602837835,6661.9209185603,7108.02136809259,10140.6219168456,7337.20854655936,7233.61560552895,10610.5704508402,8916.14827749205,8696.60077453311,5949.30845176751,8208.00546365715,7125.94107779496,8864.63908176872
,sp|P56178;sp|P56178|DLX5;sp|Q07687;sp|Q07687|DLX2,39792.6544643635,24756.9682352201,20475.0507980346,25927.4270774165,22546.7351111838,27354.1005906844,45732.4772470919,45471.5476482311,56749.616504213,24286.6670324281,34194.9485734828,34489.6427950907,34056.3144896088,31164.5144532749,31544.26574188
,sp|P56270;sp|P56270|MAZ,7153.39422601953,6272.55633886872,6744.29840461909,5598.9927527239,6285.00270425346,7803.86513866349,11584.6949433782,14539.3938863694,14208.0259149556,6571.24281374228,7105.30276968293,6305.93894752456,5374.03079971238,5441.08173463094,1059.65086955022
,sp|P60709|ACTB;sp|P63261|ACTG,9533.39617463406,177782.262384168,13554.7695120898,10653.886631891,8426.20856409348,18790.9328493315,70721.0094537648,57294.6469344206,48658.2147383186,24286.4130626497,16495.9383411149,13773.1093281781,68974.3447445855,77603.4635465158,41001.9261270314
,sp|P60709|ACTB;sp|P63261|ACTG;sp|Q6S8J3|POTEE,2159.3539374563,60198.2330887469,5938.16058138267,9304.20748736424,3360.11335684574,337.407246915064,18033.8393152125,20509.2215694384,16994.0078310039,12915.7410019279,7795.45952834724,9592.48785167877,20865.6622462851,26527.9209862787,22861.6907644956
,sp|P61964|WDR5,13585.341759719,9406.98714576043,9925.97924476346,5426.24297200313,9584.63027757701,8545.26847340658,8345.35837159554,10007.2617072934,12013.5366233877,8953.19014101978,9397.95665960466,8705.01063561363,9255.81853435076,10266.5593852456,11000.2948912408
,sp|P61978;sp|P61978|HNRPK,24315.3952876868,35787.6403797381,15364.5880093225,34390.9327567574,31545.9992222181,36102.6990338189,79986.4974071225,58040.4734840755,65125.0758573588,22333.0809175238,19253.1576741868,20543.1149854476,32446.5767895579,35529.9763887692,31207.2684770101
,sp|P62736|ACTA;sp|P63267;sp|P63267|ACTH;sp|P68032|ACTC;sp|P68133|ACTS,10606.0380434677,89126.3950308162,4911.57919915515,4479.98261702464,5634.38826848224,4328.98759126277,26498.6258997986,25366.4905102609,27692.1930967891,7107.59416394909,10948.9839876884,7728.27761056155,34911.807807245,25294.4009295798,34264.6805091895
,sp|P62736|ACTA;sp|P63267|ACTH;sp|P68032|ACTC;sp|P68133|ACTS,6345.93104604082,103740.618033478,6264.87388478502,12800.2736352396,6882.62806503144,10067.7151758939,35303.2037305658,30664.9965644723,24642.2743496682,20792.7764431427,9122.7236026367,9429.62286327731,30375.7628791386,49606.3960841474,31855.1154368066
,sp|P62826|RAN,67249.638960166,60398.2888162613,60612.5062715743,74902.1379699318,54779.249744034,70195.5352443546,27024.5045968477,33571.1292418895,47276.1430231517,22888.9493241678,23843.5903566761,23388.6515660467,16130.1851225993,14713.3964343402,19390.5224487105
,sp|P68104|EF1A1;sp|Q05639|EF1A2;sp|Q5VTE0|EF1A3,12209.6919948462,19740.0455906203,14017.4834319954,8001.90821593656,11271.297157086,13693.4917859356,13120.9433156399,15451.7545166662,17940.3238149381,5195.58188735735,5180.65009599208,7825.58071015504,10467.0052703724,6389.32686655776,8279.73874200768
,sp|P68363;sp|P68363|TBA1B;sp|P68366;sp|P68366|TBA4A,206187.937789555,280849.297666944,191164.780846681,192204.084646749,167472.410693998,192824.637222862,511030.764042306,498202.485914533,482633.123772512,163136.968811234,166762.264709737,177679.003872132,178717.733945618,195831.511557245,194880.454158574
,sp|P68363;sp|P68363|TBA1B;sp|Q71U36;sp|Q71U36|TBA1A;sp|Q9BQE3|TBA1C,475375.102504642,733197.396718507,481052.791915878,291898.687885392,319629.631003033,405231.708016596,1079448.40459871,1066931.17737671,1058744.89941682,361940.899689212,348845.541241903,369548.473842508,373884.595891455,366911.254451485,377746.490593285
,sp|P68363|TBA1B;sp|Q71U36;sp|Q71U36|TBA1A;sp|Q9BQE3|TBA1C,74644.8303892921,116393.579913191,76841.185371521,55765.9207849172,56976.4735617452,66972.6235629294,148903.338457005,186847.642269518,160357.146196947,55611.0820130984,49855.390186966,55713.3178395569,63452.9611242571,70373.6459883818,66958.8923334106
,sp|P78527;sp|P78527|PRKDC,11397.5148760744,8695.25751799418,8022.85908666395,6121.88414363432,3173.69948662946,4112.09779211974,4180.17632793971,3672.10825887662,1790.05021443023,6247.68493455568,3057.26264962691,3088.43586978356,9756.71561482931,8511.81760551408,7666.26975019485
,sp|P78527|PRKDC,9207.33167129033,9601.69907538184,8103.43158672382,6359.29872106811,4678.01055439411,5489.43182646159,11901.8755467312,9365.27410630475,8688.27587673179,8521.94170157905,7036.04820169635,7996.09738176179,6057.75345724671,8132.26665328475,6517.42417226873
,sp|P78549;sp|P78549|NTH,200134.577836985,188367.05882572,194160.789574147,108251.097610982,90658.2399365623,105309.251366995,135578.43141765,161227.013384559,182082.963392676,143603.347210767,179343.760311058,168707.389089241,245415.353555691,236022.025422444,246586.227488601
,sp|P81133|SIM1;sp|Q14190;sp|Q14190|SIM2,32098.7015286636,27815.8216479466,33023.3134236324,23868.1247755762,33526.7424652204,36244.1519425696,58236.6759314353,62644.3494133902,64628.371963018,31471.1761886042,34903.9512600891,41065.2726014389,14502.5497295401,16767.8617027636,11575.9862054847
,sp|P85037;sp|P85037|FOXK1,3960.85569578992,4013.60616070103,4319.08440056369,4098.75589018746,3691.46862357629,2944.65612865148,10208.6972469086,12487.443319548,12460.0106889339,4499.67637817954,3053.90499377502,3852.59265160635,904.792003655278,4089.04819236176,1171.01697995702
,sp|P85037|FOXK1,3069.41886354793,2813.94476461778,1537.87500074779,1287.52698365218,1525.43841534575,2069.10420338779,3324.41170459372,3871.59355692701,2993.69136210813,782.211329550704,1528.14770308328,1507.4466065936,405.332390979509,1199.40344520137,1588.25656385916
,sp|Q00839;sp|Q00839|HNRPU,7385.52961745206,7863.47278427439,6574.17520634177,5992.13243664099,7845.33396862119,11351.8751504358,22146.4798832649,21201.1940319864,14679.5251164034,8529.74795440027,5675.81495345647,6146.47472427033,11797.6954582579,12289.9543788049,8556.25322551334
,sp|Q01167;sp|Q01167|FOXK2,43259.1711600646,56417.365022598,44218.8692596772,43046.9278765374,37845.6235316355,39194.0586323039,82355.7964283678,81499.3037267265,63762.6334899717,44821.384804193,38874.1904964329,52032.1891615501,21055.1852361463,29887.361496416,25767.6956616136
,sp|Q01831;sp|Q01831|XPC,23234.5965106154,21703.4784469031,26204.8936074009,18406.6497124351,20221.2438365195,17090.5560944726,32162.6359907834,30760.4503516222,20028.5240171423,21079.4100225053,10945.6090903182,12933.2586569267,31146.0551790425,23824.535920595,27568.2577176407
,sp|Q01831|XPC,63794.5103751973,40952.231195229,56695.0600510882,40697.2244340651,43682.0766695223,45940.1159202315,68578.5132901985,65796.0637843504,65037.3124124466,45837.7720041953,48615.3221775588,48229.886318304,57428.4887394129,61937.1571291505,69119.6561838718
,sp|Q02880;sp|Q02880|TOP2B,26404.4776213864,22862.9455826966,23885.4297494057,30584.4678302136,26585.3884577592,25854.3634626477,22673.5364381569,24504.3463946919,19437.7006558706,22681.3663515749,21548.2159071859,21607.0642469821,28274.373762581,21332.0293199089,23310.5349383803
,sp|Q06587;sp|Q06587|RING1;sp|Q99496|RING2,4904.42101936624,6960.51447226738,11320.1425574097,8230.29474232185,11643.5745419173,6287.95728516722,13468.7823346698,11444.3644288592,14512.9447907785,8984.71691884995,7445.79445783573,8971.60851831254,7937.40363878044,10481.5330725155,8632.62449244493
,sp|Q08945|SSRP1,18614.6740980159,22925.5236475242,19777.512900707,16603.7987297686,13613.8025113752,14648.2483383374,28493.7894249027,28074.182000681,24065.3991883889,10039.0362103899,7357.45370148909,11584.9569044905,20244.6294861961,20459.5516669424,17634.280897388
,sp|Q09028;sp|Q09028|RBBP4,30377.7034351893,26672.6367871717,28448.4524763026,20131.9859125733,15623.6309111654,26115.2913800951,61372.3041908015,64309.4548952427,72930.4325803445,19818.0341142867,19126.9598118505,21604.329285883,24606.7099148149,24507.8772111722,32735.9586439404
,sp|Q09028;sp|Q09028|RBBP4;sp|Q16576;sp|Q16576|RBBP7,5599.50042556412,1522.28502168182,6880.64678971119,8183.87972928837,11861.8251726185,782.720769910527,26311.7102452465,21246.6691422096,20785.0688332848,569.149457259493,4512.17903388516,8165.01625432828,1492.77017759287,6207.83782868992,6070.28232112221
,sp|Q12800;sp|Q12800|TFCP2,6540.53858596233,4205.81459927703,4704.03293053157,4116.11994081057,4348.58807022834,5896.79137913813,11160.1063092437,13921.0816731758,13787.9369967372,3228.00337096395,5852.34173858812,4447.8206348907,844.583735674638,3441.02097593859,1198.00191214014
,sp|Q12830;sp|Q12830|BPTF,1455.46839312024,2752.68881548023,3474.3812024327,713.185948390465,2799.40179304958,3635.00935537983,16270.1597254346,16799.7431697688,16814.3373109945,2827.12356100764,3021.25054900426,1748.43481569081,3370.55192172482,5733.34934109472,1104.79838235959
,sp|Q13330;sp|Q13330|MTA1,135388.592392518,96506.1776274614,124147.186876,77966.1437311352,69356.7087884641,96960.1847837994,381021.819590164,359881.310365881,318191.273246914,85844.4498547048,84246.9786585625,104063.335252548,103163.897868657,130255.651006438,120681.018405993
,sp|Q13330;sp|Q13330|MTA1;sp|Q9BTC8;sp|Q9BTC8|MTA3,45970.1568871664,32177.1100061308,29893.754787258,20654.1573471807,20276.3755781843,17977.6606705772,150275.759576933,109772.66998097,111975.487033627,25079.0706596231,32382.2720645475,26944.2625328463,20887.3197684005,29429.5833847153,27367.8787867336
,sp|Q13547|HDAC1,3729.88728053423,3136.93430792558,3379.53478814236,2963.32249614444,3360.38794448935,1326.15396446263,7227.7186518839,7963.80474000128,7673.72985868347,2109.67404209914,3339.30394824213,3761.03486688504,1531.74940926156,2559.11975940024,1547.3182463986
,sp|Q13547|HDAC1;sp|Q92769;sp|Q92769|HDAC2,17365.0888668522,10599.802163286,6653.65903802766,5605.36565974227,7813.5181403412,6192.85062773902,40108.7026444221,38185.5240938838,35527.4261014374,6354.99543835265,11040.1788119278,6816.47107287994,7299.93681454682,9950.93799672853,3827.59004093013
,sp|Q14119|VEZF1,2815.05031388232,3348.27230257827,5384.48675589539,2811.1666318714,4002.74578819796,2880.87701948993,5721.51643456023,6839.86318576737,7653.44292534691,3193.41819673184,3748.0740549584,3722.1106837232,2248.52435200241,1097.8798538547,558.043342554871
,sp|Q14186;sp|Q14186|TFDP1,12991.8881801359,16209.8485570906,10763.9127664292,17977.8602653173,11801.8962553545,16931.3864532291,20140.2497696644,21267.5786379361,23704.2992216268,16689.4751875786,21995.6615319447,24618.3782765612,11696.9650297357,14391.8564185877,12307.1947864814
,sp|Q14469|HES1,1725.814164067,1863.41774788656,1148.15062580469,1097.42576623688,2632.74539255686,930.205068129843,3405.61933433013,1571.34864815628,4012.28590759041,3632.09168095969,2294.2741956922,2729.40179459046,1490.63203089863,1262.98753746205,574.624398185683
,sp|Q14527;sp|Q14527|HLTF,16635.2066345442,17679.9937065621,16270.1068427906,13712.5766668662,13989.3486732212,6575.91165342676,17526.0534968045,16656.6190311235,16287.99403138,12953.6785376268,10169.9150930158,18063.0000767605,15192.5315560771,15227.784801277,20738.2285311788
,sp|Q14527|HLTF,164416.503576426,114673.296791461,160759.976331988,154435.346186952,159612.110380743,156052.801806666,207471.839712675,203266.079328465,196192.229817043,157126.000819415,154348.909073059,163370.285022326,151701.228052178,156553.383067283,158341.847164765
,sp|Q14676;sp|Q14676|MDC1,46745.2884322307,52136.3960717645,58399.9420083516,10257.3380500514,7462.73417193028,9996.51560932248,62308.3652513815,45618.0576329461,33248.1618284061,15032.0727217433,15120.2353482054,16407.3434456624,77721.9431021624,68467.1654998534,70842.1523413329
,sp|Q14807;sp|Q14807|KIF22,1420.59403612085,3966.83283799225,4457.94821394124,2972.54307745091,1608.69844435547,1586.3174454335,6593.3255544031,4355.89278013768,4392.242929049,4193.98545333386,745.934224988434,2790.05616735924,4968.97639190021,3682.42653248177,5161.95637768029
,sp|Q14839;sp|Q14839|CHD4,11421.018461874,7537.08151650357,5557.48464425577,4565.04108940351,3002.62195802409,4483.71268066526,20513.0431731453,11580.7944608135,9778.1586932422,3237.28850497827,2451.20575683551,5340.01952378494,5390.93770705347,7589.15283455755,7340.57414144446
,sp|Q14980,5123.5750634318,4764.10408268703,4668.68299315978,2392.3482005752,3128.76357971813,3301.38417958627,12248.6256531424,10382.6113198501,10021.667137164,626.993111407677,2521.94181130059,1166.27452587949,9283.93123051412,6159.85879093841,7087.69911649527
,sp|Q14980;sp|Q14980|NUMA1,5992.89805082271,4434.93217152974,6565.42231241906,7147.26064776165,5419.99784717094,6906.3587132398,23633.4800394659,20153.0253075788,23017.8412744009,1107.37242004305,837.457020348788,1388.44903517173,9325.55333796827,12871.5037943294,10518.8833059576
,sp|Q149N8;sp|Q149N8|SHPRH,49071.4738258083,44435.3023900089,43893.3514591999,36087.6145628403,28744.9595810284,34791.8704105922,132305.225186972,145508.057693178,143155.442302476,13239.4428408907,21612.3111715404,14245.7839977649,75422.4305463558,81113.1988269878,73569.8171027647
,sp|Q15291;sp|Q15291|RBBP5,14414.672400333,9759.69050351779,15327.9168316649,11745.8307266669,12494.7337329164,9723.09499003676,28675.2366527414,29604.3226913391,29198.6853580436,10310.5468397352,11756.8382507905,15772.382064758,9238.27821300077,7379.12918044143,6776.98762032948
,sp|Q15906;sp|Q15906|VPS72,5751.86069321318,3976.79137288353,4900.89217813925,2061.3083662954,3321.18230791562,5541.00721205217,7153.54781665293,5351.78798347777,4963.88327227595,4225.42718466916,4811.56827524791,5326.30335318217,10432.701855894,7883.41912885353,10232.0662301634
,sp|Q16531;sp|Q16531|DDB1,10037.9447401386,8494.0816895816,12601.3171048842,2609.08554197774,2879.07336028548,4838.47747984981,37615.7781090998,47607.1558853958,44420.9600232647,17931.8160745531,11132.17204852,14261.7212176622,4342.72511000749,3905.15778262602,3666.30989289705
,sp|Q16531|DDB1,5494.44164413586,5368.7318589598,5379.04751219105,1672.2457788249,2066.68778567205,2695.92027518069,17349.1123787021,16478.8555670832,15661.7739395582,5954.40988864868,6198.39790293188,5283.85942614227,1854.57728759942,1981.03141683719,1384.09603359576
,sp|Q16576;sp|Q16576|RBBP7,7010.78980370573,2939.28076395112,8109.49938445951,5133.00226546665,3489.54105446147,2995.59192676645,14217.2587534014,17045.1407958084,11941.6332545032,2867.3806310025,387.046381208064,4716.56274378624,4916.98088196322,4217.02956898074,3417.55673359416
,sp|Q2KHR3;sp|Q2KHR3|QSER1,16774.0299325424,16754.8579399516,13779.7372529738,17981.1655614906,13225.8483046414,19648.599864567,61868.7796747133,59002.0743533498,53432.4377129828,21811.9402586264,30491.5710502268,21209.1891142406,18968.0532511024,21050.998237848,14237.4180272362
,sp|Q52LR7|EPC2,3331.9857517627,1955.45926273329,2045.52850501652,313.563717770127,1183.68912512161,1052.23363968575,5127.89581931652,3593.29442091269,2713.74702188261,2411.46800148289,2929.98626808121,1163.08982227006,943.823020362892,1748.24502826856,568.529010290827
,sp|Q53EQ6;sp|Q53EQ6|TIGD5,4283.31523761051,1963.48807410646,3113.00908277634,3589.93244401967,4783.33983565142,3659.79175235513,7370.28024865597,6471.14294854206,5163.78623250505,4931.72030822697,5519.86969231904,4024.01339941062,773.413596899371,881.470653307562,1109.45641547363
,sp|Q5PSV4;sp|Q5PSV4|BRM1L,9661.08834406656,6648.75658367498,7935.78662904399,11674.8673538955,4946.69533424115,10972.3038401897,20557.5468927011,23495.0414763003,25453.2816929933,10740.2443845807,11344.4290474783,14786.0486493502,6074.68829850215,6953.78952593115,8244.50880461196
,sp|Q5SSJ5;sp|Q5SSJ5|HP1B3,116884.78346259,106003.910969579,116904.794563244,105799.257184513,112488.629053553,121250.347713432,120301.364177286,118445.477212951,107523.104787681,99374.1530570317,92125.956234124,93206.5827053011,137663.961908046,128152.362738081,122304.725580672
,sp|Q5T5X7|BEND3,12927.3879934557,15173.1275432719,17126.7607407652,17652.0137023349,10427.3079236887,10557.5514298513,16592.7001726827,18183.2012851528,19206.1547180561,15815.8270901964,9143.67920363356,10410.4803501837,4491.42465957177,5054.7657460054,5152.15366865027
,sp|Q5UIP0;sp|Q5UIP0|RIF1,32353.4728703595,31720.1574627267,31465.8544639219,31634.6870820022,41581.0108686625,39771.9993020563,48344.7450730516,41029.1180388247,45063.5772817987,15091.8434192226,12951.6788699347,18237.3349701433,180741.100697988,189986.590862188,200028.931485068
,sp|Q6DN03|H2B2C;sp|Q6DRA6|H2B2D,12070.5442312367,8407.45883479669,8347.34689210015,19326.0768687701,13593.8217500746,18227.0025291442,6824.74172995974,13709.0102419026,20742.0174010191,21252.6955037687,34122.532073143,23904.021788894,16757.9703290579,14484.024375624,12728.7829737978
,sp|Q6MZP7;sp|Q6MZP7|LIN54,5028.48403876468,4023.93906742433,6750.37637531236,4177.10279689098,6442.98772284801,8455.25073542984,13692.0966118996,10448.952798366,18186.4265946763,7840.34210006956,4053.6228933771,5612.12179067064,3443.06246665636,909.238819445379,1115.21802072441
,sp|Q6NS38;sp|Q6NS38|ALKB2,10144.9301748457,6252.03549056946,10384.6257824473,10472.3010244851,7400.32758144123,11007.0516423392,11230.8815983214,12036.1440946653,17318.6408337007,8395.9819076858,9869.28379405492,9681.94408604954,15877.9881142878,11462.33785639,16194.803443116
,sp|Q6NT76;sp|Q6NT76|HMBX1,5857.77970535456,4998.47501932889,3513.61940125997,5356.65949985277,5425.0584928665,448.772435672757,13128.1887989081,8153.61010078066,3639.09848318402,1901.37291123217,2989.59597846663,5312.62930122512,899.241618187814,2249.41686691998,1166.3048360519
,sp|Q6PJG2|EMSA1,10756.6241403007,7192.91512575246,9212.68916516373,2784.95859849505,2979.69211055544,4146.39190615718,10931.5911002469,15063.3903608587,16058.965649631,5426.79594220383,3237.29890701783,4788.54178997024,4282.90565408193,6399.90355223196,6059.43068116409
,sp|Q6V0L0|CP26C;sp|Q96ST3|SIN3A,7395.99551356644,6948.75320680517,8519.29887340386,9620.5422825179,6163.89335150036,7331.824913116,14408.0959373312,13270.3964997854,17864.5746419481,6658.67477774197,5059.5810618527,5180.68902084917,3528.44008058139,2997.25043494616,3262.53139425662
,sp|Q6W2J9;sp|Q6W2J9|BCOR,34621.8958435187,24048.9454581317,33152.3267936558,22950.4110970446,26690.7668582629,27618.3765300825,50545.5162232956,44994.7963607202,36106.447748293,25872.4433060342,30752.9301923081,33716.7141345129,24473.5573830736,20785.011540641,23995.8378041328
,sp|Q6ZRS2;sp|Q6ZRS2|SRCAP,3483.64168111919,3153.3623039001,3119.46464371668,695.83357519178,591.861318737267,2241.02535654195,4691.94971056681,5441.36907330728,5235.81248636904,730.422802684931,2357.8448716369,649.032820794033,6585.48630494952,6481.13913216031,9300.59671867283
,sp|Q86UP3;sp|Q86UP3|ZFHX4,5957.13281886618,7586.10888960624,6097.69633839474,5297.29669599024,3283.00893667238,4028.43620368404,16893.4786460257,14933.2068417297,13439.5390376005,7572.10033108758,3449.4926517674,6603.38678977593,5650.31687696339,6684.62993772886,4070.63350970265
,sp|Q86V81|THOC4,5919.77481277571,5191.51042490212,4127.60306793742,2228.1759529711,1036.84586403077,4894.70090526465,5488.36618622249,6562.16769641142,7844.87590922829,3915.39148477095,7553.93639507569,5394.61325730417,3652.94954039126,3853.32822318396,5368.93544171943
,sp|Q86Y91;sp|Q86Y91|KI18B,21003.8252511039,12938.468701743,20121.8261399254,7299.7004518872,2813.59543289547,9714.53711324423,39938.8186982824,41123.1286404897,39602.2207855407,4468.93785106517,3046.73829701245,4633.08605897863,54646.714578725,40030.9550960662,32699.7893010521
,sp|Q86YP4;sp|Q86YP4|P66A,4253.81337141731,7497.69542219111,3053.05154418004,293.391525744035,4155.30877381344,2455.52362686321,18173.2781495066,14709.965700534,9183.70829415834,2299.13075364511,3601.28416635365,3646.87964292512,8346.59115421673,5236.6729710149,5514.31795311582
,sp|Q8IYH5;sp|Q8IYH5|ZZZ3,61664.8329315901,41069.7772470057,55230.865114043,17922.1948591337,22428.3320975423,30683.1597265285,69698.7115395126,68779.8685908266,49766.1827044554,19750.8334750384,18709.4653889111,19324.1925833564,50303.57425789,41323.1485768994,46327.1697158877
,sp|Q8N5C6;sp|Q8N5C6|SRBD1,12667.2732709455,11239.986753397,16360.9283114712,11813.3854232261,11064.6939486118,16214.6413785719,24180.3030049692,24412.9086809291,25535.9177499916,15959.5476562688,16277.4500448204,15623.2397220397,8847.27381728327,13845.6691400397,11108.9191951981
,sp|Q8N5C6|SRBD1,5006.77576128951,2042.94379311335,4202.23566548783,2892.70980702819,2871.49842260842,3970.27993070702,8996.86837952296,7018.30064256722,6317.9236474943,3854.0664793148,4533.33806981649,4193.1508902455,2774.97553391842,3158.08879817202,2996.57509061822
,sp|Q8N9N5,9066.62078075531,6699.26887481614,5329.96037947397,7173.45820787189,9455.71641924712,7037.76724102985,9905.4079965934,11314.5125731005,12517.5881627424,6305.92776738553,9742.73604591598,6735.18633698577,3348.11770022173,4124.17201679923,2694.01594214568
,sp|Q8N9N5;sp|Q8N9N5|BANP,19851.9022157204,16897.0332148075,13495.8295729428,19085.8311753051,20602.5350389573,14766.0039416283,28075.2205987124,21792.7775388734,21045.5007007276,16808.6085945851,10550.9141553395,14219.020918239,9457.99469726247,9284.84843613365,8722.32190322697
,sp|Q8NCY6|MSD4,5792.41689398029,4902.80353748128,3591.99581099796,521.943421415936,2346.73908520807,2700.17500179136,4104.81421445509,5239.66935136815,6736.93699354518,2427.96484255963,2637.62973101117,2521.48398895982,963.845341605739,1145.28145959914,545.713612922113
,sp|Q8NFW8;sp|Q8NFW8|NEUA,4016.5591692771,4991.23276628443,5940.95899813289,7401.62906451578,3241.63799225856,395.208813788265,4185.3619209882,6144.46745554448,5674.34163075072,2194.86610595933,5227.11162315535,4491.21974034562,3154.22706639539,5296.82486400843,5204.80254688725
,sp|Q8NFW8|NEUA,2564.99454582606,3007.48786633189,3504.97535824098,1890.88692128656,731.999425540227,1903.06496317925,1855.68126798306,1959.5441127969,2961.45307933219,1875.46117099342,2104.38434259962,2193.7347578258,2764.42616861845,3202.29343222591,2171.99257202638
,sp|Q8WXX5|DNJC9,21640.8204307657,72215.5247849954,19924.7120253331,11780.2370145562,13003.1205941637,13984.7822163028,38804.3422146175,31113.936336218,29104.3311036559,18475.3340793088,15028.1535704046,17666.5048228365,33311.5267348703,35525.2434751037,33644.2814740541
,sp|Q92466;sp|Q92466|DDB2,29593.8991854465,26435.4890765822,38461.8411246485,17046.1649398976,16361.5604650289,16982.2943273695,97620.6826562914,110400.613563831,130527.536734064,44766.8734182729,50261.1648089953,40559.8936716889,16453.642263546,18827.3732278154,21917.2218207837
,sp|Q92522|H1X,15696.5607229099,12683.7314033506,11812.893236235,11332.7510896366,8058.25590954853,8946.32966257769,8036.65049327618,7182.52558725936,7489.55003620498,8282.21652053852,12419.2227319289,10632.8568097013,10252.3255339246,10316.0030326421,13188.7217010577
,sp|Q92618|ZN516,3907.34212140662,1761.61272046653,3934.09142713048,1582.13724919167,1219.63989910238,1079.66480660654,6329.14812923693,4892.10262934324,5305.35333798054,1912.90217451387,1633.71182856901,344.156428423414,2294.05391388329,2059.40724311452,544.991750480548
,sp|Q92841;sp|Q92841|DDX17,1475.29590307229,7290.85583565512,3984.17996316366,5207.00583448854,2229.2086796227,2876.44394555609,8113.61255500162,9545.67620652194,7280.81817647786,1773.51600325126,4156.79722008028,3305.35719688122,2614.53482863973,3877.60517994431,5160.12995107943
,sp|Q96DT7;sp|Q96DT7|ZBT10,10437.877092588,13156.331383818,15287.5146423574,6584.70547021006,7047.49582777884,6977.43849823588,27005.4995491319,19162.9895303622,27030.9796353557,7780.30926533026,7826.6551166932,6610.14253253325,1684.51766949521,1829.03995030541,2258.53312198393
,sp|Q96JM7,725.172645701834,1038.96557341955,3397.84862220704,2303.58539105463,2558.44364013989,1117.67432028978,3261.74728370404,3020.09939421791,3532.43344826082,2058.93450632424,2441.97839432766,1018.04448543403,392.565391236872,1472.53508577837,1477.73147590171
,sp|Q96KM6|Z512B,4727.84187859226,3391.15268903633,5050.20042478625,4916.46807831149,4505.97573347921,3591.03531817235,5096.10073968731,6580.92625748883,5272.62952719086,4114.53349569564,3542.62378085158,2595.83254002368,5614.06368156093,4502.95233085046,5236.65747444589
,sp|Q96L91;sp|Q96L91|EP400,7947.24301884893,10649.4299018169,8574.92572578885,5490.22254213604,2272.90398914215,1260.25607787294,11879.097431432,13380.7458361802,8749.97205371465,7186.17433371482,3466.12724557198,6122.40524516508,3273.1689942869,4948.54602998894,7344.15934326507
,sp|Q96MR6|CFA57,4560.58390082964,4433.24644579127,3792.30411937842,4006.57888982747,3185.33601017093,3048.30820708842,3092.50545799562,3181.67168496624,5195.93850992726,5270.7642599523,2985.89514006486,3421.66853189751,3232.47773417339,3094.86904521594,2954.16901377481
,sp|Q96Q89;sp|Q96Q89|KI20B,26969.9842323868,17357.4228830161,21450.0831091059,7169.31356375406,11098.6794097683,9524.2003656953,54939.7254992113,54803.5726034195,60562.9358405094,4687.14822364274,3300.55793238384,6008.64807080976,21858.7549935474,20174.1768710633,20202.8245239425
,sp|Q96ST3|SIN3A,13235.2918184704,12795.3364555781,15442.7528137907,10731.0260833908,9126.84576071245,12272.2495327872,33422.9716064731,25704.0526081548,25019.588327717,13536.9489607401,14666.5265553016,12571.9296163611,5136.07985070362,4180.67177635684,5664.50729065214
,sp|Q96T58|MINT,2420.25578258433,1815.11018088425,4160.67769761811,2305.47669437923,1964.26479334558,3507.3650106454,14777.6171545197,15846.3792758649,12486.717884122,2769.77899869946,3700.09135853845,2590.99653987795,3354.57734571317,4330.33123333502,3548.5053096768
,sp|Q99583|MNT,9838.95156655099,10754.1706309288,10985.1911004082,7384.94837979641,5373.45609942168,8586.87906909132,19689.5861406422,14921.6902395906,14207.7139462303,10398.9472138383,8894.53493193183,10722.9812506389,6029.74899009503,8712.88549679543,7704.10541864292
,sp|Q99728;sp|Q99728|BARD1,18746.3274584644,13682.7247420467,13544.9835256932,9603.37601553932,10195.0536290765,9151.79751792008,12521.5480629371,11157.6771747238,13499.1127062612,13681.6934973656,15280.3432068299,11595.019971716,16122.2362141198,12752.2508716795,10887.8052153817
,sp|Q99742|NPAS1,5150.70002484137,4446.3188686976,4492.80395447063,4991.62803780624,4320.27120854429,2790.03447121134,6623.2936265886,5261.76543953965,4907.60686929599,4453.62031391874,5473.64084650694,3823.19617931642,3234.51255200845,3244.11916489945,509.549150785032
,sp|Q99986|VRK1,5779.48550727583,6614.05218905999,6218.07470514341,1010.4597765379,947.486020664675,820.489922063717,24787.0332543756,27402.4339832478,22798.1473231902,6913.34081508271,10419.1610341959,6833.10082291187,642.896428652626,849.663352739391,1133.60588162065
,sp|Q9BQE3|TBA1C,4281.41922081922,5650.4351159023,3777.86351409982,4178.88230365243,3427.54530273216,3670.75926300419,8828.850193297,11252.7931232157,10397.55541837,4671.66197219077,4569.99508839701,4510.54453540121,3969.85403964381,3938.41429921343,2754.55314425033
,sp|Q9BQW3;sp|Q9BQW3|COE4;sp|Q9H4W6;sp|Q9H4W6|COE3,40919.640199768,30732.0998448451,28987.4639691535,29089.7867288127,29036.2010803933,30849.9965865988,64555.5652594254,57552.0221218344,69108.4780560104,37130.8879643167,48447.3251051598,36152.2711541036,29837.3240402479,31376.664048418,36648.2267726259
,sp|Q9BTC0;sp|Q9BTC0|DIDO1,7146.32807462417,2512.26472245831,3885.67942234092,2805.74541629761,510.94632929094,3195.27672279966,6441.08072163071,6765.83867858016,6369.11324666312,2161.40755141515,337.067154134334,4504.5568044664,13101.6963962027,18695.0363765218,14260.2236521399
,sp|Q9BUH6|PAXX,6200.69977418069,7378.84365873905,7313.6246736457,7749.25138433497,4983.11672882912,6575.93385769121,6854.23106086775,10850.0637272405,12506.7074651131,10346.6157087539,15737.1447751749,9116.06916521388,9671.09716598884,9973.59513120127,9065.6919629781
,sp|Q9GZN1;sp|Q9GZN1|ARP6,10447.2098242991,7084.92605965615,8238.58439181994,5172.21376301316,6428.28018770075,2730.08527880725,18113.3578248859,17547.8431588882,18778.7548606269,2712.23824716626,758.420833516435,1592.03627769126,47665.770479373,39202.6260568066,41308.3080784264
,sp|Q9GZN1|ARP6,8327.18228802428,8776.14020807352,5640.27860249781,4358.82273032291,5289.65180775262,5302.20855733883,15691.9197613207,17115.3036269804,14917.4398313306,2467.40691544432,3262.92050421012,5203.76026733095,32857.5745142076,34633.777650488,31067.3647272638
,sp|Q9H0E9;sp|Q9H0E9|BRD8,1396.63960943951,6227.17925308381,4710.87816500593,7585.75382460355,1754.70050730046,5494.97995371386,5101.32912219563,5144.15804950301,723.962073806517,2099.09691958975,1009.37595629414,2189.72558288532,2907.12174004065,4175.47406265799,3771.78213280179
,sp|Q9H147|TDIF1,53914.4387485017,36854.9775392799,47705.1061938731,23012.3641910671,19246.5061787456,20177.7063468207,80718.1257318425,99118.4137082406,102699.95645302,29799.5910563174,31734.5050438999,33718.2448143775,43645.2120685956,41857.240537018,41178.642388813
,sp|Q9H1A4|APC1,1497.25219709456,2732.52043619146,3373.70839950304,1813.09585912258,2762.70358473069,2202.12133101734,837.872472916545,2674.01317137112,1961.80849361688,1694.2608164252,1030.72723923763,0,27931.2692991649,26102.6600021956,30553.0722741017
,sp|Q9H7L9|SDS3,10227.401114424,5111.82595536543,6014.90475009956,7478.68890811083,8377.96339870556,7404.28305249773,14660.3447958748,13781.3098394002,16525.6596778613,8208.27947811012,8319.57842450293,7486.87977098446,4500.62408505942,3403.66106272068,5175.60460157141
,sp|Q9H8E8;sp|Q9H8E8|CSR2B,6113.64878088666,8519.74356342136,13719.9705757549,1999.97051116827,2510.41926528845,2908.21850117566,12212.0713842449,7984.37213711168,9773.46627832255,3293.71235452074,2723.47547795276,3120.3489024379,6437.00238650558,7028.627615995,5508.69299303663
,sp|Q9H967|WDR76,4009.44091539829,3462.87370819553,6098.48028948228,5329.61883141309,4938.00716490655,4048.9425197236,4451.11073976273,5706.19585704009,3664.30638146919,2898.57141545309,4350.27258597945,2175.18654085995,7414.91619141384,8280.75056552633,5332.46506396407
,sp|Q9HAP2;sp|Q9HAP2|MLXIP,9183.5937716379,5761.03137249471,8743.95627064848,6494.86629157628,4299.85454198965,4866.02725986521,10449.7383557833,13580.7027307522,16805.1681866595,4747.33193598658,5162.23006632609,6214.00179023945,828.7854717648,4866.22913492624,1161.58241758346
,sp|Q9NPF5|DMAP1,9138.22530263117,9360.88650040785,8450.13327977664,2300.5555826533,2134.61096540811,2511.63193847724,18082.0086880723,11884.2522841974,14474.7604865901,2951.01217933035,1274.83227213212,5638.30513727713,28288.1676513504,25517.1549351692,25658.100444156
,sp|Q9NS73;sp|Q9NS73|MBIP1,33323.4942860201,26244.2836627398,33282.0702405314,13552.7970940915,10688.6802330895,19361.3514112071,33186.7787926667,31959.3814548543,44813.9767754441,6807.98406825587,8485.96321747196,10969.1497997153,32800.893722006,30120.0323234332,32717.3442804905
,sp|Q9NUW8;sp|Q9NUW8|TYDP1,3285.26581723751,3683.13495434055,2445.27730220149,1901.7862327915,2505.50790929789,3820.97529925435,11491.4500149505,10109.0089491548,10094.7084768436,3727.46839544594,5178.11291401476,2630.27935084661,3843.71401757022,7045.31165780972,3979.12192008758
,sp|Q9NVE5,1874.7858256785,1786.02760333559,1547.24897084833,2121.6554612183,1385.21217988248,1546.24473463089,2923.12607508061,1600.14010387954,2181.6978111976,2316.35494855022,2347.39895662878,769.567186466831,978.00212032188,1561.48140659171,1987.79528149177
,sp|Q9NZI7;sp|Q9NZI7|UBIP1,7401.16228467787,5072.30009319054,8385.09979923116,3474.02257274035,4172.17192295901,4507.75862100654,11701.0303129088,10839.0256169126,9499.54987748205,4318.46915549117,3185.10919847226,7663.78077440586,3891.44453279934,868.308601858765,6727.82956720599
,sp|Q9P2K3;sp|Q9P2K3|RCOR3,6154.96387839076,6568.18484470169,8515.92467959566,5206.09508235671,4607.8401238249,408.284973630236,11414.8960467305,10405.0909549303,10782.3562603499,7229.17789469719,4949.73509283758,4116.99894698328,4197.00852978785,9177.99303734754,6942.43498944969
,sp|Q9UBL3;sp|Q9UBL3|ASH2L,36635.4089242208,29589.6166146444,34846.3020434843,35442.1006123936,31249.9263498153,36663.1079653002,85954.9308070673,78099.6154452764,68971.3513056484,31844.6833571207,33886.3814614069,41534.8131767492,23925.2641178984,21462.5528804675,19141.6827140936
,sp|Q9UGN5;sp|Q9UGN5|PARP2,20154.6256164988,16132.9272726485,20655.6442843843,15235.500251214,11205.8896858971,13774.7856901518,24712.9315968307,27942.9430713086,21570.9692150113,11723.5265002334,18451.0860344168,16563.3725130926,21842.3430365551,19245.577478572,23974.9272924527
,sp|Q9UH92;sp|Q9UH92|MLX,1424.17519134061,3456.88961515513,2984.83870273705,2971.76505760788,3739.87637784297,5193.27927760231,7124.65468844883,6294.5316617991,9278.69054753485,2140.28323603037,2752.10151070766,2007.64659910562,805.919259587931,935.599270430747,2550.02096081158
,sp|Q9UHJ3;sp|Q9UHJ3|SMBT1,2961.95267649199,4331.30543420115,4031.66166275454,3102.02374935965,5168.34539597958,6461.54330086777,9142.53465585556,10225.3766457012,11446.2303295384,5745.44751879563,5007.17225662611,3884.23956541754,3087.95149678385,3132.52219486865,1095.36513170666
,sp|Q9UI36;sp|Q9UI36|DACH1,12835.627457916,6526.54856000965,9005.02621231234,276.527280888933,4188.10801792593,5366.17228168476,16861.6851088278,15894.4313166557,12762.3313410422,2773.92402182432,4977.96503497636,3769.54326270513,4494.99805412162,929.489050261933,1087.08148769639
,sp|Q9UIG0;sp|Q9UIG0|BAZ1B,3800.56329188486,4246.88253926139,4957.16897290824,3118.4634169558,3404.38396412434,3641.71332449754,4868.45770240854,4877.45030411989,2371.75582502878,1946.22891715079,2851.61413847068,3254.18748472743,2535.50226048236,3170.96666627506,3397.15306055387
,sp|Q9UJV9|DDX41,2945.67341442403,4074.38841351066,2954.08325628417,46.0414760617398,2067.2906741113,3293.92571542842,2315.4649028276,2087.39220573869,988.957340171669,1985.69287353948,527.248135744481,400.023193870751,427.110750765621,929.629914665511,1590.78905599371
,sp|Q9UJX3;sp|Q9UJX3|APC7,11119.527843279,9613.87905437629,10252.3479545583,14491.6996655699,8989.27198078192,16406.4213991041,10871.3741662101,6644.88285261435,11601.2467141121,8670.13466719551,13660.2405202016,7686.40140539025,112129.843773224,106992.765335397,110613.515036695
,sp|Q9UJX5;sp|Q9UJX5|APC4,1508.31515473626,843.527723711185,752.153607172976,2260.18729802215,3885.40352089352,2963.38457640954,781.086223205765,881.283134223138,1052.06403665958,948.660660866305,89.7037762199871,1110.93338538368,25341.2082640883,37284.1362558243,23212.0745157375
,sp|Q9UKL0|RCOR1,6304.18841748779,7993.78386822994,10070.9696500892,7260.89635481374,2969.66940448728,6686.76268395506,17189.0331573701,20020.3329713354,15318.3882867451,7374.3701498463,5660.97111865089,9306.69856402462,5559.80721450672,5878.39581841449,6377.69939652815
,sp|Q9UKY1|ZHX1,9397.48329871689,8271.8994779461,7636.28866497877,3780.97680129429,6424.37689256716,6008.44931619549,25671.6943495711,19239.7955338888,16601.994822986,6569.23382060199,6805.65025627498,5459.4329166895,4661.05470096037,3721.30973296571,3806.24037783158
,sp|Q9ULM3|YETS2,633.109393009884,2212.18858291964,4937.57590585306,233.654044392876,916.89417206241,2199.78331063162,2259.94361437801,3088.89136979647,2447.97181250943,249.988345925924,1649.1613011121,2061.79626065363,2936.65367201875,4985.96273750041,3121.65891820768
,sp|Q9ULW0;sp|Q9ULW0|TPX2,1375.7430423489,3598.40723443821,5247.9325647852,3373.29390162281,5624.13118416478,3327.78504705021,3473.70535784506,3282.87221214034,834.183612085807,840.846355662681,290.4260559914,0,19670.69117431,20702.0252745066,19210.068486375
,sp|Q9UMN6|KMT2B,2485.12852466034,3126.95891919148,2858.13828546959,1987.62836017487,3483.22754898801,4217.0247551116,5570.45146102212,4595.21673343586,4725.94485286553,3111.41273758034,2508.52880632406,4280.47752145607,1115.27095708351,990.03296082947,1181.22115960326
,sp|Q9Y230;sp|Q9Y230|RUVB2,18922.6251728992,22208.2975885241,24777.2657220404,12495.8394802675,9838.91662564858,10529.8161031125,34556.7264147859,39876.9584789081,38608.0782695618,14154.9988278317,6017.40916589197,12897.537558774,75305.6720326837,72450.3434601156,75326.6616428332
,sp|Q9Y230|RUVB2,17250.152765335,13019.2167073812,13991.7588808732,5360.38917841088,6846.60228093197,5366.1167589851,26495.7869081568,26501.0293389975,25784.5754952882,5544.53063849684,6197.74247628505,5613.42764241962,51272.634041496,45918.5192622935,50973.7237980651
,sp|Q9Y265;sp|Q9Y265|RUVB1,74115.3432603705,65230.4621781557,65762.5029572715,25558.8074405053,22867.283594592,35160.6018556573,122994.98574873,116262.075144727,110054.593933628,19643.5775157888,26612.5457736001,32499.1215449485,221935.749920641,218666.712118937,207586.943975542
,sp|Q9Y265|RUVB1,111164.236063376,110970.543770022,95449.5346140204,56196.1903067101,59110.1120180493,55480.973653934,241378.494776731,243624.15415529,244465.290296655,45072.4812406467,46710.4880952093,64359.7640642082,440327.959735164,449979.209863868,405164.682657237
,sp|Q9Y2K7;sp|Q9Y2K7|KDM2A,7932.65231682608,1864.96396224295,4841.49082409481,6343.31665645868,448.807554127624,3862.92588974718,3853.33158489464,3446.3957888734,4118.80813563267,2402.57128818054,590.8649126131,3887.98154498712,9228.12356966566,13135.8846875134,9538.32967790682
,sp|Q9Y4A0|JERKL,1977.43380795374,2001.70549244935,2643.30433099689,1906.28597803268,3124.50115722839,3512.09299466861,2823.90084920916,3274.88643930994,2894.69033437736,2006.03380751605,4449.56504172695,2061.02726255389,3048.76140542777,2288.04181417604,3534.30379866056
,sp|Q9Y4A5;sp|Q9Y4A5|TRRAP,5600.35445305191,6216.84794625178,11355.9667820434,6779.8600850418,5799.404495305,4140.50735232261,20932.775070564,15878.358095706,13487.5166416156,10849.1009795608,4944.48244400384,2357.99887501462,6798.47600233771,8543.61233733423,7787.41416648369
,sp|Q9Y5B9|SP16H,9910.37352688776,8366.7388007789,9308.32642659356,8129.85246672018,8144.61179946026,8202.89789987708,15659.4788124082,9720.19032891343,12990.2070932521,5882.98290173963,4458.43995855742,5199.78365847427,12194.9215957476,11381.9294823002,10329.1712123424
,sp|Q9Y5J3;sp|Q9Y5J3|HEY1,7285.2994196869,5205.1661301106,6156.56869001596,6635.75235457265,3092.78868611737,5506.6119630865,8192.02150255102,9876.81319153928,11827.7992053573,8891.92568175599,5940.94024735994,6476.98842841799,4979.27515675128,6858.26078954312,7318.99521284547
H2B.C,H2B.C,34551.9819640641,35184.0152984452,40104.9049897836,134141.840868405,116253.972322438,134292.420910871,456.449194295366,488.446248112368,1028.05753941796,858.120770112246,1101.79686693326,953.817153118583,947.710423775029,976.730365113511,1150.7033847731
H3.2,H3.2;sp|P68431|H31;sp|P84243|H33;sp|Q16695|H31T;sp|Q6NXT2|H3C;sp|Q71DI3|H32,413156.85796584,463474.542562387,468797.773267986,473475.827053461,438839.158396527,471535.043257586,288629.941560386,333449.631305226,470398.997684845,616400.624300821,960278.804852653,714193.430193654,576538.083890146,540538.922500902,657489.670881406
H3.2,H3.2;sp|P68431|H31;sp|P84243|H33;sp|Q16695|H31T;sp|Q71DI3|H32,368958.705877917,410059.845869419,481601.634850858,396544.039065626,429431.224436447,531541.308629186,223331.854889767,298838.60573848,449034.583090637,577496.780404848,856506.203542582,542548.408286927,627637.031553332,571859.942688137,693766.868926378
H3.2,H3.2;sp|P68431|H31;sp|Q16695|H31T;sp|Q71DI3|H32,165792.93548351,168071.491006079,156855.763554776,169976.262052026,177098.19486411,169580.811751029,102399.190204381,112334.003889834,148725.250260682,258614.37532446,334353.268394042,280658.010950385,195319.136365312,190043.790755795,227138.734298009
xH4,sp|P62805|H4;xH4,95100.7054348487,89056.4862940265,104733.954334046,91067.2415861198,101845.762889721,111475.575695573,75301.9891326386,78563.7954852769,102028.0078428,136250.391339527,224308.600736656,157228.017863521,98346.6830365139,104366.849504458,133432.531223239
H3.2;NA;NA;NA,H3.2;sp|P68431|H31;sp|Q16695|H31T;sp|Q71DI3|H32,,,,,,,,,,,,,,,
H3.2;NA;NA;NA;NA,H3.2;sp|P68431|H31;sp|P84243|H33;sp|Q16695|H31T;sp|Q71DI3|H32,,,,,,,,,,,,,,,
H3.2;NA;NA;NA;NA;NA,H3.2;sp|P68431|H31;sp|P84243|H33;sp|Q16695|H31T;sp|Q6NXT2|H3C;sp|Q71DI3|H32,,,,,,,,,,,,,,,
NA;NA,sp|O00159;sp|O00159|MYO1C,,,,,,,,,,,,,,,
NA;NA,sp|O00255;sp|O00255|MEN1,,,,,,,,,,,,,,,
NA;NA,sp|O00716;sp|O00716|E2F3,,,,,,,,,,,,,,,
NA;NA,sp|O14593;sp|O14593|RFXK,,,,,,,,,,,,,,,
NA;NA,sp|O15156;sp|O15156|ZBT7B,,,,,,,,,,,,,,,
NA;NA,sp|O43390;sp|O43390|HNRPR,,,,,,,,,,,,,,,
NA;NA,sp|O60341;sp|O60341|KDM1A,,,,,,,,,,,,,,,
NA;NA,sp|O75475;sp|O75475|PSIP1,,,,,,,,,,,,,,,
NA;NA,sp|O75528;sp|O75528|TADA3,,,,,,,,,,,,,,,
NA;NA,sp|O94776;sp|O94776|MTA2,,,,,,,,,,,,,,,
NA;NA,sp|O95251;sp|O95251|KAT7,,,,,,,,,,,,,,,
NA;NA,sp|O95785;sp|O95785|WIZ,,,,,,,,,,,,,,,
NA;NA,sp|O96019;sp|O96019|ACL6A,,,,,,,,,,,,,,,
NA;NA,sp|P07305;sp|P07305|H10,,,,,,,,,,,,,,,
NA;NA,sp|P07910;sp|P07910|HNRPC,,,,,,,,,,,,,,,
NA;NA,sp|P11142;sp|P11142|HSP7C,,,,,,,,,,,,,,,
NA;NA,sp|P11388;sp|P11388|TOP2A,,,,,,,,,,,,,,,
NA;NA,sp|P12956;sp|P12956|XRCC6,,,,,,,,,,,,,,,
NA;NA,sp|P17040;sp|P17040|ZSC20,,,,,,,,,,,,,,,
NA;NA,sp|P17480;sp|P17480|UBF1,,,,,,,,,,,,,,,
NA;NA,sp|P18754;sp|P18754|RCC1,,,,,,,,,,,,,,,
NA;NA,sp|P22415;sp|P22415|USF1,,,,,,,,,,,,,,,
NA;NA,sp|P26368;sp|P26368|U2AF2,,,,,,,,,,,,,,,
NA;NA,sp|P26599;sp|P26599|PTBP1,,,,,,,,,,,,,,,
NA;NA,sp|P27540;sp|P27540|ARNT,,,,,,,,,,,,,,,
NA;NA,sp|P27816;sp|P27816|MAP4,,,,,,,,,,,,,,,
NA;NA,sp|P29372;sp|P29372|3MG,,,,,,,,,,,,,,,
NA;NA,sp|P30260;sp|P30260|CDC27,,,,,,,,,,,,,,,
NA;NA,sp|P31943|HNRH1;sp|P52597|HNRPF,,,,,,,,,,,,,,,
NA;NA,sp|P31943|HNRH1;sp|P55795|HNRH2,,,,,,,,,,,,,,,
NA;NA,sp|P35249;sp|P35249|RFC4,,,,,,,,,,,,,,,
NA;NA,sp|P35250;sp|P35250|RFC2,,,,,,,,,,,,,,,
NA;NA,sp|P35251;sp|P35251|RFC1,,,,,,,,,,,,,,,
NA;NA,sp|P35579;sp|P35579|MYH9,,,,,,,,,,,,,,,
NA;NA,sp|P35580;sp|P35580|MYH10,,,,,,,,,,,,,,,
NA;NA,sp|P35659;sp|P35659|DEK,,,,,,,,,,,,,,,
NA;NA,sp|P36406;sp|P36406|TRI23,,,,,,,,,,,,,,,
NA;NA,sp|P39880;sp|P39880|CUX1,,,,,,,,,,,,,,,
NA;NA,sp|P40937;sp|P40937|RFC5,,,,,,,,,,,,,,,
NA;NA,sp|P40938;sp|P40938|RFC3,,,,,,,,,,,,,,,
NA;NA,sp|P43243;sp|P43243|MATR3,,,,,,,,,,,,,,,
NA;NA,sp|P43246;sp|P43246|MSH2,,,,,,,,,,,,,,,
NA;NA,sp|P46013;sp|P46013|KI67,,,,,,,,,,,,,,,
NA;NA,sp|P48382;sp|P48382|RFX5,,,,,,,,,,,,,,,
NA;NA,sp|P49916;sp|P49916|DNLI3,,,,,,,,,,,,,,,
NA;NA,sp|P49959;sp|P49959|MRE11,,,,,,,,,,,,,,,
NA;NA,sp|P51608;sp|P51608|MECP2,,,,,,,,,,,,,,,
NA;NA,sp|P51610;sp|P51610|HCFC1,,,,,,,,,,,,,,,
NA;NA,sp|P52272;sp|P52272|HNRPM,,,,,,,,,,,,,,,
NA;NA,sp|P54727;sp|P54727|RD23B,,,,,,,,,,,,,,,
NA;NA,sp|P56270;sp|P56270|MAZ,,,,,,,,,,,,,,,
NA;NA,sp|P60709|ACTB;sp|P63261|ACTG,,,,,,,,,,,,,,,
NA;NA,sp|P61978;sp|P61978|HNRPK,,,,,,,,,,,,,,,
NA;NA,sp|P78527;sp|P78527|PRKDC,,,,,,,,,,,,,,,
NA;NA,sp|P78549;sp|P78549|NTH,,,,,,,,,,,,,,,
NA;NA,sp|P85037;sp|P85037|FOXK1,,,,,,,,,,,,,,,
NA;NA,sp|Q00839;sp|Q00839|HNRPU,,,,,,,,,,,,,,,
NA;NA,sp|Q01167;sp|Q01167|FOXK2,,,,,,,,,,,,,,,
NA;NA,sp|Q01831;sp|Q01831|XPC,,,,,,,,,,,,,,,
NA;NA,sp|Q02880;sp|Q02880|TOP2B,,,,,,,,,,,,,,,
NA;NA,sp|Q09028;sp|Q09028|RBBP4,,,,,,,,,,,,,,,
NA;NA,sp|Q12800;sp|Q12800|TFCP2,,,,,,,,,,,,,,,
NA;NA,sp|Q12830;sp|Q12830|BPTF,,,,,,,,,,,,,,,
NA;NA,sp|Q13330;sp|Q13330|MTA1,,,,,,,,,,,,,,,
NA;NA,sp|Q14186;sp|Q14186|TFDP1,,,,,,,,,,,,,,,
NA;NA,sp|Q14527;sp|Q14527|HLTF,,,,,,,,,,,,,,,
NA;NA,sp|Q14676;sp|Q14676|MDC1,,,,,,,,,,,,,,,
NA;NA,sp|Q14807;sp|Q14807|KIF22,,,,,,,,,,,,,,,
NA;NA,sp|Q14839;sp|Q14839|CHD4,,,,,,,,,,,,,,,
NA;NA,sp|Q14980;sp|Q14980|NUMA1,,,,,,,,,,,,,,,
NA;NA,sp|Q149N8;sp|Q149N8|SHPRH,,,,,,,,,,,,,,,
NA;NA,sp|Q15291;sp|Q15291|RBBP5,,,,,,,,,,,,,,,
NA;NA,sp|Q15906;sp|Q15906|VPS72,,,,,,,,,,,,,,,
NA;NA,sp|Q16531;sp|Q16531|DDB1,,,,,,,,,,,,,,,
NA;NA,sp|Q16576;sp|Q16576|RBBP7,,,,,,,,,,,,,,,
NA;NA,sp|Q2KHR3;sp|Q2KHR3|QSER1,,,,,,,,,,,,,,,
NA;NA,sp|Q53EQ6;sp|Q53EQ6|TIGD5,,,,,,,,,,,,,,,
NA;NA,sp|Q5PSV4;sp|Q5PSV4|BRM1L,,,,,,,,,,,,,,,
NA;NA,sp|Q5SSJ5;sp|Q5SSJ5|HP1B3,,,,,,,,,,,,,,,
NA;NA,sp|Q5UIP0;sp|Q5UIP0|RIF1,,,,,,,,,,,,,,,
NA;NA,sp|Q6DN03|H2B2C;sp|Q6DRA6|H2B2D,,,,,,,,,,,,,,,
NA;NA,sp|Q6MZP7;sp|Q6MZP7|LIN54,,,,,,,,,,,,,,,
NA;NA,sp|Q6NS38;sp|Q6NS38|ALKB2,,,,,,,,,,,,,,,
NA;NA,sp|Q6NT76;sp|Q6NT76|HMBX1,,,,,,,,,,,,,,,
NA;NA,sp|Q6V0L0|CP26C;sp|Q96ST3|SIN3A,,,,,,,,,,,,,,,
NA;NA,sp|Q6W2J9;sp|Q6W2J9|BCOR,,,,,,,,,,,,,,,
NA;NA,sp|Q6ZRS2;sp|Q6ZRS2|SRCAP,,,,,,,,,,,,,,,
NA;NA,sp|Q86UP3;sp|Q86UP3|ZFHX4,,,,,,,,,,,,,,,
NA;NA,sp|Q86Y91;sp|Q86Y91|KI18B,,,,,,,,,,,,,,,
NA;NA,sp|Q86YP4;sp|Q86YP4|P66A,,,,,,,,,,,,,,,
NA;NA,sp|Q8IYH5;sp|Q8IYH5|ZZZ3,,,,,,,,,,,,,,,
NA;NA,sp|Q8N5C6;sp|Q8N5C6|SRBD1,,,,,,,,,,,,,,,
NA;NA,sp|Q8N9N5;sp|Q8N9N5|BANP,,,,,,,,,,,,,,,
NA;NA,sp|Q8NFW8;sp|Q8NFW8|NEUA,,,,,,,,,,,,,,,
NA;NA,sp|Q92466;sp|Q92466|DDB2,,,,,,,,,,,,,,,
NA;NA,sp|Q92841;sp|Q92841|DDX17,,,,,,,,,,,,,,,
NA;NA,sp|Q96DT7;sp|Q96DT7|ZBT10,,,,,,,,,,,,,,,
NA;NA,sp|Q96L91;sp|Q96L91|EP400,,,,,,,,,,,,,,,
NA;NA,sp|Q96Q89;sp|Q96Q89|KI20B,,,,,,,,,,,,,,,
NA;NA,sp|Q99728;sp|Q99728|BARD1,,,,,,,,,,,,,,,
NA;NA,sp|Q9BTC0;sp|Q9BTC0|DIDO1,,,,,,,,,,,,,,,
NA;NA,sp|Q9GZN1;sp|Q9GZN1|ARP6,,,,,,,,,,,,,,,
NA;NA,sp|Q9H0E9;sp|Q9H0E9|BRD8,,,,,,,,,,,,,,,
NA;NA,sp|Q9H8E8;sp|Q9H8E8|CSR2B,,,,,,,,,,,,,,,
NA;NA,sp|Q9HAP2;sp|Q9HAP2|MLXIP,,,,,,,,,,,,,,,
NA;NA,sp|Q9NS73;sp|Q9NS73|MBIP1,,,,,,,,,,,,,,,
NA;NA,sp|Q9NUW8;sp|Q9NUW8|TYDP1,,,,,,,,,,,,,,,
NA;NA,sp|Q9NZI7;sp|Q9NZI7|UBIP1,,,,,,,,,,,,,,,
NA;NA,sp|Q9P2K3;sp|Q9P2K3|RCOR3,,,,,,,,,,,,,,,
NA;NA,sp|Q9UBL3;sp|Q9UBL3|ASH2L,,,,,,,,,,,,,,,
NA;NA,sp|Q9UGN5;sp|Q9UGN5|PARP2,,,,,,,,,,,,,,,
NA;NA,sp|Q9UH92;sp|Q9UH92|MLX,,,,,,,,,,,,,,,
NA;NA,sp|Q9UHJ3;sp|Q9UHJ3|SMBT1,,,,,,,,,,,,,,,
NA;NA,sp|Q9UI36;sp|Q9UI36|DACH1,,,,,,,,,,,,,,,
NA;NA,sp|Q9UIG0;sp|Q9UIG0|BAZ1B,,,,,,,,,,,,,,,
NA;NA,sp|Q9UJX3;sp|Q9UJX3|APC7,,,,,,,,,,,,,,,
NA;NA,sp|Q9UJX5;sp|Q9UJX5|APC4,,,,,,,,,,,,,,,
NA;NA,sp|Q9ULW0;sp|Q9ULW0|TPX2,,,,,,,,,,,,,,,
NA;NA,sp|Q9Y230;sp|Q9Y230|RUVB2,,,,,,,,,,,,,,,
NA;NA,sp|Q9Y265;sp|Q9Y265|RUVB1,,,,,,,,,,,,,,,
NA;NA,sp|Q9Y2K7;sp|Q9Y2K7|KDM2A,,,,,,,,,,,,,,,
NA;NA,sp|Q9Y4A5;sp|Q9Y4A5|TRRAP,,,,,,,,,,,,,,,
NA;NA,sp|Q9Y5J3;sp|Q9Y5J3|HEY1,,,,,,,,,,,,,,,
NA;NA;NA,sp|A6NKT7|RGPD3;sp|P49792|RBP2;sp|Q7Z3J3|RGPD4,,,,,,,,,,,,,,,
NA;NA;NA,sp|B2RPK0|HGB1A;sp|P09429|HMGB1;sp|P26583|HMGB2,,,,,,,,,,,,,,,
NA;NA;NA,sp|B7ZW38|HNRC3;sp|O60812|HNRC1;sp|P0DMR1|HNRC4,,,,,,,,,,,,,,,
NA;NA;NA,sp|O60264|SMCA5;sp|P28370;sp|P28370|SMCA1,,,,,,,,,,,,,,,
NA;NA;NA,sp|O94805|ACL6B;sp|O96019;sp|O96019|ACL6A,,,,,,,,,,,,,,,
NA;NA;NA,sp|P04350|TBB4A;sp|P07437|TBB5;sp|P68371|TBB4B,,,,,,,,,,,,,,,
NA;NA;NA,sp|P08670|VIME;sp|P41219;sp|P41219|PERI,,,,,,,,,,,,,,,
NA;NA;NA,sp|P0DMV8;sp|P0DMV8|HS71A;sp|P0DMV9|HS71B,,,,,,,,,,,,,,,
NA;NA;NA,sp|P0DMV8|HS71A;sp|P0DMV9|HS71B;sp|P34931|HS71L,,,,,,,,,,,,,,,
NA;NA;NA,sp|P10412|H14;sp|P16401|H15;sp|P16403|H12,,,,,,,,,,,,,,,
NA;NA;NA,sp|P10412|H14;sp|P16402|H13;sp|P16403|H12,,,,,,,,,,,,,,,
NA;NA;NA,sp|P11387|TOP1;sp|Q969P6;sp|Q969P6|TOP1M,,,,,,,,,,,,,,,
NA;NA;NA,sp|P35579|MYH9;sp|P35580;sp|P35580|MYH10,,,,,,,,,,,,,,,
NA;NA;NA,sp|P38159;sp|P38159|RBMX;sp|Q96E39|RMXL1,,,,,,,,,,,,,,,
NA;NA;NA,sp|P54725;sp|P54725|RD23A;sp|P54727|RD23B,,,,,,,,,,,,,,,
NA;NA;NA,sp|P60709|ACTB;sp|P63261|ACTG;sp|Q6S8J3|POTEE,,,,,,,,,,,,,,,
NA;NA;NA,sp|P68104|EF1A1;sp|Q05639|EF1A2;sp|Q5VTE0|EF1A3,,,,,,,,,,,,,,,
NA;NA;NA,sp|P81133|SIM1;sp|Q14190;sp|Q14190|SIM2,,,,,,,,,,,,,,,
NA;NA;NA,sp|Q06587;sp|Q06587|RING1;sp|Q99496|RING2,,,,,,,,,,,,,,,
NA;NA;NA,sp|Q13547|HDAC1;sp|Q92769;sp|Q92769|HDAC2,,,,,,,,,,,,,,,
NA;NA;NA;NA,sp|P07437|TBB5;sp|P68371|TBB4B;sp|Q13885|TBB2A;sp|Q9BVA1|TBB2B,,,,,,,,,,,,,,,
NA;NA;NA;NA,sp|P07437|TBB5;sp|Q13509|TBB3;sp|Q13885|TBB2A;sp|Q9BVA1|TBB2B,,,,,,,,,,,,,,,
NA;NA;NA;NA,sp|P0CG47|UBB;sp|P0CG48|UBC;sp|P62979|RS27A;sp|P62987|RL40,,,,,,,,,,,,,,,
NA;NA;NA;NA,sp|P0DMV8;sp|P0DMV8|HS71A;sp|P0DMV9|HS71B;sp|P17066|HSP76,,,,,,,,,,,,,,,
NA;NA;NA;NA,sp|P0DMV8;sp|P0DMV8|HS71A;sp|P0DMV9|HS71B;sp|P34931|HS71L,,,,,,,,,,,,,,,
NA;NA;NA;NA,sp|P10412|H14;sp|P16401|H15;sp|P16402|H13;sp|P16403|H12,,,,,,,,,,,,,,,
NA;NA;NA;NA,sp|P11142;sp|P11142|HSP7C;sp|P17066|HSP76;sp|P54652|HSP72,,,,,,,,,,,,,,,
NA;NA;NA;NA,sp|P56178;sp|P56178|DLX5;sp|Q07687;sp|Q07687|DLX2,,,,,,,,,,,,,,,
NA;NA;NA;NA,sp|P62736|ACTA;sp|P63267|ACTH;sp|P68032|ACTC;sp|P68133|ACTS,,,,,,,,,,,,,,,
NA;NA;NA;NA,sp|P68363;sp|P68363|TBA1B;sp|P68366;sp|P68366|TBA4A,,,,,,,,,,,,,,,
NA;NA;NA;NA,sp|P68363|TBA1B;sp|Q71U36;sp|Q71U36|TBA1A;sp|Q9BQE3|TBA1C,,,,,,,,,,,,,,,
NA;NA;NA;NA,sp|Q09028;sp|Q09028|RBBP4;sp|Q16576;sp|Q16576|RBBP7,,,,,,,,,,,,,,,
NA;NA;NA;NA,sp|Q13330;sp|Q13330|MTA1;sp|Q9BTC8;sp|Q9BTC8|MTA3,,,,,,,,,,,,,,,
NA;NA;NA;NA,sp|Q9BQW3;sp|Q9BQW3|COE4;sp|Q9H4W6;sp|Q9H4W6|COE3,,,,,,,,,,,,,,,
NA;NA;NA;NA;NA,sp|O15379;sp|O15379|HDAC3;sp|Q13547|HDAC1;sp|Q92769;sp|Q92769|HDAC2,,,,,,,,,,,,,,,
NA;NA;NA;NA;NA,sp|P04350|TBB4A;sp|P07437|TBB5;sp|P68371|TBB4B;sp|Q13509;sp|Q13509|TBB3,,,,,,,,,,,,,,,
NA;NA;NA;NA;NA,sp|P04350|TBB4A;sp|P07437|TBB5;sp|P68371|TBB4B;sp|Q13885|TBB2A;sp|Q9BVA1|TBB2B,,,,,,,,,,,,,,,
NA;NA;NA;NA;NA,sp|P0DMV8;sp|P0DMV8|HS71A;sp|P0DMV9|HS71B;sp|P17066|HSP76;sp|P48741|HSP77,,,,,,,,,,,,,,,
NA;NA;NA;NA;NA,sp|P10412|H14;sp|P16401|H15;sp|P16402|H13;sp|P16403|H12;sp|Q02539|H11,,,,,,,,,,,,,,,
NA;NA;NA;NA;NA,sp|P10412|H14;sp|P16402|H13;sp|P16403|H12;sp|P22492|H1T;sp|Q02539|H11,,,,,,,,,,,,,,,
NA;NA;NA;NA;NA,sp|P62736|ACTA;sp|P63267;sp|P63267|ACTH;sp|P68032|ACTC;sp|P68133|ACTS,,,,,,,,,,,,,,,
NA;NA;NA;NA;NA,sp|P68363;sp|P68363|TBA1B;sp|Q71U36;sp|Q71U36|TBA1A;sp|Q9BQE3|TBA1C,,,,,,,,,,,,,,,
NA;xH4,sp|P62805|H4;xH4,,,,,,,,,,,,,,,
,sp|O00287|RFXAP,,,,,,,,,,,,,,,
,sp|O14734|ACOT8,,,,,,,,,,,,,,,
,sp|O43829|ZBT14,,,,,,,,,,,,,,,
,sp|O60264|SMCA5,,,,,,,,,,,,,,,
,sp|O75475|PSIP1,,,,,,,,,,,,,,,
,sp|O75478|TAD2A,,,,,,,,,,,,,,,
,sp|O94776|MTA2,,,,,,,,,,,,,,,
,sp|O95210|STBD1,,,,,,,,,,,,,,,
,sp|O95785,,,,,,,,,,,,,,,
,sp|O96019|ACL6A,,,,,,,,,,,,,,,
,sp|P04264|K2C1,,,,,,,,,,,,,,,
,sp|P04350|TBB4A,,,,,,,,,,,,,,,
,sp|P06400|RB,,,,,,,,,,,,,,,
,sp|P06746|DPOLB,,,,,,,,,,,,,,,
,sp|P07437|TBB5,,,,,,,,,,,,,,,
,sp|P08670|VIME,,,,,,,,,,,,,,,
,sp|P09874|PARP1,,,,,,,,,,,,,,,
,sp|P10412|H14,,,,,,,,,,,,,,,
,sp|P11021|BIP,,,,,,,,,,,,,,,
,sp|P11142|HSP7C,,,,,,,,,,,,,,,
,sp|P11387|TOP1,,,,,,,,,,,,,,,
,sp|P12956|XRCC6,,,,,,,,,,,,,,,
,sp|P13010|XRCC5,,,,,,,,,,,,,,,
,sp|P16402|H13,,,,,,,,,,,,,,,
,sp|P16403|H12,,,,,,,,,,,,,,,
,sp|P18887|XRCC1,,,,,,,,,,,,,,,
,sp|P19532|TFE3,,,,,,,,,,,,,,,
,sp|P20585|MSH3,,,,,,,,,,,,,,,
,sp|P27694|RFA1,,,,,,,,,,,,,,,
,sp|P31270|HXA11,,,,,,,,,,,,,,,
,sp|P35249|RFC4,,,,,,,,,,,,,,,
,sp|P35250|RFC2,,,,,,,,,,,,,,,
,sp|P35579|MYH9,,,,,,,,,,,,,,,
,sp|P35659|DEK,,,,,,,,,,,,,,,
,sp|P40937|RFC5,,,,,,,,,,,,,,,
,sp|P40938|RFC3,,,,,,,,,,,,,,,
,sp|P41208|CETN2,,,,,,,,,,,,,,,
,sp|P42166|LAP2A,,,,,,,,,,,,,,,
,sp|P43243|MATR3,,,,,,,,,,,,,,,
,sp|P43246|MSH2,,,,,,,,,,,,,,,
,sp|P49454|CENPF,,,,,,,,,,,,,,,
,sp|P53999|TCP4,,,,,,,,,,,,,,,
,sp|P54727|RD23B,,,,,,,,,,,,,,,
,sp|P61964|WDR5,,,,,,,,,,,,,,,
,sp|P62826|RAN,,,,,,,,,,,,,,,
,sp|P78527|PRKDC,,,,,,,,,,,,,,,
,sp|P85037|FOXK1,,,,,,,,,,,,,,,
,sp|Q01831|XPC,,,,,,,,,,,,,,,
,sp|Q08945|SSRP1,,,,,,,,,,,,,,,
,sp|Q13547|HDAC1,,,,,,,,,,,,,,,
,sp|Q14119|VEZF1,,,,,,,,,,,,,,,
,sp|Q14469|HES1,,,,,,,,,,,,,,,
,sp|Q14527|HLTF,,,,,,,,,,,,,,,
,sp|Q14980,,,,,,,,,,,,,,,
,sp|Q16531|DDB1,,,,,,,,,,,,,,,
,sp|Q52LR7|EPC2,,,,,,,,,,,,,,,
,sp|Q5T5X7|BEND3,,,,,,,,,,,,,,,
,sp|Q6PJG2|EMSA1,,,,,,,,,,,,,,,
,sp|Q86V81|THOC4,,,,,,,,,,,,,,,
,sp|Q8N5C6|SRBD1,,,,,,,,,,,,,,,
,sp|Q8N9N5,,,,,,,,,,,,,,,
,sp|Q8NCY6|MSD4,,,,,,,,,,,,,,,
,sp|Q8NFW8|NEUA,,,,,,,,,,,,,,,
,sp|Q8WXX5|DNJC9,,,,,,,,,,,,,,,
,sp|Q92522|H1X,,,,,,,,,,,,,,,
,sp|Q92618|ZN516,,,,,,,,,,,,,,,
,sp|Q96JM7,,,,,,,,,,,,,,,
,sp|Q96KM6|Z512B,,,,,,,,,,,,,,,
,sp|Q96MR6|CFA57,,,,,,,,,,,,,,,
,sp|Q96ST3|SIN3A,,,,,,,,,,,,,,,
,sp|Q96T58|MINT,,,,,,,,,,,,,,,
,sp|Q99583|MNT,,,,,,,,,,,,,,,
,sp|Q99742|NPAS1,,,,,,,,,,,,,,,
,sp|Q99986|VRK1,,,,,,,,,,,,,,,
,sp|Q9BQE3|TBA1C,,,,,,,,,,,,,,,
,sp|Q9BUH6|PAXX,,,,,,,,,,,,,,,
,sp|Q9GZN1|ARP6,,,,,,,,,,,,,,,
,sp|Q9H147|TDIF1,,,,,,,,,,,,,,,
,sp|Q9H1A4|APC1,,,,,,,,,,,,,,,
,sp|Q9H7L9|SDS3,,,,,,,,,,,,,,,
,sp|Q9H967|WDR76,,,,,,,,,,,,,,,
,sp|Q9NPF5|DMAP1,,,,,,,,,,,,,,,
,sp|Q9NVE5,,,,,,,,,,,,,,,
,sp|Q9UJV9|DDX41,,,,,,,,,,,,,,,
,sp|Q9UKL0|RCOR1,,,,,,,,,,,,,,,
,sp|Q9UKY1|ZHX1,,,,,,,,,,,,,,,
,sp|Q9ULM3|YETS2,,,,,,,,,,,,,,,
,sp|Q9UMN6|KMT2B,,,,,,,,,,,,,,,
,sp|Q9Y230|RUVB2,,,,,,,,,,,,,,,
,sp|Q9Y265|RUVB1,,,,,,,,,,,,,,,
,sp|Q9Y4A0|JERKL,,,,,,,,,,,,,,,
,sp|Q9Y5B9|SP16H,,,,,,,,,,,,,,,
