1_E113A_1,2_E113A_1,3_E113A_1,1_E113Q_1,2_E113Q_1,3_E113Q_1,1_E56A_1,2_E56A_1,3_E56A_1,1_E56Q_1,2_E56Q_1,3_E56Q_1,1_WT_1,2_WT_1,3_WT_1,ProteinName,GeneName,unique.peptide.per.protein,peptide.per.protein,psm.per.protein,number.of.scans,number.of.unique.peptides,psm.per.mixture,peptides.per.mixture,seq1,seq2,seq3,seq4
31472.3133788288,50791.5328960594,59654.6994919126,210795.682997198,193588.040385142,216162.371152219,992.630385994408,976.303382012461,2523.11423340259,2377.55054979616,2461.11484583967,2457.79022581292,2439.60483801766,2593.93247918053,2656.69389054227,H2B.C,H2B.C,2,5,5,5,2,5,2,HAVSQGTK(3e-04);HAVSAGTK(3e-04),,,
86043.0520965058,109576.290582085,131940.174232208,87968.3954474354,80562.8777477972,82595.3744798318,127941.466045075,115242.309764762,104220.280842325,87222.0686172153,68435.1558865985,91144.7793051144,95933.4120093203,93353.4248418165,77939.3529475357,sp|P12956|XRCC6,NA,4,9,9,174,150,7,2,NIYVLQELDNPGAK(3e-04);DKNSVNFK(0.00123);DKNSVNFK(3e-04),,,
44891.8492515674,45618.4523968761,69469.02613724,39899.2607382829,44953.670190307,46204.1745778713,69673.6806504956,64729.5541151332,64876.3039639231,47724.775841114,43415.0408753797,49972.3146835409,59075.6982373235,65707.434618885,63628.5918448349,sp|Q01831|XPC,NA,4,5,5,174,150,2,1,SLLPVKPVEIEIETPEQAK(3e-04),,,
25482.0044839942,27797.6528448097,36511.030442184,26101.1238181806,23619.3849223442,25738.9135190595,20191.0873892802,21189.3089422157,30171.7780835242,29075.665841249,25760.3207697733,23852.7204081805,38103.7584090892,37307.4578961956,30145.5530652741,sp|P16403|H12,NA,9,17,17,174,150,4,2,KAAGGATPK(3e-04);KPAAATVTK(3e-04),,,
1748.77139809817,3483.25408503609,3502.10552873949,1948.65628544048,3584.62496230747,4241.26374262313,5659.40901244082,4520.7313798071,4714.24515279579,3239.50028453866,2240.19662496239,4435.12075243779,1147.26004392136,1050.29886839328,1087.38155240442,sp|Q9UMN6|KMT2B,NA,1,1,1,174,150,1,1,IAGVGSLPLSGVEEK(3e-04),,,
1798.07901881534,2415.09850689765,2748.78050423879,1962.76677464294,2535.23063650414,1404.75261217,5036.29793700493,6469.30105621631,4837.78569934283,146.268482202341,187.461593421914,1551.61578721309,3125.8728700238,2084.00904784468,2867.79747139621,sp|O94776|MTA2,NA,2,2,2,174,150,1,1,DISSSLNSLADSNAR(3e-04),,,
146610.665385923,163418.122558303,252137.313750023,181392.552864375,190164.910137023,187738.139799317,284175.928663705,249476.394398417,235983.963995051,199377.901339827,169919.670984337,213175.895263255,197781.468186677,209191.466826071,180683.064694391,sp|Q14527|HLTF,NA,5,6,6,174,150,4,3,DPNNPYDKNAIK(0.00081);YYTGVVNNNEMVALQR(3e-04);ELAGALAYIMDNK(3e-04),,,
37939.2966972531,41054.3452552946,58453.5454425076,22561.1532931756,19806.7756169364,20293.6855503004,82007.1571273147,97511.7712962603,102445.709159604,31026.3510012975,28339.9301275604,34936.4029042147,44897.0786845522,44405.200745299,37907.2925697448,sp|Q9H147|TDIF1,NA,2,2,2,174,150,2,2,AVLQPSINEEIQTVFNK(3e-04);SFVLPSWMVEK(0.00123),,,
9768.97260607164,14980.0597038875,19118.6444712757,11095.2944355196,10763.1369600844,12305.2583286963,14897.2148264159,17829.053450112,13564.6224277543,11745.2271984069,11097.0730128404,11755.8345272139,13660.1232447477,12084.8840121034,11495.2875320406,sp|P13010|XRCC5,NA,1,1,1,174,150,1,1,EDGSGDRGDGPFR(0.00123),,,
5221.36410353939,7444.68169873639,8085.89480145686,6531.29847167094,7314.93721565282,10198.9090795433,7454.38039719254,7116.36359160936,10584.3025836287,9283.19940747769,7766.34322661137,6164.24248108471,8443.4339914735,7559.7158340816,8160.40665024671,sp|P54727|RD23B,NA,7,9,9,174,150,3,3,ILNDDTALK(0.00093);ILNDDTALKEYK(0.00123);NFVVVMVTKPK(3e-04),,,
98198.6724762814,143986.310078536,175612.779582881,127698.92066346,152337.024395321,157870.352713917,85312.9180053836,83905.0522216647,106611.226745564,155826.340414155,231331.325875615,180543.4197774,184040.494303373,153119.005655668,205129.025929281,sp|O95210|STBD1,NA,1,1,1,174,150,1,1,STLVEARGQQVHGK(0.00654),,,
1053.60821061618,3043.87208715538,4133.83876431761,1777.54589981524,2843.12640905679,2214.77887858726,851.252911488415,2630.66922738949,1956.95177783112,1764.0084616869,920.472460501876,0,28732.4161356601,27691.597499331,28125.8483138719,sp|Q9H1A4|APC1,NA,2,2,2,174,150,2,2,LATLNIHDYLTK(3e-04);LLGSLDEVVLLSPVPELR(3e-04),,,
3038.8451904606,4496.11068492792,3925.26896241139,2492.99438843263,3926.66409611743,3978.92669214337,5119.56430919493,6352.86363986341,7659.59732794222,5384.12582835686,2901.98334589307,3366.89657290279,3755.90470675435,3958.19659436895,1537.38508513935,sp|O95785,NA,6,6,6,174,150,1,1,HLGVSDPDAK(0.00081),,,
2344.70021318098,2178.27021110932,2506.40660846667,307.415572126917,1218.14653962402,1058.28176117724,5209.78596039548,3535.04954996102,2707.02878305214,2510.7409192632,2616.57164645441,1205.1094257223,970.894501392854,1854.66529652332,523.363430100277,sp|Q52LR7|EPC2,NA,1,1,1,174,150,1,1,ASSNQLVTLQEAK(0.00123),,,
7196.96642177755,5694.28288032133,7370.12316277907,7332.05182600736,8621.84749917458,7446.84204488301,14894.4637690173,13557.924132827,16484.7482267748,8546.18976895667,7429.65018408232,7757.36250847187,4629.71455743933,3610.8508544753,4764.43968221703,sp|Q9H7L9|SDS3,NA,2,2,2,174,150,2,2,ENLIAELEEK(0.00893);LSCVISSVGANEIWVR(3e-04),,,
3426.54834681836,5032.3154110858,5048.46941654282,5254.69437376588,4733.20783259533,3818.36197920011,3359.69857913388,3661.11287140638,4385.34011955981,3741.69246270239,4642.47086486285,2248.24940468891,5399.17584176854,5002.87746319036,3275.47234296252,sp|P16402|H13,NA,7,12,12,174,150,1,1,KVAGAATPK(0.00093),,,
4021.33237772686,6136.89027194162,4582.4506575645,4731.39189989914,6311.20855872584,3414.10014757045,16781.3053039762,16123.6793674904,12716.346344196,5558.10589803488,5103.79538910428,6278.71399638038,10969.4748209158,7623.45165209416,10299.9740629944,sp|P27694|RFA1,NA,3,3,3,174,150,3,3,QPVLAIK(0.00237);VVPIASLTPYQSK(0.00112);SLSVLSSSTIIANPDIPEAYK(3e-04),,,
2647.53601837675,4163.24032003764,5610.33956537595,4000.30719895007,3523.4886370414,2416.35203795079,5638.79332086408,6341.76181656641,4543.38087672908,5377.52353856198,3858.52433277288,5606.43983028143,3991.7709517122,3587.74349683548,2963.42178496205,sp|P40937|RFC5,NA,4,4,4,174,150,1,1,NLPWVEK(0.00848),,,
12138.838482394,14502.6656735488,17144.2425940721,5255.28628701922,7045.90816937882,5396.96059905239,26918.9124560148,26071.4655868727,25720.7423763855,5772.7823647762,5534.78267531052,5816.22711587897,52743.2764287487,48713.7001772904,46924.2245321705,sp|Q9Y230|RUVB2,NA,4,6,6,174,150,1,1,GLGLDDALEPR(3e-04),,,
2821.42171949493,3857.44402205162,7472.52911004467,5225.11926420759,5081.75348823244,4072.21538931051,4522.19293395712,5613.70228362624,3655.23490751815,3017.896922418,3884.93284996729,2253.77073455806,7627.59670320877,8784.8216095074,4908.83869820206,sp|Q9H967|WDR76,NA,2,2,2,174,150,2,2,YILAGGNSSGK(0.00058);FGQVGLCDLTQQPK(0.00093),,,
78225.6670389451,123614.863480698,116955.272803552,55094.3333538195,60830.8185683276,55799.8720967035,245233.198477269,239675.171478864,243860.084213432,46927.9803480807,41713.9629879602,66684.9256402758,452957.795786789,477370.626655257,372977.234640163,sp|Q9Y265|RUVB1,NA,5,7,7,174,150,5,3,ILADQQDK(0.00123);AQTEGINISEEALNHLGEIGTK(0.00112);YSVQLLTPANLLAK(3e-04),,,
510.300038369192,1157.34845623148,4163.41802149578,2258.41824420967,2632.92041881293,1124.09858750771,3313.83588975962,2971.14562676326,3523.68844315652,2143.69467558034,2180.7649740408,1054.8239540147,403.82526338727,1562.17216542634,1360.33623613937,sp|Q96JM7,NA,1,1,1,174,150,1,1,ATATTTWMVPTAQEVFSEK(3e-04),,,
4483.71537664638,10278.8192592871,10644.3016791988,5371.21884663601,7403.62560402291,6273.72920422557,9629.40091980786,9109.84040950541,15765.2272778001,8684.54146816474,5716.48665482722,8573.68350445414,18690.6033775924,14765.7269963075,9303.42497568238,sp|P40938|RFC3,NA,4,5,5,174,150,3,2,GEVAQMAAYYEHR(3e-04);GEVAQMAAYYEHR(0.00081);GLLSELLHNCDGQLK(3e-04),,,
13099.0447071458,25537.7272169211,24233.585067037,16278.2426560394,14010.1028795485,14732.4448344828,28948.8221553044,27619.1185084754,24005.8221172786,10452.3132746905,6570.44196934913,12003.4931910413,20825.3020183023,21704.9783328626,16233.3628904666,sp|Q08945|SSRP1,NA,4,4,4,174,150,4,4,SDHPGISITDLSK(0.00093);LFDFVNAK(0.00604);ADVIQATGDAICIFR(3e-04);FDEISFVNFAR(0.00832),,,
4165.71327117942,5783.04683955473,5057.59346850173,2184.48738346763,1067.02864340567,4922.83509963275,5576.01287350302,6455.79939872441,7825.45488378686,4076.57642967023,6745.90731219334,5589.5074997864,3757.72633863897,4087.89043646306,4942.41176422614,sp|Q86V81|THOC4,NA,2,2,2,174,150,2,2,SLGTADVHFER(0.00517);QQLSAEELDAQLDAYNAR(3e-04),,,
6430.51933935794,10427.4942475214,10354.0331229387,2255.44784224558,2196.74989468897,2526.06851846566,18370.770062061,11691.6165968399,14438.9263070669,3072.4965155385,1138.46607869273,5842.00337405535,29099.5513296712,27070.4512005036,23619.7471285444,sp|Q9NPF5|DMAP1,NA,4,4,4,174,150,4,4,IPVFDAGHER(3e-04);FVVIHDR(0.00112);YYHICAK(0.00123);EAEKPAVPETAGIK(3e-04),,,
3326.95656179107,3777.55089284036,6188.06127009373,4820.06929209155,4637.14554005351,3611.67618828465,5177.48312794753,6474.25389622083,5259.57643707501,4283.91652096131,3163.6765810175,2689.61364950611,5775.09071224083,4777.05887040234,4820.64233922607,sp|Q96KM6|Z512B,NA,2,2,2,174,150,2,2,AHLASCSK(3e-04);EAPAPVAHPAPGGPEEQWQR(3e-04),,,
1459.43308139268,1916.25075020124,3541.22363102161,2553.95361206602,3152.83687246716,980.689784801838,2378.7526523039,2667.75972043044,2086.93186560236,2647.71321822412,4275.01843896403,6276.07107051932,6270.37544671146,2817.05771280131,4237.49263203378,sp|P41208|CETN2,NA,1,1,1,174,150,1,1,EAFDLFDADGTGTIDVK(3e-04),,,
3209.25803444629,4938.38396708676,4646.74830138761,3928.02059640996,3278.06174440512,3065.82954235527,3141.89134982453,3130.09894001584,5183.075278544,5487.74584407279,2666.50006107236,3545.28508506682,3325.19422632549,3283.26185553694,2719.48132840968,sp|Q96MR6|CFA57,NA,1,1,1,174,150,1,1,FIQEMESLK(0.00093),,,
11411.813886747,19184.3402237224,16466.136285986,8871.23294474474,12966.2326085184,12350.4833230205,14553.8504397286,15709.0393768755,15806.3570376312,15545.5276219883,12195.460341788,13161.0968621451,13135.3206642213,17949.6250573964,14517.6874749971,sp|P61964|WDR5,NA,3,4,4,174,150,4,3,FTLAGHTK(0.00971);IWDTASGQCLK(0.0016);IWDTASGQCLK(3e-04);DGSLIVSSSYDGLCR(3e-04),,,
2285.99063060799,4624.27861692671,4053.00648346608,1202.19370884055,2809.92537387621,4886.6350158621,5568.845659324,6376.09759834094,5329.38532442862,4313.39499659229,3857.38444942896,4350.66993563822,3750.27587819145,5057.6472715426,2977.24377320038,sp|P42166|LAP2A,NA,2,2,2,174,150,2,2,THQALGILSK(0.0027);DSGSFVAFQNIPGSELMSSFAK(0.00058),,,
10415.6173025617,19422.3873156639,19816.1329124719,10886.822541021,6849.63449785037,11455.5243872118,20862.0260139725,16179.5969709385,15911.4520865275,14142.5965387701,11275.3012660296,14947.0534800221,13430.8114044345,14417.4835279536,12613.497769633,sp|P78527|PRKDC,NA,2,3,3,174,150,2,1,DLLLNTMSQEEK(3e-04),,,
1391.50939304215,2229.7858762456,3238.86732800415,1868.90880980065,3215.4559773775,3532.28011311839,2868.99724880129,3221.8027462708,2887.52414650141,2088.61621338484,3973.6041953746,2135.48715947547,3136.20840001388,2427.32093106497,3253.52853698216,sp|Q9Y4A0|JERKL,NA,1,1,1,174,150,1,1,STDTLNLPVSYFSQK(3e-04),,,
2088.17660641184,2140.80988468349,4136.21851521972,1724.38854583832,1279.87440484403,1175.48822817463,3370.00777540261,4327.12659724269,5516.35429596921,1556.51033584557,0,1228.77913745782,14499.933206402,16445.0571008535,13794.5077273893,sp|O96019|ACL6A,NA,3,4,4,174,150,1,1,VDFPTAIGMVVER(3e-04),,,
18054.2362464002,22258.9527876774,25361.2298607727,13071.6757138232,12026.3283506522,14132.155480555,36567.2117735722,43643.5745953983,46031.5965351577,21009.0104131418,21928.9512592912,23545.0756890532,6372.53451670506,9632.08886439539,6953.35530809474,sp|O00287|RFXAP,NA,2,2,2,174,150,2,2,SPEVVQFLQK(3e-04);LEESADNILSIVK(0.00093),,,
2549.56284953584,2636.4920163707,3899.38096130171,4122.86046287731,2060.70132479638,2987.0021682939,3950.26398344363,4183.12425419536,3542.19899602397,2345.977625174,3202.74870670955,2624.42252548939,5780.81086528377,5611.09602857558,1653.30489155156,sp|P04264|K2C1,NA,1,1,1,174,150,1,1,AQYEDIAQK(3e-04),,,
3605.43184709659,5306.9405247727,5720.58413177533,2345.44065249851,3219.84247979278,3320.3601672901,12444.2305792372,10214.3162163522,9996.85717781115,652.804540611514,2252.17486830696,1208.4091849192,9550.22031519199,6534.82558011459,6524.63190793048,sp|Q14980,NA,3,3,3,174,150,1,1,LTAQVEELSK(0.00604),,,
7198.95286966773,20558.4333635757,8859.12680053075,11111.5777428932,14334.0529507622,14863.4314056776,29161.2445572889,27592.1148058669,26653.4821478831,9670.43032930564,6938.26552849052,9458.77659914473,13447.014642028,14344.8247153866,12502.4256362759,sp|P43243|MATR3,NA,3,3,3,174,150,2,2,ITPENLPQILLQLK(0.00093);GDADQASNILASFGLSAR(3e-04),,,
9096.93247280356,16901.9996308558,20985.5918394717,17305.904937234,10730.848831217,10618.2350568446,16857.6779736949,17888.4638970395,19158.6073478074,16466.917339533,8165.59859311918,10786.5856583776,4620.25126672779,5362.46261798656,4742.85175887363,sp|Q5T5X7|BEND3,NA,2,2,2,174,150,2,2,HYVEAVYPVEK(0.00604);NYVEVYYPSVK(0.00058),,,
16433.5082614068,21090.3214694628,30644.2991921945,18190.9934803697,14404.9817420529,17331.5460092796,13959.8922135803,16676.0561174417,20279.768877687,18691.3347643595,15896.1574372967,14309.899878855,17555.8003701188,21643.2255920581,16382.0579687729,sp|P10412|H14,NA,9,16,16,174,150,3,2,KATGAATPK(0.00081);KATGAATPK(0.00344);KPAAAAGAK(0.00081),,,
1319.27656737775,1989.53299550046,1895.85969394555,2080.05547358885,1425.53596865692,1555.13237674564,2969.80705595745,1574.20291562337,2176.29673039186,2411.71234670605,2096.30250480795,797.369775214514,1006.05395342654,1656.53288248744,1829.87910560008,sp|Q9NVE5,NA,1,1,1,174,150,1,1,MGFQQPVHHK(0.00567),,,
6973.87583632493,9320.07034930234,11405.5857995441,7970.44780925962,8381.70299070223,8250.04724124921,15909.5534969095,9562.63262141296,12958.0481215403,6125.16769438387,3981.52978055438,5387.63918191103,12544.7060166809,12074.7774350627,9508.59213502438,sp|Q9Y5B9|SP16H,NA,2,2,2,174,150,2,2,ELAAQLNEEAK(0.00942);YTEGVQSLNWTK(0.00081),,,
1826.48332273986,4472.17267418852,1540.54441896932,2789.35669327561,1756.50996020344,2731.33609380584,3316.71467559964,4152.84467315772,3951.71371314159,1977.6936282093,2506.15149227056,2485.66371905447,1434.55707009174,2394.06519245247,1847.93288712496,sp|P04350|TBB4A,NA,4,4,4,174,150,1,1,MAATFIGNSTAIQELFK(3e-04),,,
11917.4377335967,18959.7240784239,23628.9960276118,13102.702224919,12286.9195604488,15375.0278133565,40933.2424898212,31631.1646765614,30068.3092066536,18948.5391423949,15300.6190209927,17147.044738962,7161.39404697145,7180.68812613429,6721.44178365685,sp|Q96ST3|SIN3A,NA,4,5,5,174,150,4,3,SLDHQGINFK(0.00081);LDNTLGGTSEVIHR(3e-04);HGGGTESLFFDK(0.00123);HGGGTESLFFDK(3e-04),,,
2240.37030827955,4427.84117570536,5880.121898753,3127.37286152848,3019.97937614835,4209.97069891286,10055.1304195412,9069.12423288109,8094.86951559785,4753.34726809262,3194.60856489962,3388.55704939741,1189.91338907218,1558.8693920756,506.294579616248,sp|P06400|RB,NA,1,1,1,174,150,1,1,VNSTANAETQATSAFQTQKPLK(3e-04),,,
3688.2961338804,4490.94065282952,5752.76022446825,4174.18903150903,2277.00600522501,4396.8936834181,9867.91410311027,11785.9741400922,13594.7214333691,5821.06850252918,7393.83695016424,6105.09023195677,5939.64089252821,6879.52098108242,4764.21785273083,sp|P06746|DPOLB,NA,1,1,1,174,150,1,1,LLHQVVEQLQK(3e-04),,,
1641.56913368877,4810.84758113722,5934.58393646863,4223.1101915633,5863.13653668278,4099.30560484931,5587.42478674678,4408.00774533572,3144.8748917249,3834.81286859865,2914.05138869789,3436.50809888477,5806.27827596946,6896.60096663984,5161.35026250599,sp|O14734|ACOT8,NA,1,1,1,174,150,1,1,LFGGQIVGQALVAAAK(0.00112),,,
5569.14671788601,8985.51262075192,8485.57079308897,4677.85411318113,8372.29056598722,4528.26699233856,27047.3325663765,22413.1457455758,26038.2616410934,5629.95044438819,4400.61452544189,7123.00393146815,11233.8262071126,10419.834876729,15528.5663463426,sp|P43246|MSH2,NA,6,7,7,174,150,4,3,GDFYTAHGEDALLAAR(3e-04);FFQGMPEKPTTTVR(0.00577);ETLQLESAAEVGFVR(3e-04),,,
1703.12080307543,2021.92932997995,5098.12014422439,2260.27246413579,2021.4449133115,3527.52495317084,15013.6089133686,15589.5201911758,12455.8053663826,2883.80250746608,3304.30017488886,2684.60293644954,3450.79599584007,4593.92987313202,3266.60183910664,sp|Q96T58|MINT,NA,1,1,1,174,150,1,1,SLVSTPAGPVNVLK(0.00577),,,
2348.28609930076,3132.44875949217,3382.45958569669,2029.27598148395,2244.06139712191,2569.01510472955,8027.72694649416,5862.47736812617,3192.29705580476,2505.18629067723,1361.560501453,3307.40309445792,2071.27299680685,2768.77160054079,2516.18733308509,sp|P18887|XRCC1,NA,1,1,1,174,150,1,1,AIGSTSKPQESPK(0.0067),,,
1724.02689423505,2002.94549910527,3655.58328630197,2719.74265954313,3104.22713958968,2207.54261056487,2218.04082037495,2075.60589125048,907.789249026208,1816.39194546533,2192.3573958584,1628.05446797101,1832.52480158692,2746.55418790093,3074.7306583906,sp|P31270|HXA11,NA,1,1,1,174,150,1,1,LQYYSANPLL(3e-04),,,
3137.93960293815,2261.86344626965,217.915855644649,1612.07895587076,1750.49250581113,1439.82194321951,4642.80772195022,3954.20404175859,2955.08507462366,1751.51382207973,2975.39406975201,1635.46819938397,883.275228021119,1917.31779299769,3453.36622499211,sp|P19532|TFE3,NA,1,1,1,174,150,1,1,AASDPLLSSVSPAVSK(3e-04),,,
3523.24081477073,2275.72299373257,5149.04153937859,2835.99150644282,2955.0882852598,3993.10065651401,9140.54423543497,6904.53873849187,6302.28279385751,4012.72685734411,4048.41619446983,4344.63922265961,2854.56958482025,3350.32996096066,2758.51854450971,sp|Q8N5C6|SRBD1,NA,3,3,3,174,150,1,1,TFEELEHVSAPYK(0.0016),,,
6923.61659210732,11979.5333899185,13460.2649153061,7240.14929867357,5529.87842366097,8636.23549135715,20004.0197882155,14679.819738435,14172.5408756544,10827.0407365914,7943.10477316069,11110.3764555064,6202.69903674469,9243.2617294453,7092.06912008329,sp|Q99583|MNT,NA,3,3,3,174,150,3,3,LAPAEEVK(0.0062);FLEWQAQQQQR(3e-04);QPALVGAPGLSIK(0.0036),,,
2361.26740623781,1715.28698156109,3480.31755025124,828.14760077549,992.042137644415,1470.51551269546,9147.84517997087,7863.13468967093,8812.54036825054,920.915326796258,1397.67837707984,2916.39556540787,2991.45012203739,2532.51585925555,2014.10182367642,sp|P20585|MSH3,NA,1,1,1,174,150,1,1,SYGLNVAK(3e-04),,,
66285.3312112895,92649.3127713578,103570.878121497,99865.388571037,79416.3346183027,95671.695177714,36411.0767482094,48492.1679968139,67543.6138146466,33435.4462186402,28489.6455558986,34265.6178623815,22792.0263778824,20005.9979497776,23007.6194742429,sp|P62826|RAN,NA,3,6,6,174,150,6,3,NVPNWHR(3e-04);NVPNWHR(0.00093);HLTGEFEK(3e-04);NLQYYDISAK(0.00112);NLQYYDISAK(3e-04);NLQYYDISAK(0.00093),,,
6380.13162758029,7462.60385185748,6530.85395056433,7032.80588323078,9730.97411416072,7078.21954144796,10063.5928129132,11131.1119809125,12486.5992215549,6565.52393386805,8700.57555366213,6978.51222088415,3444.1510696693,4375.22120341766,2479.9955652306,sp|Q8N9N5,NA,3,4,4,174,150,1,1,SFLYSINQTICLR(3e-04),,,
57003.2871967159,149269.577081953,104322.144513376,66686.7122376144,66684.5016176677,80914.290112207,218689.06708368,189057.616963529,195090.196551585,67358.4221162504,54504.6699221688,72526.7090248521,82620.5195379582,82369.1901362074,66778.1217890778,sp|P07437|TBB5,NA,9,12,12,174,150,5,4,ISVYYNEATGGK(0.00093);FWEVISDEHGIDPTGTYHGDSDLQLDR(3e-04);MAVTFIGNSTAIQELFK(3e-04);ALTVPELTQQVFDAK(3e-04),,,
7248.79710110782,7961.78169373394,7138.28210388583,3993.47473218913,6565.55942002435,5786.03784369685,11515.7842881997,11263.5500586702,15516.135645501,6257.00463404556,5605.83238185995,5206.2114532621,2372.97355559765,2091.65007446584,2668.46427411143,sp|O43829|ZBT14,NA,3,3,3,174,150,3,3,GFTTQAHLK(0.00093);SDIFEEVLNYMYTAK(0.00451);LEGEFCDIAIVVEDVK(0.00112),,,
513.008235012251,3149.46135141475,2107.7535414976,1160.44141604277,2144.4650702571,1768.49750384008,2621.32391631719,4568.92637827843,3551.26967389704,1095.20423629435,943.412795205895,1630.82680512257,970.304608458936,1211.44930857779,1698.20088428034,sp|P11021|BIP,NA,1,1,1,174,150,1,1,NELESYAYSLK(0.00604),,,
2159.93332501354,3134.57415006756,1884.37367429344,1262.28202396313,1569.84421637909,2080.99718335789,3377.5010326702,3808.83764530782,2986.28008412489,814.412628078224,1364.68487755087,1561.90698224271,416.958456350336,1272.41428425431,1462.08089313753,sp|P85037|FOXK1,NA,2,2,2,174,150,1,1,NSSQGSVDLSMGLSSFISR(3e-04),,,
6170.12746939907,5414.68580211578,7488.63374015507,4291.16664010216,4622.41942115402,6013.75418635578,7215.45405872299,9168.27462766352,11000.6560503598,7158.96556082447,7148.34670871945,9915.59151073445,11190.4982430679,8310.81857235873,6231.72295322898,sp|P35249|RFC4,NA,3,3,3,174,150,2,2,VITDIAGVIPAEK(3e-04);DLIDEGHAATQLVNQLHDVVVENNLSDK(3e-04),,,
1439.22459451328,2223.20684637727,2268.69948031115,315.097841656705,2283.65291719064,1302.79106124066,6364.20489091903,5984.08921076305,7051.2727253569,983.559654119678,1523.92270924132,2635.29224921382,1658.54175353832,2012.00660067046,2864.64042385352,sp|O60264|SMCA5,NA,2,2,2,174,150,1,1,QTELFAHFIQPAAQK(3e-04),,,
3624.51953460122,4952.94590143465,5505.07778034578,4893.75556585251,4446.03512124422,2806.07127787757,6729.06458383885,5176.47578244384,4895.45744093435,4636.962528278,4888.13671172053,3961.3189487698,3327.28740842083,3441.59722214919,469.069100314018,sp|Q99742|NPAS1,NA,1,1,1,174,150,1,1,LLPLPGAISSQLDK(0.00123),,,
4076.09219786242,5461.44381534655,4401.30852060513,511.709507252649,2415.05310421177,2715.69530625911,4170.36621218843,5154.737856909,6720.2588170816,2527.91688589617,2355.48788852471,2612.57906631203,991.491118746314,1214.99775118697,502.360553536629,sp|Q8NCY6|MSD4,NA,1,1,1,174,150,1,1,SAYDEPHLLVNIEK(3e-04),,,
4066.99245151848,7367.67731894029,7619.06934794097,990.64736355549,975.067518083544,825.20600653776,25182.8707911842,26958.2590718275,22741.7075012855,7197.94235816805,9304.64474830913,7079.96411879003,661.336494318547,901.384593448031,1043.54896909014,sp|Q99986|VRK1,NA,2,2,2,174,150,2,2,NKPGEIAK(0.00123);AAKPEQIQK(0.00142),,,
5829.60770435116,7341.58333553327,7080.13905032715,4671.92600365944,2790.50363471333,5228.88990658865,6307.55095670883,6613.05427719386,3878.62849242005,2173.91522342937,552.11269814457,3312.57390437066,9648.13396902781,7836.23838541091,5507.90732225357,sp|P49454|CENPF,NA,2,2,2,174,150,2,2,NLHNVLDSK(0.00112);INQQENSLTLEK(0.00123),,,
3012.81137065526,6294.26279920143,4629.05408279726,4096.94560124503,3527.32179532257,3691.85837745116,8969.84287594289,11070.3929615443,10371.8148979787,4863.9803088129,4081.15208695719,4673.49952744241,4083.72054428216,4178.1559254978,2535.72351783931,sp|Q9BQE3|TBA1C,NA,3,4,4,174,150,1,1,AVCMLSNTTAVAEAWAR(3e-04),,,
1804.97268189841,3350.17013872562,4294.68148640494,1853.81168736095,753.308067383816,1914.00356813295,1885.31564554983,1927.78122876777,2954.12161147179,1952.66829234593,1879.28266561287,2272.98905344273,2843.71763425118,3397.22544723381,1999.44323345357,sp|Q8NFW8|NEUA,NA,2,2,2,174,150,1,1,DAIGISLLK(0.00654),,,
6038.37934744475,9099.43056819797,11419.3384462698,2945.24204127961,2126.84945833307,2834.61074644888,28045.7165741494,26099.2757763358,24360.3185637367,10249.3525889947,9432.01163990132,8302.70638641054,3094.92007725237,2565.05845763566,1779.03630745053,sp|Q16531|DDB1,NA,2,4,4,174,150,2,1,QGQGQLVTCSGAFK(3e-04);QGQGQLVTCSGAFK(0.00093),,,
3567.89119152577,5320.29887884307,7190.37089050593,5863.6219579256,3888.34866518831,4988.51140918706,5863.6803872266,5060.29966190616,5363.34951807635,4728.29794689532,1617.30219708114,6680.28209701955,3839.94274854413,6680.43141284264,5455.66292818966,sp|P11387|TOP1,NA,3,4,4,174,150,1,1,AVAILCNHQR(0.00112),,,
15228.5273880851,80443.9803051204,24413.9496319005,11549.2580818146,13381.643896126,14065.1651832469,39424.029737609,30609.6004832596,29032.2794917044,19235.9082689273,13420.6228060702,18304.7526286627,34266.9943857179,37687.7583853737,30971.4829618155,sp|Q8WXX5|DNJC9,NA,3,3,3,174,150,3,3,ELGLDEGVDSLK(0.00467);ISLEDIQAFEK(3e-04);NIIQQAIDAGEVPSYNAFVK(3e-04),,,
7569.37778066075,8012.49765109589,11288.4005031889,2730.35301084728,3066.43151194381,4170.22490393823,11106.1635894236,14819.222996627,16019.2095611915,5650.20088352987,2891.01168270933,4961.54014596677,4405.75135361046,6789.48249672787,5578.05207534906,sp|Q6PJG2|EMSA1,NA,3,3,3,174,150,3,3,SVLASTTK(0.0036);SAQEEVEVDIK(0.00252);IPGTDAQAQAEDMNVK(0.00577),,,
5033.33900925966,6420.75152464335,7445.57369982252,5221.22077462932,5094.32945908489,6964.65704357343,7790.00863019449,9514.51898622096,9287.78391264615,6578.63263647471,7767.88601800007,5346.66161356505,5500.96975632056,7705.9539554065,8869.25578674229,sp|P35250|RFC2,NA,3,3,3,174,150,1,1,IIILDEADSMTDGAQQALR(3e-04),,,
3775.29155514059,56849.6154621397,9740.41445852743,5278.51615677991,5785.88215516499,6299.67217070951,21292.4374126219,19430.741884286,19229.0347397565,8471.29593294104,3989.84133729443,3807.6733658774,21196.6215021735,21189.4086545494,14819.6014195255,sp|P08670|VIME,NA,2,3,3,174,150,2,1,QVDQLTNDK(0.00252);QVDQLTNDK(0.00093),,,
1278.43240188329,2407.97757334222,2741.16186636259,248.215088761224,1480.82977755478,2980.57405164578,4704.2801439102,3634.63158072586,3408.0195076056,1802.00639817105,1306.48223489275,1435.95439089597,1077.15804474916,2162.83594363057,2165.64546775124,sp|P11142|HSP7C,NA,6,7,7,174,150,1,1,NSLESYAFNMK(3e-04),,,
2624.70135029331,3494.36609976216,4140.97789679769,2905.21966963231,3458.20947366855,1333.77654940098,7343.14199918596,7834.71685433678,7654.73252787281,2196.52300613091,2982.10545388858,3896.91189946718,1575.68426164473,2714.90010305215,1424.39483339234,sp|Q13547|HDAC1,NA,3,3,3,174,150,1,1,YHSDDYIK(0.00093),,,
2110.5351835511,2615.46269143487,6376.34124865028,4006.7574781458,3882.54242286941,6023.50395947272,4874.83475192063,3621.66363484568,6990.95841649788,5110.88036623074,3409.78805657013,4411.78109150655,6095.16579442538,5850.53829802065,6575.03983633172,sp|P53999|TCP4,NA,1,1,1,174,150,1,1,GISLNPEQWSQLK(3e-04),,,
2072.85432691534,4538.63656419711,3619.66786449236,45.1387258887639,2127.46989696891,3312.85883271292,2352.44181387202,2053.55699063881,986.509045783561,2067.43790405642,470.849484062059,414.475057911088,439.361480338416,986.2189301048,1464.41219681113,sp|Q9UJV9|DDX41,NA,1,1,1,174,150,1,1,TPPPVLIFAEK(0.00832),,,
11250.3129551358,14656.243032898,19068.3797865959,14613.6015665808,14853.5123581327,16093.237219871,20599.1618414261,13616.274260993,18807.4088122976,14748.7972585763,9278.33429305915,17896.614690685,13620.1870750302,13189.367947328,11626.8504341637,sp|P09874|PARP1,NA,1,1,1,174,150,1,1,TGNAWHSK(0.00112),,,
538.144731941167,15226.9372106051,494.797753173283,466.132878364009,364.452317624272,419.242122690935,5446.72460643573,3330.9925081313,3951.51900976971,2217.32669404793,212.771459852067,803.308844765511,4307.86892969273,5136.41900677941,3142.41133552954,sp|P35579|MYH9,NA,3,3,3,174,150,1,1,QIATLHAQVADMK(3e-04),,,
4436.22302964439,8904.61980265065,12340.0601960553,7118.52960203025,3056.11704300473,6725.1974493646,17463.5341222621,19695.8169217909,15280.4655952862,7677.9508903401,5055.42864887198,9642.92692371104,5719.27801813248,6236.22921693007,5871.03660833065,sp|Q9UKL0|RCOR1,NA,3,3,3,174,150,3,3,VGPQYQAVVPDFDPAK(3e-04);DFQAISDVIGNK(0.00058);WTTEEQLLAVQAIR(3e-04),,,
26458.5031000957,39893.0283791212,45558.131968438,29514.6239071948,30267.9132601967,34364.6722768144,62710.8912372552,62323.5159798408,56087.6128849643,39281.2587802555,39267.283344351,45375.9087018113,23211.3115851753,26756.781658591,21837.8045555513,sp|O75475|PSIP1,NA,7,9,9,174,150,4,3,IHAEIK(0.0062);NMFLVGEGDSVITQVLNK(3e-04);CIEALDELASLQVTMQQAQK(3e-04),,,
11045.5842296879,14128.9541583249,14474.4566501025,11110.5461587446,8292.83326448816,8997.75216672647,8164.99211055662,7066.1017079629,7471.00866684733,8623.17057805724,11090.7639484085,11016.9960379477,10546.3908726762,10943.9652417713,12140.9717062153,sp|Q92522|H1X,NA,3,3,3,174,150,3,3,TAAAGGK(0.0016);GAPAAATAPAPTAHK(3e-04);KTAAAGGK(0.00123),,,
2528.26314169612,3645.65385182617,3317.84355464523,2987.36539695481,3234.37416256649,2711.2424157637,4218.5128817264,5227.6129458607,4936.6919304925,2899.85251314442,6046.75660620597,4389.93352740288,3816.47960974538,4939.00426916253,3570.86971623252,sp|P35659|DEK,NA,4,4,4,174,150,1,1,LTMQVSSLQR(3e-04),,,
6612.95777816863,9214.42474690831,9356.82114774898,3706.84196129026,6611.39172003224,6042.9852120928,26081.6595177602,18927.9314680093,16560.8943941753,6839.66950896743,6077.6638069079,5656.66893564601,4794.74677160741,3947.83563387644,3503.86169196378,sp|Q9UKY1|ZHX1,NA,1,1,1,174,150,1,1,FLNEQDLDELVNK(3e-04),,,
445.515629222558,2464.25204726304,6050.06131661606,229.072713666004,943.585134977487,2212.42741952139,2296.03387594588,3038.82253096978,2441.91153527869,260.279617672378,1472.75389920025,2136.28393960424,3020.88510360966,5289.47138957907,2873.66535297918,sp|Q9ULM3|YETS2,NA,1,1,1,174,150,1,1,QVITPGEGIAQSAK(0.00237),,,
2749.57535463243,1962.3362069634,4820.48171271623,1551.11577035237,1255.14384744079,1085.87059938313,6430.22171799051,4812.8049562469,5292.21923575319,1991.65062988442,1458.95702504787,356.58996224943,2359.85378914753,2184.76877294257,501.696037924163,sp|Q92618|ZN516,NA,1,1,1,174,150,1,1,VAELDPVNSYQAWQLATR(0.00123),,,
4363.39863539374,8219.6114440132,8961.4577205427,7597.30929589581,5128.17620009995,6613.73159138011,6963.68998287779,10674.1915365476,12475.7454605283,10772.5549001212,14053.7746758236,9445.41054885511,9948.49125134111,10580.7140717184,8345.48731215956,sp|Q9BUH6|PAXX,NA,2,2,2,174,150,2,2,ALTLGLAK(0.00577);ASLTLSGGPSALAFDLSK(3e-04),,,
5859.79279040985,9776.12019237072,6911.089983945,4273.35787753466,5443.63457319743,5332.68506019765,15942.5125128765,16837.8761372511,14880.5097406781,2568.9826708335,2913.89259020046,5391.75945596368,33800.0215471375,36742.0266937533,28599.2838949761,sp|Q9GZN1|ARP6,NA,2,2,2,174,150,1,1,NIVLTGGNSLFPGFR(3e-04),,,
1980.93556299971,3729.78458533269,6597.66566688274,2756.04717480223,4119.26647580464,2897.43597898217,5812.88642422475,6728.99363211668,7634.49581751658,3324.88166292229,3347.15026068639,3856.58148033814,2313.01831223368,1164.71068515666,513.710773975703,sp|Q14119|VEZF1,NA,1,1,1,174,150,1,1,LLSAAYITSHLK(3e-04),,,
1214.44602104254,2075.7412074134,1406.84048595489,1075.9081828525,2709.38510930794,935.551783015078,3460.00551095622,1545.87814991397,4002.3529644067,3781.61402112457,2048.86039058864,2828.0084360334,1533.38752199866,1339.86890727338,528.974582844816,sp|Q14469|HES1,NA,1,1,1,174,150,1,1,AQMTAALSTDPSVLGK(3e-04),,,
3145.48521959607,2776.4236171694,5419.46741500298,704.152960967402,1272.97787478634,1220.15536893749,3785.50051059901,3668.17718138509,2000.41022300997,266.233756778642,300.413596448294,2051.2789556861,3867.85845193025,4071.23276515223,2487.65693867936,sp|O75478|TAD2A,NA,1,1,1,174,150,1,1,LVPGAYLEYK(0.00093),,,
143411.251813248,214698.750961599,243858.093889974,209120.744069163,211945.404750093,204412.922299405,129031.418659332,131960.179077983,178484.106709999,316084.098072926,356725.747291817,343306.474224742,256718.045948774,250495.14960536,261523.025193384,H3.2;sp|P68431|H31;sp|Q16695|H31T;sp|Q71DI3|H32,H3.2;NA;NA;NA,4;4;4;4,10;10;10;10,10;10;10;10,5,2,5,2,SAPATGGVK(0.00252);KSAPATGGVK(3e-04);SAPATGGVK(3e-04);SAPATGGVK(0.0016),,,
290995.331532676,496360.966298936,636971.880374053,423192.645225711,483691.29923962,566082.544954001,244799.468293834,316430.670649868,478391.852865459,694659.759203649,834815.998581941,614476.356290323,725994.564671616,670077.286502993,703394.154376981,H3.2;sp|P68431|H31;sp|P84243|H33;sp|Q16695|H31T;sp|Q71DI3|H32,H3.2;NA;NA;NA;NA,4;4;2;4;4,10;10;5;10;10,10;10;5;10;10,4,1,4,1,EIAQDFK(0.00112);EIAQDFK(0.00326);EIAQDFK(0.0075);EIAQDFK(0.00288),,,
290736.229120191,516284.235070185,574422.616977342,464192.232752548,451613.849368876,474245.37404493,293239.229164271,328044.638429824,469234.462897123,641775.99252396,857559.750651685,739995.499948125,593074.806839626,573442.94693943,605256.799880748,H3.2;sp|P68431|H31;sp|P84243|H33;sp|Q16695|H31T;sp|Q6NXT2|H3C;sp|Q71DI3|H32,H3.2;NA;NA;NA;NA;NA,4;4;2;4;1;4,10;10;5;10;1;10,10;10;5;10;1;10,1,1,1,1,YRPGTVALR(0.00081),,,
113255.855415919,132311.279655462,169220.29519444,127051.069928118,135026.114986218,135812.759045923,168235.90140541,171196.124828889,171243.009562073,125430.204052081,120653.751425247,131097.524982634,182211.868216461,200210.575736594,186708.636386014,sp|P54727;sp|P54727|RD23B,NA;NA,3;7,5;9,5;9,258,229,5,3,AVEYLLMGIPGDR(3e-04);NENLAANFLLQQNFDED(3e-04);QIIQQNPSLLPALLQQIGR(3e-04),,,
11706.1042417997,19694.5057141071,19935.9252199225,13443.7097230402,14396.5812612561,6613.70925948802,17805.9365217295,16386.6265082975,16247.6709529613,13486.9427002147,9082.06013424786,18715.5722907464,15628.2958052467,16154.740072005,19090.7239944169,sp|Q14527;sp|Q14527|HLTF,NA;NA,2;5,2;6,2;6,258,229,2,2,EYNVNDDSMK(3e-04);GDSPLHSIR(3e-04),,,
2075.37079101954,10047.1405399754,9906.48542879555,4460.83442710442,8933.17872716243,7069.87959636173,15340.3034983599,14227.2236429169,7138.93176591575,9681.18167026756,7776.96391137706,16027.8738781686,5435.83018248894,6144.84227403816,6564.00817048579,sp|P36406;sp|P36406|TRI23,NA;NA,1;1,1;1,1;1,258,229,1,1,QEEMALSVVDAHVR(0.00081),,,
968.102880683457,4008.42064859016,6430.34444590096,3307.15263262646,5787.85070757325,3346.91278399287,3529.17883699593,3229.65907512765,832.118480483907,875.461482664261,259.359776452582,0,20234.9015521908,21962.2119460006,17683.965379968,sp|Q9ULW0;sp|Q9ULW0|TPX2,NA;NA,1;1,1;1,1;1,258,229,1,1,ILEGGPILPK(0.00093),,,
5642.18614557092,4614.9371293381,10128.5848811593,3595.43082235315,2660.68433588326,4841.06099120227,6752.04208771124,6702.09576165412,8201.96144821107,629.661572001933,1790.81330638562,2485.37588053208,7100.02343092846,7308.05263384448,3974.30873897368,sp|O75528;sp|O75528|TADA3,NA;NA,1;1,1;1,1;1,258,229,1,1,VLEAETQILTDWQDK(0.00604),,,
7351.64461289243,7892.20398388123,10094.8201471781,5070.80048810062,6615.40864082607,2745.77750420815,18402.6198301915,17263.4044960497,18732.2655751205,2823.89297546703,677.294112493916,1649.5526722029,49032.9579429874,41588.9929068746,38026.6572439375,sp|Q9GZN1;sp|Q9GZN1|ARP6,NA;NA,1;2,1;2,1;2,258,229,1,1,QVWDYLFGK(0.00237),,,
3376.2426767017,3392.73865898154,3953.76589709652,662.594638726585,371.119981845306,4701.51090540544,14523.6501837943,12362.228280737,10216.3284930176,2481.8661481862,1663.4541523041,4807.80167264894,5047.94157101288,8068.3805241206,3220.52054874149,sp|O94776;sp|O94776|MTA2,NA;NA,1;2,1;2,1;2,258,229,1,1,DITLFHAMDTLQR(0.00093),,,
982.807681052486,6936.72290941534,5772.28629935756,7437.0174859134,1805.78017122948,5526.5644850384,5182.7950053232,5060.77472861382,722.169810166311,2185.5104551553,901.405080502868,2268.83503677296,2990.50611331758,4429.64613960017,3472.1409090528,sp|Q9H0E9;sp|Q9H0E9|BRD8,NA;NA,1;1,1;1,1;1,258,229,1,1,LDELCNDIATK(0.00093),,,
5484.62546570222,15860.4129068007,15264.8699655491,5703.30914779878,5805.0601426588,8303.42616660412,10676.0367648513,9411.94742408703,10098.6938245209,5048.20169926658,4212.61266179902,7017.59626196029,10613.808064806,12347.5482739566,7364.03750980374,sp|P26368;sp|P26368|U2AF2,NA;NA,1;1,1;1,1;1,258,229,1,1,LFIGGLPNYLNDDQVK(0.00093),,,
17445.17313426,28587.7362655495,37738.9688647812,14730.0201625155,10329.9021256662,12876.5364018464,44449.4948473879,52658.0957384457,49898.3387415672,18703.4479615835,8289.51738536485,16246.1272497763,95081.3615387781,92884.4268774908,84807.9260216546,sp|Q9Y230;sp|Q9Y230|RUVB2,NA;NA,3;4,5;6,5;6,258,229,5,3,GTEVQVDDIKR(0.00093);TEALTQAFR(3e-04);AVLIAGQPGTGK(0.00081);AVLIAGQPGTGK(0.00142);AVLIAGQPGTGK(3e-04),,,
1038.15768618118,8121.59802199172,4881.85569866367,5104.91038013196,2294.10136627153,2892.97742423426,8243.18322106044,9390.94725485033,7262.79355038104,1846.52634726767,3712.15314713588,3424.77170470477,2689.52699188289,4113.64519536733,4750.19438247948,sp|Q92841;sp|Q92841|DDX17,NA;NA,1;1,1;1,1;1,258,229,1,1,ELAQQVQQVADDYGK(3e-04),,,
11742.2879629073,13644.5389394667,23786.9683856617,15216.4316928586,12258.7517513575,15901.9803056508,37469.2590215547,36857.4590528054,34075.5700558982,13126.3122010161,13383.4121815019,11052.1678726472,13115.6925795802,17394.9692239783,18826.0915835035,sp|P39880;sp|P39880|CUX1,NA;NA,1;1,1;1,1;1,258,229,1,1,QLMQSFYSK(0.00112),,,
4298.92439457547,9235.63077809079,5915.28658364907,7735.74820182034,9306.22277111905,10428.0042894376,22197.7144703142,21569.0230865552,20019.524953521,6198.89814033386,5756.85274019122,7358.61782104287,15778.6598823115,11735.3157218179,15098.499849458,sp|P26599;sp|P26599|PTBP1,NA;NA,1;1,1;1,1;1,258,229,1,1,IAIPGLAGAGNSVLLVSNLNPER(3e-04),,,
11803.7934399719,18663.9571774822,16884.4503653148,17628.6030089961,13610.8552524177,19761.5378230552,62856.7956708379,58045.6906552618,53300.1586630363,22709.8725349792,27229.9502339041,21975.4254779847,19512.1100103507,22332.4278105212,13106.3565792257,sp|Q2KHR3;sp|Q2KHR3|QSER1,NA;NA,2;2,2;2,2;2,258,229,2,2,EFAATNSYLGYFGDAK(3e-04);LEDQVIGVALQASK(0.00093),,,
11188.1917363598,15482.5606465198,20461.8551001806,13012.9617749562,10671.7155720042,16588.0163138645,24365.5969591698,32425.1549790029,37361.5646308331,19393.8541966894,21406.227012444,19259.6626717706,20152.4195832861,18823.0744546114,15750.9110516036,sp|P40937;sp|P40937|RFC5,NA;NA,3;4,3;4,3;4,258,229,3,3,MADIEYR(0.00717);VDFPSSVR(0.00344);TSTILACAK(0.00058),,,
3455.28757630925,5982.73828125768,6217.25910899227,7779.46685043819,5641.36394100907,5515.40399312364,7760.4261003815,6676.56088937732,8644.69255000085,4857.57221548022,3456.21137057824,4131.16039512601,9302.90702375041,9968.87774796686,5956.49063587161,sp|O95251;sp|O95251|KAT7,NA;NA,1;1,1;1,1;1,258,229,1,1,EPLLENLTSEYDLDLFR(0.00093),,,
32894.40469374,58076.9748785153,71558.0351116254,10056.2190918638,7679.97577635671,10053.9744650523,63303.4012272713,44878.6197888237,33165.8516167186,15650.8981502605,13502.8547849615,17000.1008166673,79951.2255660431,72634.9417562249,65214.2479520619,sp|Q14676;sp|Q14676|MDC1,NA;NA,7;7,7;7,7;7,258,229,7,7,VLSPGVSHR(0.00093);HQVSVEGTNQTDVK(3e-04);IFHGVGTR(0.00252);TPEPVVPTAPEPHPTTSTDQPVTPK(3e-04);TPETLVPTAPK(0.00397);TPEPVVPTAPELQPSTSTDQPVTSEPTSQVTR(3e-04);TPETVVPTAPELQISTSTDQPVTPKPTSR(3e-04),,,
27596.6302496904,34056.5914551637,47304.7793434138,44026.4762090444,38358.6507049341,35859.3269648538,35917.5156786637,35413.3255510051,31502.3377242624,36510.1157073906,27671.6900747743,36175.3989044811,42722.6496086285,34542.7596190186,32097.7307931512,sp|Q02880;sp|Q02880|TOP2B,NA;NA,1;1,2;2,2;2,258,229,2,1,LAQAEAAGLHK(0.00112);LAQAEAAGLHK(0.00093),,,
6805.32730586888,8931.02309820261,8996.39866582899,3194.62329469966,6088.51334225091,6846.67315956066,14568.8613244747,11517.5249883582,13730.0933514464,7345.57137204143,6732.04770524648,6274.45888722633,4152.37167048492,5178.25280447913,4260.89692796124,sp|P27540;sp|P27540|ARNT,NA;NA,2;2,2;2,2;2,258,229,2,2,NIVEFCHPEDQQLLR(3e-04);FSEIYHNINADQSK(3e-04),,,
38189.5396495133,53965.9423714402,73477.0048201882,41124.0503738824,44978.3430953697,43017.7440559893,124226.515502222,90601.8897959583,88635.7766106668,38485.4619939598,36901.0494247964,51414.9492668138,45566.962862345,41610.1548171954,34868.4889951362,sp|O95785;sp|O95785|WIZ,NA;NA,6;5,6;5,6;5,258,229,5,5,SPSDLHISPLAK(0.00123);TPLALAGSPTPK(0.0016);HILEMNFSK(0.00093);GLPDAHLGLPPGLAK(0.00567);QLGVAESESSGAPIDLLYELVK(3e-04),,,
3014.14558733742,2187.21384955686,3814.40127485506,3519.54347276982,4922.58376374447,3680.82782677528,7487.98023918237,6366.25010042084,5151.00259832702,5134.74446793924,4929.42055271255,4169.39120608741,795.597259583001,935.128087973109,1021.31800600995,sp|Q53EQ6;sp|Q53EQ6|TIGD5,NA;NA,1;1,1;1,1;1,258,229,1,1,AHIPAPLEQGVVAAFK(0.00577),,,
4302.14132586707,9490.5089378087,16811.2176558316,1960.75643987127,2583.49804531864,2924.93461645228,12407.0925554541,7854.95086785814,9749.27077294572,3429.30463091059,2432.15089198758,3233.07951103109,6621.63359832864,7456.47864617797,5071.06657359526,sp|Q9H8E8;sp|Q9H8E8|CSR2B,NA;NA,1;1,1;1,1;1,258,229,1,1,YTPVSIYEEK(0.00252),,,
7345.07722045354,14655.4036113214,18731.9451343095,6455.59701169201,7252.64976540317,7017.54403577538,27436.7649737639,18852.3704378247,26964.0608785418,8100.60130384271,6989.45387151185,6848.95088822646,1732.83434237827,1940.37841774722,2079.10875315217,sp|Q96DT7;sp|Q96DT7|ZBT10,NA;NA,2;2,2;2,2;2,258,229,2,2,YGLIPGTSNDFK(0.005);YGLLPESWPK(0.00142),,,
6798.45521185364,7406.3360373422,9723.79900922312,11445.954438309,5090.69457182102,11035.3714177354,20885.8414748452,23114.2027532536,25390.2687356123,11182.3880900228,10130.9387399568,15320.2325868028,6248.92733006615,7377.08496494041,7589.5413063731,sp|Q5PSV4;sp|Q5PSV4|BRM1L,NA;NA,2;2,2;2,2;2,258,229,2,2,LLLYDTVQSELEEK(3e-04);APEYLEPLATLQENMQIR(3e-04),,,
12115.4201490707,33198.5515179569,16584.9409747941,9649.24694715365,13252.9872896996,16142.041185971,47129.4802494023,40794.7178721907,33825.8014996057,15149.7270329015,11864.8834829889,13773.3528054175,15000.9264011377,18132.5532467153,15047.1389374132,sp|P31943|HNRH1;sp|P55795|HNRH2,NA;NA,2;1,2;1,2;1,258,229,1,1,STGEAFVQFASQEIAEK(3e-04),,,
6825.3051435513,13654.7523311119,16258.4358009815,11858.6476193699,5551.48088511461,10946.4941382674,18496.6605752002,25955.1515074949,36021.168474377,15756.9523158252,17383.0524338176,18509.52475757,16421.5904381693,11772.2027852621,11059.4466281869,sp|P40938;sp|P40938|RFC3,NA;NA,2;4,2;5,2;5,258,229,2,2,ETANAIVSQQTPQR(3e-04);ELYGVGVEK(3e-04),,,
52154.5631011895,72663.0185181974,80579.4549414422,25057.6676028721,23532.9545487642,35362.7010698589,124959.159181627,114377.545582116,109782.139264687,20452.2447900122,23765.8563351473,33673.2356793147,228301.487261457,231977.529416173,191095.639934887,sp|Q9Y265;sp|Q9Y265|RUVB1,NA;NA,2;5,2;7,2;7,258,229,2,2,TMLYTPQEMK(3e-04);AVLLAGPPGTGK(3e-04),,,
19878.0078980402,44060.4045336902,33781.4128449235,17758.785412961,25149.3623161273,13219.8773539001,33040.2573893029,36313.8558089372,38291.8897415773,19883.9939683061,18268.1371600838,26191.6508520929,13461.6101288895,11629.9714053781,15539.9802279046,sp|P27816;sp|P27816|MAP4,NA;NA,3;3,3;3,3;3,258,229,3,3,KPESNAVTK(0.00237);HVPGGGNVQIQNK(0.00093);VGSLDNVGHLPAGGAVK(3e-04),,,
4192.00189645281,8450.49310276258,7471.56852690849,5193.43087939049,3378.57794828633,4051.59120525563,17163.2597411146,14691.1496642468,13406.2676853713,7883.82103114666,3080.50749779733,6841.95107693182,5812.38375056982,7091.54092540741,3747.25067280087,sp|Q86UP3;sp|Q86UP3|ZFHX4,NA;NA,1;1,1;1,1;1,258,229,1,1,TTITPEQLEILYEK(3e-04),,,
6462.44488372603,6417.46072809038,10714.0573827985,6367.51933900869,4425.02412166135,4893.99664132061,10616.6158779377,13360.5687296579,16763.5647753784,4942.76537846528,4610.03690398489,6438.49854541501,852.55735451477,5162.44928802505,1069.30296854978,sp|Q9HAP2;sp|Q9HAP2|MLXIP,NA;NA,1;1,1;1,1;1,258,229,1,1,LFPSTAQDPLGK(3e-04),,,
5033.80452867858,6987.27039772969,8263.85652869306,5489.21148356489,6467.96032271345,7848.72088427143,11769.6972009702,14303.7201503965,14172.85207206,6841.76120634046,6345.26310555087,6533.75716834937,5528.17301674891,5772.29467585633,975.469155941316,sp|P56270;sp|P56270|MAZ,NA;NA,1;1,1;1,1;1,258,229,1,1,MLSSAYISDHMK(0.00081),,,
15757.036858597,23543.2691365307,32970.9180771994,20626.7365096372,18905.2367926956,32108.1391707688,58175.2225060212,51199.3945203225,55775.1557533039,19792.6942251921,23880.3627529449,23896.8754167467,6948.38181867204,5008.69609314996,6914.17076476477,sp|P17040;sp|P17040|ZSC20,NA;NA,2;2,3;3,3;3,258,229,3,2,AFLAILSESPFSEK(0.00093);TFLAILSESPFSEK(3e-04);AFLAILSESPFSEK(3e-04),,,
82251.1850650512,118082.31750293,143244.61816893,103724.8167909,115763.194339188,121947.281175924,122222.521710822,116525.556180339,107256.917154149,103465.089416068,82271.4316482345,96573.9096042425,141612.54893432,135953.333768769,112588.48631951,sp|Q5SSJ5;sp|Q5SSJ5|HP1B3,NA;NA,5;5,6;6,6;6,258,229,6,5,SSAVDPEPQVK(0.00577);GASGTFQLK(0.00567);GQLEQITGK(0.00081);GQLEQITGK(0.00123);TIPSWATLSASQLAR(3e-04);ALPLIVGAQLIHADK(3e-04),,,
1054.83072945833,17545.9912503727,3338.08839413362,0,1867.36731650177,3618.16313951698,10457.7523054369,5767.90568438135,3887.30175040166,3592.21832590528,3750.76984817168,3528.79636267126,7613.52668914183,6626.67991070443,3382.65982643684,sp|O00159;sp|O00159|MYO1C,NA;NA,1;1,1;1,1;1,258,229,1,1,LLQSNPVLEAFGNAK(0.00252),,,
7733.18029313165,237204.295166302,21556.9258952687,10444.9924168813,11971.9470993604,21457.983414324,84064.9644063815,65248.3996814987,55068.7347810573,29517.7648188479,14985.1708059705,14560.8261841922,84736.0523676671,94874.0100717605,45590.8993451453,sp|P60709|ACTB;sp|P63261|ACTG,NA;NA,3;3,5;5,5;5,258,229,4,2,VAPEEHPVLLTEAPLNPK(3e-04);VAPEEHPVLLTEAPLNPK(0.0016);DLYANTVLSGGTTMYPGIADR(3e-04),,,
14780.2773519743,14412.7169956908,24655.4755349739,7156.5728545709,2895.49972855538,9770.37518805817,40576.6232896723,40456.5505535803,39504.1802624894,4652.91064256865,2720.834950312,4800.4681779094,56214.1350221243,42467.744511127,30102.0239642661,sp|Q86Y91;sp|Q86Y91|KI18B,NA;NA,2;2,2;2,2;2,258,229,2,2,VPGLTQAVQVAK(0.00093);SHAIFQIFVK(0.00058),,,
3549.46475103846,6626.47547938553,7968.68407467823,1488.44872721479,1188.51963262656,2874.4156379962,11558.0295180134,12282.8767558423,11289.2657609598,3100.03079264957,700.133730901731,1959.88406113663,25665.1591814202,28194.7554461076,21769.4041701704,sp|O96019;sp|O96019|ACL6A,NA;NA,2;3,3;4,3;4,258,229,2,1,SEASLHPVLMSEAPWNTR(3e-04),,,
10703.3069915535,17328.1660966107,14887.1146150364,11875.1088424126,17800.9096869532,18770.2497429134,23235.1145717094,24807.8139590852,27539.8531889844,13213.7123517909,12175.0152425268,14591.1905300826,4926.20352903808,10393.617137215,6644.76665603179,sp|O00255;sp|O00255|MEN1,NA;NA,2;2,3;3,3;3,258,229,3,2,GAVDLSLYPR(3e-04);LDSSGVAFAVVGACQALGLR(3e-04),,,
5592.43159747559,11862.8581850383,10506.9425595976,5382.57396581882,2339.06865452252,1267.49988911589,12068.8011615441,13163.8530010344,8728.31034334047,7482.00761590939,3095.36272322057,6343.59284018128,3367.05262546028,5249.77702877177,6760.71819646988,sp|Q96L91;sp|Q96L91|EP400,NA;NA,1;1,1;1,1;1,258,229,1,1,SIEYLEEDAQK(0.00142),,,
999.664280549244,4418.82578078913,5462.36869162295,2914.25946000674,1655.52796059425,1595.43542101631,6698.61793530438,4285.28670583944,4381.3693521235,4366.63927781944,666.143170869833,2890.85410361242,5111.50051689976,3906.58551081632,4751.87571249669,sp|Q14807;sp|Q14807|KIF22,NA;NA,1;1,1;1,1;1,258,229,1,1,SHAVLLVK(0.00123),,,
23449.5613059066,29234.636795523,40780.8547227485,13287.0630002368,10999.8297380218,19472.6382976533,33716.7564078613,31441.3415086423,44703.0338627508,7088.24838950832,7578.23713700652,11365.4384749034,33741.7149914636,31953.5178291099,30118.1843256336,sp|Q9NS73;sp|Q9NS73|MBIP1,NA;NA,3;3,3;3,3;3,258,229,3,3,TQIHFDPEVVQIK(3e-04);TDAIFTPYPGFK(0.00123);ILELEGISPEYFQSVSFSGK(3e-04),,,
21376.6243396318,29711.797771754,34858.174360508,19737.2515269825,16078.4377645134,26265.399159485,62352.3917014708,63267.0421501177,72749.8836713513,20633.883244354,17080.9881506154,22384.8411019632,25312.4991001778,25999.7360896445,30135.319910499,sp|Q09028;sp|Q09028|RBBP4,NA;NA,3;3,3;3,3;3,258,229,2,2,GEFGGFGSVSGK(0.00081);YMPQNPCIIATK(0.00081),,,
21433.958216828,32119.8500363032,30517.3898873158,27960.9482278802,26431.4701285921,30359.7967281608,26176.1629457914,31223.3573204722,37762.1253056201,31667.1578462854,24463.822044361,31322.6651212033,39659.8908727617,41774.8653268758,39244.951983807,sp|P29372;sp|P29372|3MG,NA;NA,3;3,5;5,5;5,258,229,5,3,VGVGHAGEWAR(0.00081);IVETEAYLGPEDEAAHSR(3e-04);GPLEPSEPAVVAAAR(3e-04),,,
8020.36909837548,9686.02148371855,9830.48976550391,6001.85037316628,3266.08647946059,4135.73367116185,4246.93182401286,3612.58586894553,1785.61870892802,6504.88341798737,2730.23353451299,3200.01353820704,10036.5654764909,9029.9543073307,7057.23922598696,sp|P78527;sp|P78527|PRKDC,NA;NA,1;2,1;3,1;3,258,229,1,1,HSPEDPEK(0.00123),,,
5197.15693842125,8759.46067928389,8055.40286629233,5874.64275002846,8073.71312555469,11417.1244614982,22500.1489954982,20857.5370237469,14643.1840150204,8880.89213995165,5068.68466911344,6368.53189096358,12136.0863238173,13038.0761927857,7876.51985361401,sp|Q00839;sp|Q00839|HNRPU,NA;NA,2;2,2;2,2;2,258,229,2,2,NFILDQTNVSAAAQR(3e-04);YNILGTNTIMDK(3e-04),,,
8036.90844360097,8395.87940234254,6809.64171589592,4475.53284627997,3090.02885161286,4509.48456060031,20840.6270513278,11393.0776194208,9753.95157117309,3370.55798041323,2189.00530450672,5532.9414275969,5545.56486142623,8051.12450753285,6757.41781339624,sp|Q14839;sp|Q14839|CHD4,NA;NA,1;1,1;1,1;1,258,229,1,1,GNFLEIK(0.00567),,,
18978.6309097245,19335.1801943716,26283.002131221,7028.74250449612,11421.7640683457,9578.94440613319,55817.08768255,53915.2437775379,60413.0043015819,4880.10408287191,2947.50401987766,6225.72589608614,22485.7251546681,21402.2320233573,18597.8540218304,sp|Q96Q89;sp|Q96Q89|KI20B,NA;NA,4;4,4;4,4;4,258,229,4,4,SQASIIGVNLATK(0.00093);DLQWIQVSDSK(3e-04);FGDFLQHSPSILQSK(3e-04);DQLVAALEIQLK(0.00552),,,
5074.14218051322,11220.8719690536,9762.51809683085,3603.28888596412,6239.53471461306,5429.30120572022,35538.0977144113,28423.485831139,19838.5054783456,4427.7555481622,6483.78575418831,6750.16115590835,13007.3735590324,9449.12684135605,9070.50114642509,sp|Q86YP4;sp|Q86YP4|P66A,NA;NA,1;1,2;2,2;2,258,229,2,1,LLQQGTAPAQAK(0.00093);LLQQGTAPAQAK(0.00112),,,
5582.16419998586,2077.46360211458,5932.3273015176,6218.94118680214,461.872426986705,3885.12955651154,3914.8675205356,3390.5320453396,4108.61148261787,2501.4779549106,527.661304788527,4028.44485196639,9492.81193471772,13935.5005020044,8780.57732727297,sp|Q9Y2K7;sp|Q9Y2K7|KDM2A,NA;NA,1;1,1;1,1;1,258,229,1,1,AIVPQALSGIIK(0.00252),,,
30441.2429697148,62845.7303918622,54181.8243351654,42202.8927822995,38947.3167967467,39419.3417057701,83670.9806727091,80178.2551645527,63604.780677314,46666.5470231111,34715.8980708966,53911.985470878,21659.1067716515,31706.6837175268,23720.6357866303,sp|Q01167;sp|Q01167|FOXK2,NA;NA,5;5,7;7,7;7,258,229,7,5,EGSPAPLEPEPGAAQPK(3e-04);ITFTALSSEK(0.00081);VKVEPIPAIGHATLGTASR(3e-04);FAQSAPGSPLSSQPVLITVQR(3e-04);IIQTAQTTPVQTVTIVQQAPLGQHQLPIK(3e-04);IIQTAQTTPVQTVTIVQQAPLGQHQLPIK(0.00093),,,
4217.16969524923,4940.26176951927,8044.67785751475,7007.1219871892,5577.77501049748,6946.05569211038,24010.8958612398,19826.3584050578,22960.8575711315,1152.95962714657,747.875960525865,1438.61031829404,9593.03626096971,13655.0260492111,9683.2329541361,sp|Q14980;sp|Q14980|NUMA1,NA;NA,3;2,3;2,3;2,258,229,2,2,AQELGHSQSALASAQR(0.00415);VSLEPHQGPGTPESK(0.00081),,,
4388.56390630062,10163.2096537548,5441.38112110823,4143.54473720421,6887.6241109021,7155.87079681098,22077.5425199555,19409.0400201796,15267.273927922,6271.41292869923,3739.56806439872,4711.11534270412,8393.41660257167,7309.1103928252,7048.38041191784,sp|P43243;sp|P43243|MATR3,NA;NA,1;3,1;3,1;3,258,229,1,1,IGPYQPNVPVGIDYVIPK(0.00123),,,
16634.6983534168,36232.087001696,33583.7570817351,33648.2224596689,32837.4833515848,35788.3499068585,22676.5024068335,22475.8276200296,27749.4304771361,4549.43344239363,2652.8286746563,7424.37306829198,35819.7986700274,34605.0125741382,28328.7188577021,sp|P17480;sp|P17480|UBF1,NA;NA,2;2,2;2,2;2,258,229,2,2,TPQQLWYTHEK(3e-04);HPELNISEEGITK(3e-04),,,
3940.93890497977,6925.21442220575,13914.5800795436,6646.92516661484,5968.22625797969,4164.30652634516,21267.0618743726,15620.9806559876,13454.126514497,11295.725985106,4415.58129821701,2443.18763324444,6993.4752873299,9063.68446801505,7168.75958132291,sp|Q9Y4A5;sp|Q9Y4A5|TRRAP,NA;NA,2;2,2;2,2;2,258,229,2,2,TIPNVIISHR(0.00093);LHNLAQFEGGESK(0.00081),,,
140833.611629647,209830.171772955,237907.164285554,106128.583185899,93297.3184625497,105914.557187322,137743.556698518,158613.632601216,181632.192991025,149515.067072638,160159.7261088,174802.376297672,252454.551524915,250389.306240262,226996.708167811,sp|P78549;sp|P78549|NTH,NA;NA,2;2,4;4,4;4,258,229,4,2,GLTVDSILQTDDATLGK(3e-04);GLTVDSILQTDDATLGK(0.00237);QTSAILQQHYGGDIPASVAELVALPGVGPK(3e-04),,,
17110.6111376551,39865.3924685256,18826.3839044485,33716.6185698418,32464.3092311752,36310.2133174267,81263.8450342733,57099.6766853553,64963.850138847,23252.4669945287,17193.6868864524,21285.2877126386,33377.2352595197,37692.7794039293,28728.0732883505,sp|P61978;sp|P61978|HNRPK,NA;NA,3;3,3;3,3;3,258,229,3,3,GSYGDLGGPIITTQVTIPK(0.00093);IITITGTQDQIQNAQYLLQNSVK(0.00093);IILDLISESPIK(0.0027),,,
4602.54135501971,4685.03784745087,5763.89876484949,4035.4138404333,4475.17629213223,5930.68547767853,11338.3280813549,13695.4303597619,13753.8031393891,3360.89060523087,5226.32874610009,4608.50956512313,868.808756769949,3650.48496377118,1102.82919368287,sp|Q12800;sp|Q12800|TFCP2,NA;NA,1;1,1;1,1;1,258,229,1,1,ILDIDIPMSVGIIDPR(3e-04),,,
43393.2068418899,45749.3920016527,67674.9333845389,17570.7885643508,23081.2250905428,30859.5231032253,70811.7679513632,67664.9934648612,49642.9799525433,20563.916155984,16708.1522498071,20022.3286119243,51746.4213032377,43838.597204281,42646.8060740504,sp|Q8IYH5;sp|Q8IYH5|ZZZ3,NA;NA,3;3,3;3,3;3,258,229,3,3,QNSIGSYVLQEK(0.0016);EALKNPIGFVEK(0.00577);LLQTIAVLEAQR(3e-04),,,
2311.82364989344,4102.80250140386,2996.22282199478,1864.4972925257,2578.44371882548,3842.93783870785,11674.9631938613,9945.1487549369,10069.7176940165,3880.91710939208,4624.22079603239,2725.30493973491,3953.96247397176,7474.17828945404,3663.00902713642,sp|Q9NUW8;sp|Q9NUW8|TYDP1,NA;NA,1;1,1;1,1;1,258,229,1,1,SSVPLYLIYPSVENVR(0.00142),,,
12079.2765531698,13815.1523721261,19282.6409562927,11073.8170389747,12676.8975897536,17697.8010057538,32795.1172346701,31720.6795953821,28725.1294793796,18719.2771243139,15991.7140937092,17264.1490351018,5088.9529595547,7689.86611608656,6541.64427085189,sp|O00716;sp|O00716|E2F3,NA;NA,2;2,2;2,2;2,258,229,2,2,KLDELIQSCTLDLK(0.00058);FIQLLSQSPDGVLDLNK(3e-04),,,
14610.3593104173,25313.4965056255,30227.5341331874,15239.9237748516,14646.1509752222,11851.9541546109,93908.6580338779,90611.3361166312,81766.1483357092,25133.329419055,15100.7051443728,25412.9570621907,29878.7315851997,30977.2521308865,28957.8475337763,sp|P43246;sp|P43246|MSH2,NA;NA,3;6,3;7,3;7,258,229,3,3,HVIECAK(0.00093);QVGVGYVDSIQR(3e-04);DLGLDPGK(0.00467),,,
1024.20517549387,3066.33851263829,4257.19416021503,699.202279895343,2880.89290916673,3655.90298334881,16529.9867036416,16527.4307015086,16772.7112003363,2943.50777371713,2698.07357443228,1811.60150858992,3467.22876732072,6082.35337943701,1017.03002044728,sp|Q12830;sp|Q12830|BPTF,NA;NA,1;1,1;1,1;1,258,229,1,1,SFLAAANEEILESIR(3e-04),,,
34531.3286767836,49498.3952682797,53782.9641069706,35380.0329847604,29581.7307957989,34991.8501976121,134418.078867663,143149.470544448,142801.042115755,13784.4710642769,19300.4865728726,14760.449488762,77585.7565658719,86050.772358496,67725.2191775694,sp|Q149N8;sp|Q149N8|SHPRH,NA;NA,7;7,7;7,7;7,258,229,7,7,VLVYQGVK(0.0016);GEFLPLQK(0.00577);LNIVISPYHFDNSWK(3e-04);EETVGIFSPLSVK(0.00971);VVNYFIPSHYFGGK(3e-04);TVEVLALILTHTR(3e-04);VGIYLLEAGLAK(0.00081),,,
27017.9357278243,36018.3678472704,36449.3278448809,33109.3134812747,28216.0589470503,33509.1112308823,26966.0301369987,18313.9033266616,23119.5095761483,8373.61400468722,7974.09683471812,10697.6944099386,8913.2787147607,11905.8921915203,4300.26212589347,sp|P18754;sp|P18754|RCC1,NA;NA,2;2,3;3,3;3,258,229,3,2,DTSVEGSEMVPGK(0.00093);VVQVSAGDSHTAALTDDGR(3e-04),,,
22766.9625226176,35334.4482340048,38555.4273020445,31014.4154991142,42791.4419662564,40000.604313972,49116.7884479472,40364.0638001506,44952.0164501172,15713.1294284039,11566.2643454119,18896.2054793662,185925.260411531,201551.573823635,184138.057700461,sp|Q5UIP0;sp|Q5UIP0|RIF1,NA;NA,4;4,4;4,4;4,258,229,4,4,LVIPLVVHSAQK(3e-04);LIAEQTLQENLIEK(0.00081);GLEEIPVFDISEK(3e-04);LVSDIIDPVALEIPLSK(3e-04),,,
5208.15756114529,5650.25332174917,10274.3469464757,3405.90628397807,4293.62463742064,4533.66871432224,11887.8903929213,10663.3323465186,9476.03248829866,4496.24760129525,2844.40460024459,7940.65451443816,4003.0620337248,921.164827870309,6193.351430953,sp|Q9NZI7;sp|Q9NZI7|UBIP1,NA;NA,1;1,1;1,1;1,258,229,1,1,AESSDGIHIILK(0.00123),,,
3442.59855132317,4565.83713498318,5573.22463981647,2847.20148228055,3330.38830978117,3710.55148160947,6877.98475227496,7024.92608656666,10268.6576183496,4721.49280062807,4824.25651039292,4355.93022453394,2128.38463827498,948.2597806741,1009.47366562052,sp|O14593;sp|O14593|RFXK,NA;NA,1;1,1;1,1;1,258,229,1,1,ESALSLASTGGYTDIVGLLLER(3e-04),,,
102639.546904864,118433.689691567,165508.616400993,81078.0011179704,80067.5374077477,106215.182085728,411632.378039214,379109.351870004,339930.005974456,95572.2317109555,79967.6411436361,113465.733945987,116106.291288485,150479.759398542,116473.596100399,sp|Q13330;sp|Q13330|MTA1,NA;NA,7;7,9;9,9;9,258,229,7,5,HPYLPINSAAIK(0.00219);HPYLPINSAAIK(3e-04);CSVTLLNETESLK(0.00344);LETQVWEAHNPLTDK(0.0036);LETQVWEAHNPLTDK(0.00112);SVSSVLSSLTPAK(0.00093);DISSTLIALADK(3e-04),,,
5126.62549453893,5798.2585171561,7543.70541026039,6505.64300321556,3182.82035022932,5538.26335390235,8322.8443234903,9716.71673342359,11798.5179277513,9257.97963999669,5305.45005410621,6710.98625052573,5122.09467909894,7275.74114337378,6737.55317696601,sp|Q9Y5J3;sp|Q9Y5J3|HEY1,NA;NA,1;1,1;1,1;1,258,229,1,1,YLSIIEGLDASDPLR(3e-04),,,
3526.12856705632,1873.39503025844,5149.35492632461,5495.93881826706,6736.16803589246,1613.32473453882,6562.42145680902,5085.80425935675,1749.94892452019,1823.71538879086,933.179330919525,1452.27148510217,30666.8860700594,45606.8764224187,35641.5676136865,sp|P30260;sp|P30260|CDC27,NA;NA,2;2,2;2,2;2,258,229,2,2,EHDIAIK(0.00832);FSLAEMHFQK(3e-04),,,
4331.21453480088,7316.58371050646,10434.6479854949,5104.01748541295,4741.97522208489,410.631750078483,11597.1866939288,10236.4314717599,10755.6631147,7526.78150474641,4420.27208197833,4265.73609509784,4317.39045981648,9736.68158802635,6390.90798105083,sp|Q9P2K3;sp|Q9P2K3|RCOR3,NA;NA,1;1,1;1,1;1,258,229,1,1,DFQAIADVIGNK(0.00893),,,
5204.52173247464,7740.51518392512,10438.7824190353,9431.90918574188,6343.32545377594,7373.96742420519,14638.1866120564,13055.2923527083,17820.3485301987,6932.79248253014,4518.36805298452,5367.8547015191,3629.6455996734,3179.70094397439,3003.34651425179,sp|Q6V0L0|CP26C;sp|Q96ST3|SIN3A,NA;NA,1;4,1;5,1;5,258,229,1,1,YGTVFK(0.00123),,,
8913.89116027734,12520.7048721462,20047.2096770852,11581.7565388709,11386.7892839816,16307.8413270434,24566.4513383558,24017.1919516235,25472.7002161477,16616.5544510169,14536.2845989539,16187.6693346022,9101.03834743783,14688.4913990619,10226.3946948487,sp|Q8N5C6;sp|Q8N5C6|SRBD1,NA;NA,2;3,2;3,2;3,258,229,2,2,HVCIQSSLAK(0.00112);TDFDKPDFK(0.00093),,,
58616.9632050729,71056.7103812978,86718.2276116129,83092.4760987655,62699.8074995967,62455.5005994557,56934.0662019057,73235.6464569362,79438.7735991934,93703.078193804,95378.65736103,84411.9984275026,97957.1870804183,89264.7474699987,78989.8774435903,sp|P07305;sp|P07305|H10,NA;NA,1;1,2;2,2;2,258,229,2,1,YSDMIVAAIQAEK(0.0027);YSDMIVAAIQAEK(3e-04),,,
25780.1375858676,32961.1471116677,42697.523651331,34747.1758359689,32159.6176214106,36873.8434168831,87327.5915744153,76833.6735295483,68800.6036247499,33155.6336291987,30261.6247382352,43035.3648501733,24611.5075340162,22769.0348655662,17621.0123701771,sp|Q9UBL3;sp|Q9UBL3|ASH2L,NA;NA,4;4,4;4,4;4,258,229,4,4,VLLALHDR(3e-04);FGLLDQDLSNIGPAYDNQK(3e-04);LGWSQPLGNLQAPLGYDK(0.00123);DIFEGVYFPAISLYK(0.00093),,,
2410.44847578012,2756.44229711633,4480.13207636344,3863.66756939929,3064.91095676915,3550.7124118473,9157.16243366274,7683.58325683579,9633.38564598598,3982.21904258236,559.567552695553,2962.54960511302,967.7890555968,977.314934996789,1037.09701677234,sp|O15156;sp|O15156|ZBT7B,NA;NA,1;1,1;1,1;1,258,229,1,1,AVLAACSHYFK(0.00093),,,
16962.4710852657,22937.4691958803,21909.611674013,20463.0078229833,23799.7348519404,19330.8612942974,32386.1807715202,26663.6825652455,26800.0083316246,22484.1541117029,10081.1582276345,16920.7145779909,11605.9395455966,12500.249170675,11046.6316175216,sp|Q8N9N5;sp|Q8N9N5|BANP,NA;NA,3;2,4;3,4;3,258,229,3,2,CVVPQTTVILNNDR(0.00433);CVVPQTTVILNNDR(0.00288);IPCLLAPSVFK(0.00219),,,
6370.04147854637,10283.5199229327,19218.1223476496,6894.84648195578,8336.25772780386,10402.4123521567,15447.9872389787,9411.62482012381,10596.2516160483,4730.90577192543,4860.75673502678,5582.86339704037,10034.5328880625,10792.3305434186,9385.43553733594,sp|P11388;sp|P11388|TOP2A,NA;NA,1;1,1;1,1;1,258,229,1,1,EKQDEQVGLPGK(3e-04),,,
9968.10918765003,19620.2912764784,11264.7529258671,13929.7250769338,15512.5724174707,16264.0774337985,37147.2962910154,42641.1675572436,36735.2948528136,13227.6769389313,10813.2220083205,10613.9888685462,14448.4822359647,17089.5036591476,14692.7866450849,sp|P31943|HNRH1;sp|P52597|HNRPF,NA;NA,2;1,2;1,2;1,258,229,1,1,ATENDIYNFFSPLNPVR(3e-04),,,
5691.74118172315,20526.2472886951,8630.97917996763,11071.8474412056,9944.78526648947,6613.78218190619,36961.6430409414,31143.2243676464,34099.261930273,9025.84416780773,8162.5720912799,10845.7650928337,15871.455902408,18499.0008342089,12562.5343286685,sp|O43390;sp|O43390|HNRPR,NA;NA,1;1,1;1,1;1,258,229,1,1,NLATTVTEEILEK(0.00288),,,
16350.0589289116,24176.4384865072,32109.1191595128,18045.7445540183,20809.8880724439,17188.7907029456,32676.2585158033,30261.8442672673,19978.9407631824,21947.1862222039,9774.77973562522,13400.5058030229,32039.411055882,25274.7980192814,25378.1560128518,sp|Q01831;sp|Q01831|XPC,NA;NA,3;4,3;5,3;5,258,229,3,3,KEDLEFQAK(3e-04);LTADPGGSSETSSQVLENHTKPK(3e-04);LGEVPYK(0.00958),,,
94010.6847866168,123609.173228421,165457.700646578,96007.152470476,93919.4566385325,107148.576882331,178544.774952485,192670.483376365,195995.93659539,127849.745836139,129160.839091659,131585.082749745,107422.767105609,95758.0921382718,84740.1559842877,sp|P22415;sp|P22415|USF1,NA;NA,1;1,2;2,2;2,258,229,2,1,LSEELQGLDQLQLDNDVLR(3e-04),,,
23573.9961256352,28756.4370842929,41520.5763449649,12627.6606234532,17062.1349725038,19373.8631823684,33857.7114089718,28263.4028442533,33211.7571028846,17512.7538389672,14083.4084327017,17894.924501189,41214.8213182599,42750.6723941973,34769.8752581817,sp|P46013;sp|P46013|KI67,NA;NA,2;2,2;2,2;2,258,229,2,2,SNTSLPPLPFK(0.00093);AQALEDLAGFK(0.00081),,,
39055.5260444331,59487.5071116238,66678.6582512835,38276.3812524563,32925.1480710562,33868.6428444922,53512.2329741988,54288.8827242957,51298.3394296575,40697.6055716725,34710.4488861195,46486.4505520429,51040.3386847135,51421.2030982599,46587.9365492626,sp|P12956;sp|P12956|XRCC6,NA;NA,2;4,2;9,2;9,258,229,2,2,HDNEGSGSK(3e-04);ETNEPVK(0.00593),,,
2787.23256526072,4470.92859748943,5292.21746729493,4018.39025238968,3798.92797399665,2961.581683343,10371.7254532603,12285.0303136918,12429.1642883802,4684.91458281436,2727.23504022094,3991.77744403068,930.743966083146,4337.95929950143,1077.9880221459,sp|P85037;sp|P85037|FOXK1,NA;NA,1;2,1;2,1;2,258,229,1,1,QLTLSGIYAHITK(0.00252),,,
8493.97618738881,9365.43014727244,10228.0879304366,18947.1442035177,13989.5404745041,18331.7693048529,6933.72972089914,13486.7964628792,20690.6678000422,22127.605347921,30472.5148033841,24767.6158959446,17238.6357356818,15365.7049950672,11717.5718346563,sp|Q6DN03|H2B2C;sp|Q6DRA6|H2B2D,NA;NA,1;1,1;1,1;1,258,229,1,1,AMGIMNSFLNDIFER(0.00604),,,
13191.6884593426,15241.7758223961,16596.8042670202,9415.07950333464,10491.8335701234,9204.40102836333,12721.5114345676,10976.8187782117,13465.6938715545,14244.9278561977,13645.8362343339,12013.9198123847,16584.6669902449,13528.5138878313,10022.8466457164,sp|Q99728;sp|Q99728|BARD1,NA;NA,2;2,2;2,2;2,258,229,2,2,TSILSTSGDFVK(0.00081);GETLLHIASIK(0.00112),,,
11822.1587166583,13468.5585690779,18951.4234197458,12020.4262185808,10703.9542463218,11709.8242467107,21933.0513040178,20148.4286731421,19402.5380367753,24607.9019035146,23961.1880240753,19565.2325762855,15212.6194566993,17780.8606264191,10266.3568423353,sp|P35249;sp|P35249|RFC4,NA;NA,1;3,1;3,1;3,258,229,1,1,ISDEGIAYLVK(0.00252),,,
3538.51681131329,4482.43886688676,8271.303927189,4095.20098585055,6630.54431510555,8503.85057272852,13910.753106244,10279.5823443952,18141.4036959497,8163.10551065227,3620.01516654719,5814.87408688572,3541.81911725726,964.586575342529,1026.62189276393,sp|Q6MZP7;sp|Q6MZP7|LIN54,NA;NA,1;1,1;1,1;1,258,229,1,1,STVQTITVGGVSTSQFK(3e-04),,,
14182.7001974986,17971.1618471065,25309.5682653905,14936.7728501047,11532.0952559074,13853.9616205071,25107.585764202,27490.0068733377,21517.567434439,12206.1489864689,16477.411204921,17161.766834413,22468.8424568984,20417.106346019,22070.2900943685,sp|Q9UGN5;sp|Q9UGN5|PARP2,NA;NA,2;2,2;2,2;2,258,229,2,2,MLLWHGSR(3e-04);AEGLLQGK(0.00093),,,
21445.3694246561,31758.5116949965,36831.6292689004,18700.7412242059,16199.8401174892,19526.8904937835,57297.7151055271,57293.1109012807,50017.1557208008,25099.9348097605,12694.8365579359,16365.3060380556,28147.3819391846,29150.1339117831,21835.9694533859,sp|P11142;sp|P11142|HSP7C,NA;NA,5;6,6;7,6;7,258,229,4,4,GTLDPVEK(0.00832);SQIHDIVLVGGSTR(3e-04);NQVAMNPTNTVFDAK(0.00112);MVNHFIAEFK(0.00864),,,
7612.28911212159,8197.47035147854,14105.2039465939,9360.1044962511,5487.99241988043,7843.75928674195,21573.4789627243,17124.6046994136,28646.2079596567,8099.62217921677,9235.72376094744,10707.5533829143,2439.28561471964,2524.61617416673,2256.84323370953,sp|P48382;sp|P48382|RFX5,NA;NA,1;1,1;1,1;1,258,229,1,1,VEGILQDVQK(0.00093),,,
10143.5264037713,10871.7391860896,18781.4503423906,11515.5264091853,12858.4577971112,9778.98225457113,29133.1670120361,29124.4566539965,29126.4001596853,10735.0011837537,10499.2333766516,16342.1998270395,9503.25784159323,7828.31616176911,6238.60422691253,sp|Q15291;sp|Q15291|RBBP5,NA;NA,3;3,3;3,3;3,258,229,3,3,SAPVMLTLSDSK(3e-04);HVVLPVDDDSDLNVVASFDR(3e-04);LVSASTDNIVSQWDVLSGDCDQR(3e-04),,,
7138.932071088,6964.41134185016,12724.3862032464,10266.9672174492,7615.75251820505,11070.3189463724,11410.2336192932,11841.0463438466,17275.7662531294,8741.61934558426,8813.58674873503,10031.7291528198,16333.4131725415,12160.0804781504,14908.2416664248,sp|Q6NS38;sp|Q6NS38|ALKB2,NA;NA,1;1,1;1,1;1,258,229,1,1,AEGLDCSYTVLFGK(0.00093),,,
5056.86524641615,7983.95366814568,11731.7130429844,2750.70444757012,3826.83954123546,6370.13691319926,13924.8583552621,12350.8055587736,11775.3786421509,4997.27381070461,4615.39463709532,8219.49111459049,22362.8372634398,18674.8209724406,19215.0033621374,sp|Q15906;sp|Q15906|VPS72,NA;NA,1;1,2;2,2;2,258,229,2,1,ALLPLELQDDGSDSR(3e-04);ALLPLELQDDGSDSR(0.005),,,
14826.9572018707,17731.737852816,26597.6789265728,10707.1987772933,9165.65233282139,10260.213441006,42442.0268750333,36760.1688068581,37602.946591933,16659.5958499214,15500.1270215,17210.613438827,13202.1219625279,15062.0494076619,9257.82928881282,sp|O60341;sp|O60341|KDM1A,NA;NA,3;3,3;3,3;3,258,229,3,3,STSQTFIYK(0.00654);NYPATVHGALLSGLR(0.00123);LFFAGEHTIR(3e-04),,,
4933.45457393379,3274.1913126086,9936.6509920142,5032.35782312033,3591.12225512041,3012.81025473916,14444.3018459476,16768.8505980927,11912.0701656881,2985.42210675558,345.644823651351,4886.96067209473,5058.0136304753,4473.73123877678,3146.05619463671,sp|Q16576;sp|Q16576|RBBP7,NA;NA,2;2,2;2,2;2,258,229,1,1,YMPQNPHIIATK(0.00093),,,
2826.43079595281,5559.94893819122,7279.51669068993,7256.50291979064,3336.00268784918,397.480429929538,4252.20022860068,6044.8697961008,5660.29404931676,2285.22217219851,4667.97821375369,4653.4765745924,3244.69911078277,5619.2565104948,4791.3180587568,sp|Q8NFW8;sp|Q8NFW8|NEUA,NA;NA,1;2,1;2,1;2,258,229,1,1,EVTEPLNLNPAK(3e-04),,,
9530.36561504561,12109.654892811,20137.4104560684,3362.75971622521,3319.29120866084,5537.10275796854,49579.9119277205,57502.5393926733,58530.5377306402,24512.0420179208,14294.5927666848,18917.36260754,7860.79425272528,5099.85172158026,5717.8600453196,sp|Q16531;sp|Q16531|DDB1,NA;NA,1;2,2;4,2;4,258,229,2,1,GAVYSMVEFNGK(3e-04);GAVYSMVEFNGK(0.00093),,,
8278.78474170623,19753.5698809269,19689.1498730071,9280.19459943364,11689.2547432693,10492.3638149686,21662.9853631568,27487.1143895527,26476.3325114119,19274.5105701353,17716.8156228518,21187.954004564,20085.5313880288,18626.0118837264,17773.3980127986,sp|P35250;sp|P35250|RFC2,NA;NA,2;3,2;3,2;3,258,229,2,2,VCDEPHPLLVK(3e-04);FALACNASDK(0.00093),,,
4122.08765197931,5568.01639547283,4305.27311907763,5251.62973747979,5582.98297254719,451.351929532877,13337.8399444724,8021.44559866074,3630.08941471135,1979.64674135158,2669.80502838079,5504.56166298419,925.034380054083,2386.34478178526,1073.65022450907,sp|Q6NT76;sp|Q6NT76|HMBX1,NA;NA,1;1,1;1,1;1,258,229,1,1,ISQAVVAQVTGISQSR(0.00971),,,
1002.184319959,3850.77808333388,3657.352821728,2913.49669505144,3848.74488715355,5223.12966712187,7238.43215159037,6192.50156312169,9255.71992476505,2228.39228893356,2457.71485673135,2080.17798262509,829.035275490178,992.551656239505,2347.43995947586,sp|Q9UH92;sp|Q9UH92|MLX,NA;NA,1;1,1;1,1;1,258,229,1,1,VEYAYSDNSLDPGLFVESTR(3e-04),,,
30658.2845223062,37615.9139913505,52869.2923862044,27234.694867434,35061.7620257313,33918.0973589037,60217.208784434,54848.427763991,43501.9950003815,32680.756462035,33840.6663545651,42126.3686458591,32117.3099749493,26842.3044217002,29545.6620074725,sp|Q6W2J9;sp|Q6W2J9|BCOR,NA;NA,4;4,5;5,5;5,258,229,5,4,QVSASLLFSCSK(3e-04);GLPLTGEYYVENADGK(0.00081);GLPLTGEYYVENADGK(3e-04);LLLSYGADPTLATYSGR(3e-04);FLTDYLNDLQGR(3e-04),,,
2084.30995490563,4824.82748801867,4940.03550175318,3041.20136233291,5318.7969088146,6498.68353040641,9288.53673529856,10059.6302098692,11417.8936760322,5981.97039149963,4471.56531016134,4024.56768378572,3176.52257267739,3323.20705133986,1008.34617436494,sp|Q9UHJ3;sp|Q9UHJ3|SMBT1,NA;NA,1;1,1;1,1;1,258,229,1,1,LEAVDPWSPFGISPATVVK(0.00093),,,
11061.6294094421,13799.9756551243,20016.1412244038,15861.5151798833,14999.0304838552,16968.1594747104,34727.0751095351,35122.0286026652,31960.6989387119,16365.868422866,11521.2729462555,22743.5807776832,22812.2079259729,24119.1891662519,19522.9345779833,sp|P49916;sp|P49916|DNLI3,NA;NA,1;1,1;1,1;1,258,229,1,1,VLLDIFTGVR(3e-04),,,
9771.5280823304,22216.5047902446,14316.8962520639,13807.1670113114,16002.6335662145,19603.9082760303,56015.3925376692,53451.2876174679,52349.0030904299,14649.0385045476,11946.8672120849,18251.4203237041,30053.4938433694,31500.6156277346,27424.5415049484,sp|P07910;sp|P07910|HNRPC,NA;NA,1;1,1;1,1;1,258,229,1,1,MIAGQVLDINLAAEPK(3e-04),,,
9032.36108406706,7270.20326148644,11033.9490027165,271.105320691126,4310.02463512872,5397.01644089032,17130.9584757299,15636.7933409026,12730.7365058231,2888.11816878297,4445.48232510678,3905.72768291247,4623.92715621651,986.069490914866,1000.72060686623,sp|Q9UI36;sp|Q9UI36|DACH1,NA;NA,1;1,1;1,1;1,258,229,1,1,LQEALEFETK(3e-04),,,
973.450476917074,9006.69615189435,10062.8419098944,3394.96216284981,3619.13613199815,3193.30866945052,9775.27435160393,7757.60987539319,9290.61706677744,4798.26722922631,4448.48423655172,3468.5480454467,5423.43701004451,10844.3673590167,9752.27654757134,sp|P49959;sp|P49959|MRE11,NA;NA,1;1,1;1,1;1,258,229,1,1,IDISPVLLQK(0.00123),,,
3607.89934831967,3819.70029620655,2218.05451562056,2231.19569407692,3900.77956136899,2093.07094056238,6970.61661858108,4583.81759202998,8475.51029542292,5367.94736297269,4219.96417073018,5664.40286940118,3767.72871371715,938.568637060443,4632.20447585395,sp|P35251;sp|P35251|RFC1,NA;NA,1;1,1;1,1;1,258,229,1,1,AAALGTK(0.00577),,,
27681.1709806749,32778.3634502103,50523.734459787,20034.0033972712,17278.861544334,17512.6148018279,112811.978722586,122505.358603156,147456.95270355,52125.4518694752,50734.1170066313,47693.4747755694,22186.0054968468,25949.6760821414,23040.3657330661,sp|Q92466;sp|Q92466|DDB2,NA;NA,5;5,6;6,6;6,258,229,6,5,LLTTDQK(0.00093);ASFLYSLPHR(3e-04);GGDIMLWNFGIK(0.00848);TIDVFDGNSGK(0.00093);MVVTGDNVGNVILLNMDGK(3e-04),,,
2674.43567427503,4730.78519284659,6074.06889833726,3057.31869202775,3503.48622576349,3662.6454861326,4946.204735916,4798.39013530007,2365.88423053172,2026.34933473674,2546.58282280526,3371.75335543602,2608.22754887348,3363.99173873078,3127.2734480825,sp|Q9UIG0;sp|Q9UIG0|BAZ1B,NA;NA,1;1,1;1,1;1,258,229,1,1,TEQCLVALLHK(0.00093),,,
42330.5582492677,53896.160361829,86164.9315148117,44686.3386953432,51639.2888646594,48728.9353061531,81947.714196119,62256.5311996492,69109.6686975764,49406.333213552,45038.4038762048,53642.8746158116,42502.5392373761,49438.6814783297,44262.9979485208,sp|O75475;sp|O75475|PSIP1,NA;NA,4;7,5;9,5;9,258,229,5,4,AVDITTPK(0.00058);VDEVPDGAVKPPTNK(0.00433);VDEVPDGAVKPPTNK(3e-04);DIFPYSENKEK(0.00123);DIFPYSENK(0.00654),,,
7824.75113851118,10709.3135390016,12562.3048530419,14207.5562040904,9250.95138979474,16500.7236777236,11044.9850186068,6537.17379821931,11572.5262970916,9027.05815340036,12199.032609226,7964.09237374455,115346.040955438,113505.696076912,101826.059175837,sp|Q9UJX3;sp|Q9UJX3|APC7,NA;NA,3;3,3;3,3;3,258,229,3,3,DNVDLLGSLADLYFR(3e-04);QDKDAIAILDGIPSR(0.00093);FEQAQMLDPYLIK(0.00093),,,
7297.5666662709,5558.68275485952,7427.20436079901,5517.45955618458,4147.52983324574,3118.67406577491,6062.14036488083,3892.14214751339,3927.61236178609,3801.52702788653,2208.00216007251,3478.11699433134,10127.873928192,6016.12827819843,7019.05909906895,sp|P51608;sp|P51608|MECP2,NA;NA,1;1,1;1,1;1,258,229,1,1,YDVYLINPQGK(3e-04),,,
3152.7420413899,18547.9953905462,750.306481423812,0,921.381738389118,897.996988773658,2692.29389040044,4640.13115271686,3861.22140430733,3340.74866390473,531.047048325439,614.95712935393,9296.44515729906,6445.87198137322,2169.47367605026,sp|P35579;sp|P35579|MYH9,NA;NA,1;3,1;3,1;3,258,229,1,1,EEILAQAK(0.00638),,,
18380.5120896707,21747.813351872,29879.3636545397,27545.4041211612,21646.8560824593,17061.5155184496,38557.7185176136,35833.4248408051,31924.3512629066,32880.0725795616,30558.7757846821,39857.666513711,31608.2406250635,39004.0567191034,36185.570197044,sp|P35659;sp|P35659|DEK,NA;NA,3;4,3;4,3;4,258,229,3,3,KADSSTTK(0.00577);SGVNSELVK(0.00123);LLYNRPGTVSSLK(3e-04),,,
5028.83211645435,2798.51977059475,4761.16199732917,2750.73225476272,525.820073657778,3213.64281668753,6543.94182247608,6656.16901209799,6353.34566641914,2250.38622913735,301.011771989142,4667.29547436753,13477.4896517156,19833.0523605811,13127.3504596771,sp|Q9BTC0;sp|Q9BTC0|DIDO1,NA;NA,1;1,1;1,1;1,258,229,1,1,IFQPVIEAPGASK(0.00123),,,
1061.39315361216,939.641826256513,921.621364345233,2215.87107168067,3998.5083528863,2980.41778012796,793.559811450714,866.998130988788,1049.45951331742,987.71418002131,80.1083472622623,1151.0687037588,26068.0649141134,39553.7195910171,21368.0405369028,sp|Q9UJX5;sp|Q9UJX5|APC4,NA;NA,1;1,1;1,1;1,258,229,1,1,DLIALANTAGEVLLHR(3e-04),,,
2451.41966409825,3512.66595133232,3822.31133847069,682.190140313097,609.090513763942,2253.90652010743,4766.87799251167,5353.16816284733,5222.85054169574,760.492122614208,2105.63104171245,672.480796380324,6774.37645038057,6875.66309984693,8561.73055825949,sp|Q6ZRS2;sp|Q6ZRS2|SRCAP,NA;NA,1;1,1;1,1;1,258,229,1,1,GVDEAPSSTLK(3e-04),,,
1864.41434797633,2581.9688759885,4675.11289017136,4810.7012821485,4865.58550150132,2983.21738554993,6810.74041477394,7059.85765230894,7408.5340641989,2123.16638266512,3947.57610304644,901.029130294248,3422.04511970243,1000.72293234009,979.677723227117,sp|P51610;sp|P51610|HCFC1,NA;NA,1;1,1;1,1;1,258,229,1,1,ISVATGALEAAQGSK(0.00058),,,
16282.617290719,34686.1976572525,23280.8628436642,14230.9159530067,22132.4163943194,24438.6363543975,62942.7199020095,55858.9557233364,52879.4835804432,18055.2015258538,12574.1415483602,21115.9603404189,25256.3431085827,28707.1800086338,24007.5442699426,sp|P52272;sp|P52272|HNRPM,NA;NA,2;2,2;2,2;2,258,229,2,2,LGSTVFVANLDYK(3e-04);INEILSNALK(3e-04),,,
1087.46485716719,42756.3695614711,963.060536422361,68.4995579556136,2296.76440923903,865.779097471987,8282.156879946,7231.61862348605,9532.55569783337,2467.65430725887,1289.98703255074,2796.02091145485,9164.97932971061,9335.58987710351,6839.12668165011,sp|P35580;sp|P35580|MYH10,NA;NA,2;2,2;2,2;2,258,229,1,1,QVLALQSQLADTK(3e-04),,,
9142.32090262478,18056.8477755702,13189.1303516785,17625.3625208382,12145.4516894247,17028.7061723735,20461.8803084109,20922.8455801573,23645.6161011313,17376.5309134162,19642.8307314849,25507.7803442357,12032.4666651894,15267.9265323217,11329.4758258162,sp|Q14186;sp|Q14186|TFDP1,NA;NA,1;1,1;1,1;1,258,229,1,1,QSQLQELILQQIAFK(3e-04),,,
59508.7207548038,92683.3669326252,105724.641146492,73741.8692785103,43754.9443447879,60840.6899963821,58120.6853202238,57527.8150286563,85695.0426556715,73773.4577885038,67902.089191409,62141.4314766322,73975.482714327,67278.2511975034,66630.2921011128,sp|P10412|H14;sp|P16401|H15;sp|P16403|H12,NA;NA;NA,9;3;9,16;4;17,16;4;17,31,25,2,1,AASGEAKPK(0.00093);AASGEAKPK(0.00058),,,
12219.718390595,11807.5757117356,8152.79520304794,5495.45943492576,8040.9711324908,6228.44644178887,40749.220204407,37566.5625887741,35439.473270294,6616.61157394222,9859.23352807894,7062.73357637862,7509.31939658953,10556.6777379404,3523.5152764045,sp|Q13547|HDAC1;sp|Q92769;sp|Q92769|HDAC2,NA;NA;NA,3;2;2,3;2;2,3;2;2,31,25,1,1,MTHNLLLNYGLYR(3e-04),,,
68390.8135977077,95439.4850339255,120771.17246172,55436.4632573134,71721.5360649369,75159.4538887127,210063.103601499,194161.294726893,181152.107235779,70899.7559095505,74852.18351413,73110.1311709515,99752.7295070149,104026.847612441,81764.7070203845,sp|P0DMV8;sp|P0DMV8|HS71A;sp|P0DMV9|HS71B,NA;NA;NA,8;9;9,9;10;10,9;10;10,31,25,5,4,LVNHFVEEFK(3e-04);LLQDFFNGR(0.00093);AQIHDLVLVGGSTR(3e-04);NQVALNPQNTVFDAK(0.00123);NQVALNPQNTVFDAK(3e-04),,,
1660.66793007889,7399.33846721978,1482.65637761062,5168.47531281625,3529.74220933093,6348.88576910946,16968.690267396,11920.1617215755,18997.3932638887,8311.5346858102,3652.11310931839,3794.48083275095,9873.33899828499,9315.49855083369,11056.9788131995,sp|P38159;sp|P38159|RBMX;sp|Q96E39|RMXL1,NA;NA;NA,1;1;1,1;1;1,1;1;1,31,25,1,1,LFIGGLNTETNEK(3e-04),,,
7998.16329617093,6972.31720240456,13471.7586831306,5475.78396493889,5924.07464341727,7593.86682835089,11796.9931636462,8512.84729609043,9356.75931133186,8589.41130450873,2572.99013427209,5576.08947389839,6833.64090995356,11578.0329629235,10705.8997961519,sp|P54725;sp|P54725|RD23A;sp|P54727|RD23B,NA;NA;NA,1;1;7,1;1;9,1;1;9,31,25,1,1,DAFPVAGQK(0.00093),,,
4480.98090566149,4632.5462174872,17406.7929646489,5528.74235113392,1812.17445357285,2202.23290062726,10494.4119964641,14181.4781693308,4631.28306310997,719.305893238496,5765.29257889085,4286.09215783817,35628.862927275,36290.8055449112,30959.1657637569,sp|O94805|ACL6B;sp|O96019;sp|O96019|ACL6A,NA;NA;NA,1;2;3,1;3;4,1;3;4,31,25,1,1,IPEGLFDPSNVK(0.00093),,,
1556.36491742488,4201.20941536596,1332.67100646179,5386.88230155699,6719.97912707778,7723.6479542696,7666.16233446715,6605.31247071579,3412.58689623105,3797.24011111809,8922.84408210734,4013.9507956547,5451.54028032502,5885.09889436252,5607.28351615445,sp|B2RPK0|HGB1A;sp|P09429|HMGB1;sp|P26583|HMGB2,NA;NA;NA,1;1;1,1;1;1,1;1;1,31,25,1,1,MSSYAFFVQTCR(3e-04),,,
35931.2112025281,44668.0022420942,50345.7800226271,37923.3476368417,36727.0218220175,48511.9704988719,38688.6905610786,35130.7191882268,35416.7985631787,25157.3028104633,27458.7754276731,38854.412734069,40037.6664741833,42138.0209587704,40806.5127253554,sp|P11387|TOP1;sp|Q969P6;sp|Q969P6|TOP1M,NA;NA;NA,3;2;2,4;3;3,4;3;3,31,25,3,2,MLDHEYTTK(0.00093);NLQLFMENK(0.00552);NLQLFMENK(0.00112),,,
66643.758844569,81337.1175951846,106372.287457927,87652.6896431319,75669.6665190367,70084.4710158676,80489.3950033512,119913.178848902,102860.59331807,127728.568252836,104591.262535006,116695.753087256,45529.9512870676,49980.7540084501,43986.8735620133,sp|P10412|H14;sp|P16402|H13;sp|P16403|H12,NA;NA;NA,9;7;9,16;12;17,16;12;17,31,25,4,2,SGVSLAALKK(0.00123);SGVSLAALKK(0.00577);KASGPPVSELITK(3e-04),,,
6295.04681516415,14371.3377755009,9392.86309513957,4040.3428847296,7559.43679954924,9825.02616682,18565.3499828057,22469.0259145772,20622.8350312602,4740.97078906483,5737.00713295747,5300.34214057528,6099.74819512619,8037.50149416819,3967.72232182475,sp|P04350|TBB4A;sp|P07437|TBB5;sp|P68371|TBB4B,NA;NA;NA,4;9;4,4;12;5,4;12;5,31,25,1,1,YLTVAAVFR(0.00058),,,
8591.89371024321,21989.2861464601,17175.7631447633,7845.01220295062,11599.4067509642,13772.200448005,13330.4787541641,15201.292032278,17895.9101761159,5409.46843829119,4626.4865808574,8108.29988792447,10767.228223727,6778.26198040722,7621.97247618836,sp|P68104|EF1A1;sp|Q05639|EF1A2;sp|Q5VTE0|EF1A3,NA;NA;NA,1;1;1,2;2;2,2;2;2,31,25,2,1,QLIVGVNK(0.00219);QLIVGVNK(0.00893),,,
3451.21434074375,7753.61656358027,13870.684297527,8068.92068054524,11982.5212009393,6324.09976166642,13683.8726025713,11258.8590259611,14477.0160809719,9354.59081450846,6649.3330961783,9295.73089050596,8165.07055026537,11119.5715300897,7946.82396738645,sp|Q06587;sp|Q06587|RING1;sp|Q99496|RING2,NA;NA;NA,1;1;1,1;1;1,1;1;1,31,25,1,1,SLRPDPNFDALISK(0.0067),,,
9446.55726702281,12612.0362702068,7625.95162574897,10561.4195273696,11805.5127624534,15380.9366735565,9831.58200390132,3703.85695653568,5356.50500320386,4995.52177099847,5890.15376968835,4547.09798670516,6434.67633333934,4722.22621313408,3337.42532130491,sp|A6NKT7|RGPD3;sp|P49792|RBP2;sp|Q7Z3J3|RGPD4,NA;NA;NA,1;1;1,1;1;1,1;1;1,31,25,1,1,SGQSALYDALFSSQSPK(3e-04),,,
23234.8659705691,33351.6187222891,47072.648274519,33087.0934059736,31217.7857157989,34119.6150170669,93451.92938069,78921.2305666439,73382.1196354702,38589.363605953,26034.7164278701,32820.5862035321,34666.7289206182,41248.2638297987,36744.1798995656,sp|P0DMV8|HS71A;sp|P0DMV9|HS71B;sp|P34931|HS71L,NA;NA;NA,9;9;3,10;10;3,10;10;3,31,25,1,1,AFYPEEISSMVLTK(3e-04),,,
6645.65423983233,12874.5704956678,9650.02093397821,8189.5905734454,8459.55522874142,10390.512206306,40555.2009505643,36295.7796601197,24258.3410489475,10024.6795638559,4678.75076347708,7591.64405534478,17057.2769603859,22860.4955255338,18858.5976023521,sp|B7ZW38|HNRC3;sp|O60812|HNRC1;sp|P0DMR1|HNRC4,NA;NA;NA,1;1;1,1;1;1,1;1;1,31,25,1,1,MIASQVVDINLAAEPK(0.00604),,,
5116.37373373228,7485.61088254781,8700.18838095355,4113.27340846588,4651.4009306819,4337.96538161157,21205.7397054496,23851.3903806254,14860.727806064,3153.36964087913,5039.74235823389,3853.02015465734,4918.25434400428,8857.76483807732,1592.82414486293,sp|O60264|SMCA5;sp|P28370;sp|P28370|SMCA1,NA;NA;NA,2;1;1,2;1;1,2;1;1,31,25,1,1,YLVIDEAHR(0.00093),,,
7626.0534001859,103816.783536297,13430.8438819995,13278.6250245412,10625.5254916242,8773.73760388415,49987.38583905,37919.5857713566,25436.9993562617,10561.0147672642,13752.444062254,14172.4504987971,32501.2567778634,37317.9508819171,24317.640447932,sp|P08670|VIME;sp|P41219;sp|P41219|PERI,NA;NA;NA,2;1;1,3;1;1,3;1;1,31,25,1,1,NLQEAEEWYK(3e-04),,,
1519.52559665314,67057.4020117122,7276.08776255778,9121.77686964559,3457.92689272665,339.346626102809,18321.8314464401,20176.7809665535,16951.9369222659,13447.4433897546,6961.59521126839,9939.04108250429,21464.1477329611,28142.7452368569,21045.4922788859,sp|P60709|ACTB;sp|P63261|ACTG;sp|Q6S8J3|POTEE,NA;NA;NA,3;3;1,5;5;1,5;5;1,31,25,1,1,LCYVALDFEQEMATAASSSSLEK(3e-04),,,
22587.6813180473,30985.2405764567,40463.7973978221,23400.1347019985,34502.7122849323,36452.4792817054,59166.6888989434,61628.9269013357,64468.3759005367,32766.7502888203,31170.3471826116,42548.8609170882,14918.5233722876,17788.5655009228,10656.3565581232,sp|P81133|SIM1;sp|Q14190;sp|Q14190|SIM2,NA;NA;NA,1;1;1,1;1;1,1;1;1,31,25,1,1,LLPLPSAITSQLDK(3e-04),,,
1569.9510026964,41444.0398637928,3318.23488691578,4062.17037238382,5408.8148891897,4766.12346919651,9317.04954819256,11182.0341074002,12503.5984762665,2606.25544070466,3822.91646470131,925.800039106175,15607.1747348991,11721.634800389,10617.4148138402,sp|P35579|MYH9;sp|P35580;sp|P35580|MYH10,NA;NA;NA,3;2;2,3;2;2,3;2;2,31,25,1,1,VEDMAELTCLNEASVLHNLK(3e-04),,,
18870.889547892,20997.7663265201,26719.0437619123,17693.8389915294,19419.9886556608,14000.6585266271,45453.732735893,48775.5079160598,40764.5397781308,18801.6694872931,16694.8328398935,9995.07347220289,22336.0966394487,16044.4123775126,14753.4759757273,sp|P0DMV8;sp|P0DMV8|HS71A;sp|P0DMV9|HS71B;sp|P34931|HS71L,NA;NA;NA;NA,8;9;9;3,9;10;10;3,9;10;10;3,22,18,2,2,NALESYAFNMK(3e-04);QTQIFTTYSDNQPGVLIQVYEGER(3e-04),,,
52527.1603079461,129655.816779783,94154.2757019841,54672.5002662694,58635.0694926667,67357.5747264691,151281.256383386,183818.968429637,159960.160922478,57900.4237621763,44522.4613532288,57726.1043654141,65272.9693210372,74657.4747212259,61639.4852910013,sp|P68363|TBA1B;sp|Q71U36;sp|Q71U36|TBA1A;sp|Q9BQE3|TBA1C,NA;NA;NA;NA,3;2;2;3,4;3;3;4,4;3;3;4,22,18,1,1,EIIDLVLDR(0.00567),,,
1987.28912707832,11127.8331653391,14195.8940274151,12672.8708308505,7652.38613238447,7584.17701255452,29865.6473074,26664.0967414831,21182.6281468216,12347.5200286576,8601.70204017316,13886.9311538371,12570.6489643117,18357.7656108761,10713.3409841626,sp|P0DMV8;sp|P0DMV8|HS71A;sp|P0DMV9|HS71B;sp|P17066|HSP76,NA;NA;NA;NA,8;9;9;3,9;10;10;4,9;10;10;4,22,18,1,1,IINEPTAAAIAYGLDR(3e-04),,,
145093.32803562,312850.116889558,234236.12472041,188435.476741371,172347.564271513,193932.971711033,519191.690636303,490126.960755499,481438.301791373,169852.829391498,148924.047287012,184098.11367908,183843.857847922,207752.290198496,179398.590224546,sp|P68363;sp|P68363|TBA1B;sp|P68366;sp|P68366|TBA4A,NA;NA;NA;NA,2;3;1;1,3;4;1;1,3;4;1;1,22,18,1,1,SIQFVDWCPTGFK(3e-04),,,
87327.2177537416,83472.9117993934,98355.8047190236,114957.959686358,75434.9629569764,77818.1702853872,75642.6201469666,89099.2209509441,85673.8008037016,90332.7793807974,60666.4697618179,88649.246595122,105244.152539733,102887.408464277,76197.8704105213,sp|P10412|H14;sp|P16401|H15;sp|P16402|H13;sp|P16403|H12,NA;NA;NA;NA,9;3;7;9,16;4;12;17,16;4;12;17,22,18,1,1,AVAASK(0.005),,,
34019.0461069478,96517.4064812267,53511.2251638123,43107.3436604988,37007.7925522708,54511.3837902433,94522.4803973834,105176.289049702,94105.8706177532,36786.4037329912,30851.1111480941,41383.6941242059,45476.3197010101,51457.1808184643,38308.5660896464,sp|P07437|TBB5;sp|P68371|TBB4B;sp|Q13885|TBB2A;sp|Q9BVA1|TBB2B,NA;NA;NA;NA,9;4;3;3,12;5;5;5,12;5;5;5,22,18,2,1,EVDEQMLNVQNK(3e-04),,,
28794.9277841084,34233.8083398846,35518.6305528355,28519.4138335986,29881.4503903417,31027.3189229419,65586.4879873427,56619.1427891574,68937.3908997475,38659.4554533834,43265.0141052494,37458.3646893633,30693.1418517586,33286.6440289011,33736.7862037554,sp|Q9BQW3;sp|Q9BQW3|COE4;sp|Q9H4W6;sp|Q9H4W6|COE3,NA;NA;NA;NA,1;1;1;1,1;1;1;1,1;1;1;1,22,18,1,1,FVYTALNEPTIDYGFQR(3e-04),,,
28001.8740645188,27577.8521454757,25088.2852539228,25419.0595948543,23203.0748383249,27511.3289071184,46462.8039045774,44734.4846318166,56609.1253404683,25286.4764008233,30537.1850592106,35735.6696158142,35033.1447340135,33061.5803304943,29038.2985209846,sp|P56178;sp|P56178|DLX5;sp|Q07687;sp|Q07687|DLX2,NA;NA;NA;NA,1;1;1;1,1;1;1;1,1;1;1;1,22,18,1,1,TIYSSFQLAALQR(3e-04),,,
3940.33793049131,1695.73878563569,8430.92557349517,8023.41574174543,12207.1251488146,787.21976151447,26731.8961733411,20902.2750132068,20733.6126528067,592.579636403685,4029.5204972144,8459.99841186993,1535.58699671354,6585.7252279554,5588.04162980962,sp|Q09028;sp|Q09028|RBBP4;sp|Q16576;sp|Q16576|RBBP7,NA;NA;NA;NA,3;3;2;2,3;3;2;2,3;3;2;2,22,18,1,1,VINEEYK(0.00112),,,
59589.224695246,57924.5992343352,90043.2892377651,63300.9526409691,43207.6337117809,46204.2618804417,157843.702223527,154814.04673727,158819.143972335,78461.6951229966,57590.578537922,70894.5546172748,52841.0005989091,58282.9919762242,45832.832808145,sp|P11142;sp|P11142|HSP7C;sp|P17066|HSP76;sp|P54652|HSP72,NA;NA;NA;NA,5;6;3;1,6;7;4;2,6;7;4;2,22,18,2,1,LLQDFFNGK(0.00058);LLQDFFNGK(0.00123),,,
32348.9488501806,35843.4673335878,36629.1177888331,20249.1845766979,20866.624709545,18080.9942571189,152675.59443827,107993.32928463,111698.276940356,26111.5009129246,28918.4068385945,27917.6931357669,21486.4264533165,31221.0394493888,25193.6957606904,sp|Q13330;sp|Q13330|MTA1;sp|Q9BTC8;sp|Q9BTC8|MTA3,NA;NA;NA;NA,7;7;2;2,9;9;2;2,9;9;2;2,22,18,2,2,TLLADKGEIR(0.00467);VGDYVYFENSSSNPYLIR(3e-04),,,
4465.59708984716,115561.13811777,7676.41285248607,12549.2945132224,7082.98267087304,10125.5832787839,35866.9796799805,30167.9377214127,24581.2691479777,21648.7527965486,8146.88456978051,9770.29217860648,31247.0246208124,52626.0677509132,29324.4534218562,sp|P62736|ACTA;sp|P63267|ACTH;sp|P68032|ACTC;sp|P68133|ACTS,NA;NA;NA;NA,2;2;2;2,2;2;2;2,2;2;2;2,22,18,1,1,YPIEHGIITNWDDMEK(3e-04),,,
16477.3245281646,60090.0250091478,47322.1637333994,14007.4339874232,17851.6278361268,33492.8584834098,82093.7375087031,68692.0879357812,91306.4388123353,19422.2024558754,18930.7656871918,23023.1189343876,23520.077951855,33086.8628256801,28476.0093059497,sp|P07437|TBB5;sp|Q13509|TBB3;sp|Q13885|TBB2A;sp|Q9BVA1|TBB2B,NA;NA;NA;NA,9;2;3;3,12;3;5;5,12;3;5;5,22,18,2,1,AILVDLEPGTMDSVR(3e-04);AILVDLEPGTMDSVR(0.00093),,,
83761.7787828802,155792.510360372,162626.789135557,108280.243738241,106657.12304417,105552.018916379,160708.725178786,147618.189768293,159041.53648437,112109.130843676,102821.84446079,131992.48880358,146735.512982011,134353.237920245,105196.824533637,sp|P0CG47|UBB;sp|P0CG48|UBC;sp|P62979|RS27A;sp|P62987|RL40,NA;NA;NA;NA,3;3;3;3,4;4;4;4,4;4;4;4,22,18,4,3,ESTLHLVLR(3e-04);TLSDYNIQK(0.00252);TLSDYNIQK(3e-04);TITLEVEPSDTIENVK(3e-04),,,
17708.4660342169,34585.3938276304,37547.868967458,14244.0820631315,17452.0561919492,15713.403265674,71170.2064225413,69511.2658975131,53955.4309288439,18123.4792189918,14538.2817951042,26277.094369488,17118.7517381284,14374.832168849,17484.3388284549,sp|O15379;sp|O15379|HDAC3;sp|Q13547|HDAC1;sp|Q92769;sp|Q92769|HDAC2,NA;NA;NA;NA;NA,1;1;3;2;2,1;1;3;2;2,1;1;3;2;2,13,9,1,1,VMTVSFHK(0.00687),,,
200794.998217028,294838.188286594,312943.581278455,283501.57537413,219645.584913758,227199.191664726,184804.276111015,209296.890137749,281535.955078655,286527.92038564,225709.171125233,266801.034298777,326681.825584998,315519.195988995,237942.548406588,sp|P10412|H14;sp|P16402|H13;sp|P16403|H12;sp|P22492|H1T;sp|Q02539|H11,NA;NA;NA;NA;NA,9;7;9;2;3,16;12;17;5;6,16;12;17;5;6,13,9,5,2,KALAAAGYDVEK(3e-04);ALAAAGYDVEK(3e-04);ALAAAGYDVEK(0.00093),,,
334518.868693813,816740.12779097,589438.814332026,286175.335518786,328934.110066818,407560.934634956,1096686.69984781,1049636.94499237,1056123.83671736,376840.92289254,311530.24918556,382899.360446377,384608.650641867,389246.106542035,347737.222633744,sp|P68363;sp|P68363|TBA1B;sp|Q71U36;sp|Q71U36|TBA1A;sp|Q9BQE3|TBA1C,NA;NA;NA;NA;NA,2;3;2;2;3,3;4;3;3;4,3;4;3;3;4,13,9,2,1,AVFVDLEPTVIDEVR(3e-04),,,
33634.0484186863,60252.6140155623,59001.2430477227,49766.9697449555,33426.029593617,36229.6683186059,49175.1882367574,26852.8749118962,38273.2741527816,34713.7423278603,47686.5222111685,51441.0746250762,58988.0951693428,42318.5245312322,46206.7433377362,sp|P10412|H14;sp|P16401|H15;sp|P16402|H13;sp|P16403|H12;sp|Q02539|H11,NA;NA;NA;NA;NA,9;3;7;9;3,16;4;12;17;6,16;4;12;17;6,13,9,1,1,GTLVQTK(0.00819),,,
5264.09090199298,12142.5512377337,15483.3789137188,7589.97674518933,6041.83655354714,6774.30065267997,13778.1543204622,20958.1346772328,12845.3111020524,938.245516979383,6637.98379555078,14284.055665109,13636.1943178354,12481.476325098,11256.7567783438,sp|P0DMV8;sp|P0DMV8|HS71A;sp|P0DMV9|HS71B;sp|P17066|HSP76;sp|P48741|HSP77,NA;NA;NA;NA;NA,8;9;9;3;1,9;10;10;4;1,9;10;10;4;1,13,9,1,1,FEELCSDLFR(3e-04),,,
13933.6643752634,37670.2782126701,31493.8715698614,17936.4090908074,19207.8784551963,20709.8578280461,59639.5685460628,42154.7274352416,42452.4958850545,18809.8565115216,21051.1056306149,13876.6609071737,24411.1594145137,19238.967252439,13591.9361678538,sp|P04350|TBB4A;sp|P07437|TBB5;sp|P68371|TBB4B;sp|Q13509;sp|Q13509|TBB3,NA;NA;NA;NA;NA,4;9;4;1;2,4;12;5;1;3,4;12;5;1;3,13,9,1,1,IMNTFSVVPSPK(3e-04),,,
25250.5028856334,61747.3141416518,27757.0755907706,29420.6599561887,36456.509701008,25739.325502975,63934.3330224185,63007.2972927474,77073.0513718022,28708.9781347428,21082.0844817267,45006.8200246873,34576.9518871389,42523.2690698741,20000.5999036405,sp|P04350|TBB4A;sp|P07437|TBB5;sp|P68371|TBB4B;sp|Q13885|TBB2A;sp|Q9BVA1|TBB2B,NA;NA;NA;NA;NA,4;9;4;3;3,4;12;5;5;5,4;12;5;5;5,13,9,1,1,LTTPTYGDLNHLVSATMSGVTTCLR(3e-04),,,
7463.4111650593,99281.7263029158,6018.20729096633,4392.14214299151,5798.40637755683,4353.87012865717,26921.7967850492,24955.3168647983,27623.6374188046,7400.19253582037,9777.79362714567,8007.48146425085,35913.1759900343,26834.1375733243,31542.5957127607,sp|P62736|ACTA;sp|P63267;sp|P63267|ACTH;sp|P68032|ACTC;sp|P68133|ACTS,NA;NA;NA;NA;NA,2;1;2;2;2,2;1;2;2;2,2;1;2;2;2,13,9,1,1,VAPEEHPTLLTEAPLNPK(3e-04),,,
74221.4366466913,113759.92165289,142570.792634951,102530.569828082,120198.447674423,123122.040885301,86233.6252987222,87316.2002180973,110509.61670826,166890.472258548,220613.852394499,184630.024159588,118897.731387304,127032.084267711,142943.600330641,sp|P62805|H4;xH4,NA;xH4,2;2,4;4,4;4,4,2,4,2,DAVTYTEHAK(0.00971);DNIQGITKPAIR(0.00081);DAVTYTEHAK(3e-04);DNIQGITKPAIR(3e-04),,,
