GeneName,ProteinName,pvalue_E113A,adj.pvalue_E113A,log2FC_E113A,pvalue_E113Q,adj.pvalue_E113Q,log2FC_E113Q,pvalue_E56A,adj.pvalue_E56A,log2FC_E56A,pvalue_E56Q,adj.pvalue_E56Q,log2FC_E56Q
H2B.C,H2B.C,,,,,,,,,,,,
sp|O00287|RFXAP,,0.00212193369092892,0.0121185990793051,1.40165154910785,0.220373534495005,0.349604928180348,0.469569867393492,3.39796728305928e-05,0.000178219916682905,2.27707106116903,0.00394899931861122,0.0151476541027326,1.28112698501312
sp|O14734|ACOT8,,0.0272951457146907,0.0887956006161458,-0.691983002703702,0.233722881300608,0.364041093904584,-0.346786219958951,0.115741454162396,0.168053975817717,-0.468336835529582,0.0141076610903563,0.0412007829570633,-0.789226701959315
sp|O43829|ZBT14,,1.84273123678519e-07,7.89303213089656e-06,2.36834671014131,5.10001596115342e-06,7.7100241295084e-05,1.74812912535055,8.97368848213101e-09,3.84372989984612e-07,3.07353459378487,4.53128057565543e-06,5.06321351279759e-05,1.76794426607939
sp|O60264|SMCA5,,0.847231419553543,0.928334334442426,-0.110773243716761,0.0686072993682433,0.144525212603594,-1.12151750957877,0.013909540188522,0.0267334361512075,1.60767185734584,0.4853897024512,0.636454864948767,-0.404875161152559
sp|O75475|PSIP1,,0.134028012195906,0.267017047553084,0.43693361625667,0.895562526150774,0.930617332411336,0.0365442013894656,0.00928888139331973,0.0195675616236325,0.836769281800158,0.0549214654606623,0.119617090028731,0.577149296695444
sp|O75478|TAD2A,,0.85612709112831,0.928334334442426,0.11255279137612,0.0143581161891127,0.0439289983404996,-1.72567475997,0.794673444933133,0.865385912490742,-0.161673541037876,0.00093092036340074,0.00443049135914797,-2.61301177841044
sp|O94776|MTA2,,0.767045815589455,0.864608660554781,-0.193816122349351,0.469412321254242,0.606225962624825,-0.477570317105045,0.132692572661192,0.188408791016168,1.02922697143734,0.000600936252663134,0.00302824739087109,-2.90599761534383
sp|O95210|STBD1,,0.111486334068293,0.241787313200312,-0.384772695375126,0.193304789233292,0.317349243536713,-0.308974678036658,0.000900204249936361,0.00272179402627817,-0.970086274590624,0.737110381575307,0.827237415130366,0.0771597141264047
sp|O95785,,0.20914278383395,0.383926396038037,0.43176506387702,0.454860099308213,0.590399219809145,0.251537278750947,0.00384282473443165,0.00940577101665651,1.15237956298435,0.219971183541918,0.342428803494891,0.421043417401775
sp|O96019|ACL6A,,9.08604426759822e-07,2.59457041863638e-05,-2.47002681900196,2.64970557844133e-08,1.1349572227657e-06,-3.44090010336354,2.33582313047228e-05,0.000142930129650328,-1.78092593544036,7.88583249465716e-08,2.02665895112689e-06,-3.47924775764468
sp|P04264|K2C1,,0.43765394381726,0.593324490070773,-0.32266912742582,0.382024821988264,0.525028766048042,-0.364632313127461,0.911341652782596,0.933312037679022,0.0457307536023766,0.273415281159371,0.399248450329309,-0.460988539614161
sp|P04350|TBB4A,,0.358521435487421,0.530268808031899,0.350763281345991,0.35434098156,0.493386260847168,0.353933958794458,0.0149039254451876,0.0283726580697275,1.03709248135666,0.374158980767131,0.514218492284239,0.339128443503964
sp|P06400|RB,,2.84556689432673e-05,0.000365655345920985,2.00718881169445,8.22213839997983e-05,0.000769917230656021,1.7964751848749,1.91733762837293e-07,3.50492141332602e-06,3.20978324735796,3.85870529841293e-05,0.000268023584241115,1.94543008455517
sp|P06746|DPOLB,,0.251263057603101,0.42764639605296,-0.321970487470275,0.0159550947501309,0.0467808691604106,-0.744757842439445,0.00243444768420394,0.00631972782667083,1.01090669666709,0.550174298785715,0.693111739156513,0.164379474585165
sp|P07437|TBB5,,0.0755965772406984,0.190473728929995,0.396183815969274,0.355161316174032,0.493386260847168,-0.196416951597848,2.04873606627322e-05,0.000128420772934688,1.34705498939801,0.410891614923571,0.55861782663549,-0.174040563614156
sp|P08670|VIME,,0.438644564643762,0.593324490070773,-0.47521141936723,0.015352629625591,0.0458793699276381,-1.66483331351852,0.899047096374804,0.931673805517439,0.0769129741653692,0.0120393626976888,0.0364013672153649,-1.74109162537785
sp|P09874|PARP1,,0.310405595056681,0.491585530107723,0.2182885644224,0.262051889462783,0.389290957178816,0.242506388850658,0.0493234068876854,0.0797239972964475,0.449186932404421,0.647664904333767,0.756590365517174,0.0966937509830462
sp|P10412|H14,,0.181060300031312,0.34725744110483,0.325971030936637,0.590160933980302,0.729189230927585,-0.127241606652988,0.593735198364235,0.690452244251622,-0.126005441353368,0.541418887414324,0.688834921116244,-0.144512929593199
sp|P11021|BIP,,0.539658486520538,0.693980508073218,0.278466545628964,0.411267127120819,0.547645863575391,0.375365297873972,0.00554480083211794,0.0122846018435716,1.47471977017245,0.891728356391235,0.920378263423885,-0.0613481428262227
sp|P11142|HSP7C,,0.685191432866868,0.800428173849023,0.268939782476324,0.27530280172452,0.406625402547137,-0.73925383715077,0.0924572039785328,0.138148264084203,1.18022993224914,0.794564162780358,0.861615990863089,-0.172402635547065
sp|P11387|TOP1,,0.980283314895731,0.987278353527934,0.00954992321572099,0.78701200987028,0.876180622679935,-0.104563509921201,0.865607607548814,0.904313638780671,0.0654357774062934,0.242561331387313,0.370515817059577,-0.464506515959971
sp|P12956|XRCC6,,0.132406512889996,0.265847451661946,0.25850270745842,0.716573566578662,0.829546876624847,-0.059661768942565,0.062672821393937,0.0982128969404989,0.328082530954671,0.463653676194404,0.614221622587432,-0.12144347201881
sp|P13010|XRCC5,,0.214579979732785,0.391113863768267,0.20829031171515,0.437517778953165,0.576625995851095,-0.127788054326447,0.0728301359274908,0.11207990978063,0.311943102930255,0.612753906610296,0.725703935478553,-0.0827147046550998
sp|P16402|H13,,0.96177345695296,0.976979361410715,0.0138031398591737,0.919153100165126,0.944889386969749,0.0292365720406371,0.422004445626463,0.518924126918666,-0.234324378264276,0.209796709272669,0.330783768607827,-0.37312419006107
sp|P16403|H12,,0.662239235292011,0.787942053102068,-0.114075679164394,0.32962920817767,0.468373946797422,-0.258607882809011,0.323425754329028,0.415602094312801,-0.262079739553626,0.683530236773009,0.78210540319449,-0.106403310297441
sp|P18887|XRCC1,,0.396923987532068,0.554399265194248,0.283584649019639,0.749076133648285,0.851825514812431,-0.105726498348064,0.00412292088051418,0.00981102468789023,1.13033938483107,0.766270416899067,0.845199558553907,-0.0982278152729389
sp|P19532|TFE3,,0.504021819625426,0.659553929271197,-0.618023342673175,0.844439449184714,0.908037399332517,-0.179974358233805,0.253625686492739,0.341265976066146,1.07482703201526,0.826346914300142,0.884879820729735,0.201266949726985
sp|P20585|MSH3,,0.966693963099131,0.978111608332585,-0.0165124435177064,0.0078100777898767,0.0278776387777543,-1.22442226535577,0.000508683444736836,0.00165483095313123,1.79582196639846,0.116066615467816,0.20859524598062,-0.654250631667901
sp|P27694|RFA1,,0.00325934620036262,0.0174510827811082,-1.26117444575052,0.00908816851281443,0.0315629636188285,-1.07248005264174,0.0949696081589636,0.141082019056957,0.628908393922494,0.126573904246298,0.21979387426553,-0.569916754542005
sp|P31270|HXA11,,0.831945756312444,0.925584672607351,-0.0763743990467893,0.814227007473532,0.882938147344717,0.0845870143994541,0.0999405934895407,0.146769900153211,-0.625914467576768,0.279627616448786,0.406012979815469,-0.398255404541496
sp|P35249|RFC4,,0.273232808661782,0.449420021358234,-0.344519148972419,0.0114902613590336,0.0383506125879432,-0.888610604006681,0.256443419625306,0.343260202310957,0.35749245671073,0.570315306213427,0.711509872314809,0.175258006903627
sp|P35250|RFC2,,0.457001437662591,0.611715466037947,-0.193015460380672,0.193867047608031,0.317349243536713,-0.345203283689448,0.263307290566845,0.350621625262586,0.294513939854576,0.605191263769469,0.725703935478553,-0.13336088204619
sp|P35579|MYH9,,0.218639021193778,0.395705834132401,-1.34509772234829,0.00733953681436756,0.027346703127476,-3.31520251594833,0.986181228652793,0.993915983387325,0.0183544822478612,0.0330399336890371,0.0822583971342069,-2.48631431154027
sp|P35659|DEK,,0.20628062999584,0.381396560495905,-0.357794289636211,0.112118458741014,0.210324408003215,-0.458630930260744,0.398085416363572,0.501509568654107,0.234872536684895,0.7576379237582,0.839444939332146,0.0846812404592989
sp|P40937|RFC5,,0.365898519904264,0.530268808031899,0.202620275415581,0.617422050566112,0.752025909931236,-0.110630886383758,0.0104447074366099,0.0214743184896699,0.649197031954216,0.036592192167142,0.087889657822014,0.50504939526862
sp|P40938|RFC3,,0.0200302697083367,0.0695645853384125,-0.842787228134719,0.00275543384630649,0.0119831378524975,-1.17486278741963,0.282182132857779,0.371901580227945,-0.355821407047721,0.00511874804789313,0.0185284260325146,-1.07082422774863
sp|P41208|CETN2,,0.0553597810528018,0.14667488382031,-0.951074727818527,0.0319464872985114,0.0803466645046986,-1.0863897351268,0.089332092469971,0.134259343653699,-0.829269985706741,0.991335984579348,0.995155093497135,-0.00499027338508051
sp|P42166|LAP2A,,0.655743480987949,0.787505021560294,-0.193100656216387,0.123020008920327,0.224227959521448,-0.699079708451887,0.278275638597352,0.36864350061608,0.479214212560682,0.875639769263473,0.911353742521139,0.067546695818543
sp|P43243|MATR3,,0.419252863422134,0.576192437965179,-0.227627397609349,0.94043607150856,0.955304625998814,0.0207792176445709,0.00192183629140176,0.00503991762132912,1.06380370952111,0.0430478998975693,0.0987795560149582,-0.613206811251942
sp|P43246|MSH2,,0.290348634899444,0.465074951745226,-0.607998536977342,0.0100264716453836,0.0343573761715146,-1.66733062885609,0.0612803719994304,0.0966199730297767,1.13171569054587,0.0158964326600206,0.0459031819508459,-1.53337852321472
sp|P49454|CENPF,,0.749057945277303,0.862328180994335,-0.191979843394028,0.0299111262460713,0.0768715944524032,-1.43662109472297,0.368350018254635,0.466334752174587,-0.547810955918506,0.000774035456584848,0.00375334174230766,-2.5823343911524
sp|P53999|TCP4,,0.0135389104816954,0.0504275361419669,-0.890348434820119,0.175219038751526,0.296258506310146,-0.445887875159069,0.344386217828489,0.438154742484761,-0.304937995239783,0.12105407876235,0.211638763550503,-0.516059194805303
sp|P54727|RD23B,,0.577524057288799,0.713575397707795,-0.169394213711396,0.588431985126431,0.729189230927585,-0.164501112585203,0.955803767611833,0.970915289629411,-0.0167481544642252,0.942781916660571,0.953917136148688,0.0216912215945229
sp|P61964|WDR5,,0.902242171932875,0.950312451585036,0.0376017091906191,0.0485372855149735,0.108470281542158,-0.655161497044485,0.913962504891811,0.933312037679022,-0.033072477543056,0.264287849222354,0.392281442573595,-0.350543068518361
sp|P62826|RAN,,2.82834945294234e-06,5.59142930312447e-05,1.77191855715201,1.33958313227942e-06,2.86894054163176e-05,1.89925950159232,0.000468518277747353,0.00156375581014376,1.03940243942939,0.116943108555412,0.208710964574589,0.373933037571856
sp|P78527|PRKDC,,0.0635067579092132,0.165199465721042,0.385954513758599,0.111050831311233,0.209853409169021,-0.325107549286451,0.0154505631572015,0.0291970200838293,0.530921962865649,0.328523234305223,0.458861256611099,0.192833771083039
sp|P85037|FOXK1,,0.0108766816780181,0.0432742867370398,1.36818647069831,0.105890519019022,0.204615514194652,0.798631510421314,0.00133147194634526,0.00373348654566826,1.88033789378542,0.390776487808526,0.534199773227613,0.407527618951862
sp|Q01831|XPC,,0.363796363957327,0.530268808031899,-0.159249090794075,0.00761394253862089,0.0275603272172615,-0.536065631843537,0.582788435481199,0.680802854175765,0.0952904231060891,0.060264749367471,0.124903553124516,-0.348807552580774
sp|Q08945|SSRP1,,0.489237501989804,0.648113597996802,0.138843193873612,0.0860816297989161,0.170176760448626,-0.362922755913912,0.0139388344134701,0.0267334361512075,0.556091288941168,0.000410127056654482,0.0022168162542195,-0.926567835357345
sp|Q13547|HDAC1,,0.0194945076744751,0.0686313489361657,0.901571367141967,0.287589194917366,0.421669774487263,0.374164601856463,4.19128988648945e-05,0.000203238019024111,2.06210942082235,0.0560544857161271,0.121058847302896,0.709033098077759
sp|Q14119|VEZF1,,0.000925563009777425,0.00609922291058457,1.73441287666857,0.00248296268107574,0.0113950251613655,1.51883975547705,2.6435670338301e-05,0.000152349333728017,2.58810871946798,0.00122947293077323,0.00574499169470399,1.67174137841886
sp|Q14469|HES1,,0.234696914227219,0.410320455485682,0.590361486496933,0.372260424289356,0.514359833561099,0.437618780985173,0.00981706308096536,0.0203958423377745,1.43696306442296,0.00878418606595089,0.027870812579622,1.46465583551206
sp|Q14527|HLTF,,0.128914351538945,0.263547603613844,-0.273221980101032,0.653871774667732,0.777986324488921,-0.0772221574270509,0.030536832058154,0.0530267962090917,0.409543640768163,0.887258874392937,0.919457785157197,0.0243258579189826
sp|Q14980,,0.130235586221627,0.263547603613844,-0.610193028036163,0.00358927705431796,0.014641971475551,-1.34528646956015,0.168355369200923,0.235148531981724,0.550915185525006,1.31593482563534e-05,0.00010909524199622,-2.59332885629569
sp|Q16531|DDB1,,1.57956831765135e-06,3.69044597851269e-05,1.65453958830902,0.162930121149971,0.279153607570284,0.291199665507452,6.14285358236661e-10,7.8935668533411e-08,3.26074120749579,8.36737128083138e-07,1.34400901198354e-05,1.75371993179216
sp|Q52LR7|EPC2,,0.0367196234127323,0.11333034187954,1.27618727152092,0.454701707681148,0.590399219809145,-0.421408562601139,0.00408759254878961,0.00981102468789023,1.91205293286408,0.0790988585252198,0.151704527171504,1.04365551548418
sp|Q5T5X7|BEND3,,2.02464797403442e-05,0.000289074738514914,1.79085558805751,8.22298673989604e-05,0.000769917230656021,1.54858778736192,6.02089570264313e-06,4.99151675993318e-05,2.01716198709494,0.000209163744700454,0.0012798829140004,1.39694686896836
sp|Q6PJG2|EMSA1,,0.0853048344524429,0.206279571333881,0.7285438722335,0.0147321201571038,0.0445429985926551,-1.10179553245125,0.00546114670679286,0.0122044756838762,1.30588951888639,0.837240081954784,0.892824485736015,-0.0818287918571436
sp|Q86V81|THOC4,,0.861657367983681,0.928334334442426,0.0956814183703474,0.0347015744416007,0.0825768947360313,-1.27314036167815,0.321747848844688,0.415523603784346,0.554832532960389,0.599918415979693,0.725703935478553,0.28944179432315
sp|Q8N5C6|SRBD1,,0.42536337325312,0.581480781521552,0.236949037229631,0.709658751032091,0.825259271562205,0.109541595150769,0.000590132223893295,0.00187239483383428,1.30838461784844,0.110740606626163,0.200424900724816,0.493382880376994
sp|Q8N9N5,,0.00119923388173828,0.00770507769016844,1.0404934222931,0.000315133679543298,0.00224970432340632,1.22725340498666,1.14368940490298e-05,8.90691445636566e-05,1.74566349985774,0.00051126756000088,0.00262791525840452,1.15851344776382
sp|Q8NCY6|MSD4,,0.000344470923114126,0.00285577507226872,2.46792211800517,0.132049784188868,0.235672184281521,0.818961329717467,0.000194116727199106,0.00074459699836075,2.63669793367219,0.00856139935135701,0.0275034954162344,1.5814903146401
sp|Q8NFW8|NEUA,,0.632757670296979,0.768081168814549,0.16393808503539,0.013873635134162,0.043482002798532,-0.955934133181147,0.420491316846954,0.518924126918666,-0.278777502508018,0.273037322019399,0.399248450329309,-0.383690668175998
sp|Q8WXX5|DNJC9,,0.571628368710994,0.712176430813878,-0.115203613789166,3.99104438856101e-05,0.000466226549027355,-1.22000388933146,0.404671571550826,0.505082333082488,0.171031067803593,0.0177227928800776,0.0500522831887906,-0.540723753756445
sp|Q92522|H1X,,0.178611746399658,0.345136983644452,0.373312156356524,0.738437214444892,0.843459396054833,-0.0894704449174492,0.17202166380338,0.237929275120458,-0.379502662994622,0.94050222871157,0.953917136148688,0.0199550365548118
sp|Q92618|ZN516,,0.102893832705231,0.226014658164483,1.13156003883413,0.876753015247708,0.923465266060085,-0.101840416730379,0.00862808000630088,0.0184784713468277,1.99849336637415,0.5258673607949,0.672377670270097,-0.41979391826671
sp|Q96JM7,,0.408907784572571,0.568050273703518,0.527824934130911,0.136632699919799,0.242169681926816,0.982318784122229,0.0131127411854639,0.0257249960661392,1.78273745970907,0.187552475448011,0.299385007392166,0.861019313191718
sp|Q96KM6|Z512B,,0.202089167202782,0.381396560495905,-0.283884620093898,0.0960333643192846,0.186974050227698,-0.379443758479219,0.824851729239585,0.879219333783972,0.0476666345123631,0.0192362180609106,0.0525926387410001,-0.565865647309708
sp|Q96MR6|CFA57,,0.0877197872835034,0.206825553503306,0.458461870177304,0.602821885540521,0.741269017147913,0.132184687057742,0.307218700580218,0.402832683924062,0.26355810194896,0.265591326878621,0.392281442573595,0.288534837055449
sp|Q96ST3|SIN3A,,6.03986207993155e-06,0.000103482970302827,1.61673424719911,8.388203291194e-05,0.000769917230656021,1.2389009176768,6.50408774636692e-08,1.85727838979589e-06,2.43833375034106,1.40247116052045e-05,0.000112635965079298,1.48930932109719
sp|Q96T58|MINT,,0.120835289331993,0.252476986653026,-0.498594889742253,0.0821226787831585,0.163608747653269,-0.566125923026257,2.39719059070804e-05,0.000143273949258597,1.94197521371946,0.307129189293637,0.433693415650905,-0.318993668884629
sp|Q99583|MNT,,0.0393182296724035,0.116816584701715,0.63415846792602,0.606494102573991,0.742233258864361,0.14572331599306,0.000576298791372918,0.0018513598672855,1.25849210873005,0.0578395389684283,0.122849268718067,0.575606520801469
sp|Q99742|NPAS1,,0.0228344683778839,0.0772165575410022,1.4221092335911,0.0543567814431247,0.119399084024641,1.16408230518434,0.00984079552484062,0.0203958423377745,1.66648236464476,0.0268565195485939,0.0711559332369963,1.37453007649538
sp|Q99986|VRK1,,8.23342626983732e-08,5.43895209465966e-06,2.71697720027863,0.0777754299252936,0.156485658706754,0.475701681450821,9.68661035580146e-11,2.48945886144098e-08,4.78588573987216,1.80154255820298e-08,5.78745546822706e-07,3.09683592793043
sp|Q9BQE3|TBA1C,,0.096042777852291,0.216517490421393,0.361834170025024,0.641541409779358,0.773068345567082,0.0959507395181767,4.73775672133112e-06,4.19863268062792e-05,1.52803004308723,0.0772774873007482,0.150456926032517,0.386970324079389
sp|Q9BUH6|PAXX,,0.291350456151678,0.465074951745226,-0.275375213437763,0.0755608740922941,0.154120195569203,-0.484192172043324,0.856927040732676,0.898898977421624,0.0460124877302721,0.159460020076542,0.266111851686177,0.373879475807764
sp|Q9GZN1|ARP6,,1.55937398851264e-06,3.69044597851269e-05,-2.1408028308291,1.05507984646454e-07,3.38944400676735e-06,-2.7252950632041,0.00127704768392946,0.00364668060855412,-1.04716563577286,1.41447520754628e-08,5.19314469056277e-07,-3.24029196719017
sp|Q9H147|TDIF1,,0.671643189809439,0.795448386087677,0.077216879861536,9.10675517033352e-05,0.000784205206193504,-1.00298732236523,2.78615513043455e-05,0.000152349333728017,1.13546850180561,0.0284743394156287,0.0738314762802998,-0.440058677111748
sp|Q9H1A4|APC1,,2.10357506910461e-06,4.50515660633237e-05,-3.72481165329036,1.26390865167189e-06,2.86894054163176e-05,-3.91515680387993,5.16972289895032e-07,6.99273044752753e-06,-4.26741247143678,4.65086681162326e-07,9.86030283794097e-06,-4.81951336477495
sp|Q9H7L9|SDS3,,0.0356956891020322,0.11187551340515,0.614933706374756,0.0195556652757577,0.0546283258246711,0.699246745740505,3.56468923296322e-05,0.000179632378994421,1.62734594025955,0.00760445674163466,0.0253811088649365,0.829634381737686
sp|Q9H967|WDR76,,0.355647220619229,0.530268808031899,-0.409954247752091,0.497448553466287,0.63289246653879,-0.298701600060962,0.338310536300262,0.432566208105311,-0.425524302315899,0.0164357519401746,0.0469332027624985,-1.18250175580275
sp|Q9NPF5|DMAP1,,0.003679999380196,0.0185443106021642,-1.55159486158886,1.14716596668123e-06,2.86894054163176e-05,-3.7839381745166,0.0740266703172684,0.113243180187726,-0.850090246050927,3.72673254015835e-06,4.35350119463953e-05,-3.39108186105286
sp|Q9NVE5,,0.541353486726605,0.693980508073218,0.257063819754141,0.643722279966364,0.773068345567082,0.194023993700502,0.178759594157307,0.245674950258972,0.583055832215525,0.712489171298555,0.803112793963722,0.154348172922913
sp|Q9UJV9|DDX41,,0.142966404660781,0.282633584598621,1.93691281197053,0.79025590260784,0.876180622679935,-0.336841962550279,0.446936024573448,0.541804520355547,0.973276907769719,0.875892507403585,0.911353742521139,-0.197600336326014
sp|Q9UKL0|RCOR1,,0.340446376754459,0.52080189777319,0.457510052163758,0.394931837374111,0.534197274763929,-0.406718344074457,0.00442976087638226,0.0103495322293658,1.59656932198413,0.568704255232653,0.711509872314809,0.270261074556132
sp|Q9UKY1|ZHX1,,0.000590208027696954,0.00433915214227505,1.05617704868742,0.125073987892048,0.226366302029974,0.38149154616104,2.38875931930379e-07,3.83694465663171e-06,2.31885975853949,0.0183290516269103,0.0506512501947951,0.628791879457784
sp|Q9ULM3|YETS2,,0.343965731904209,0.523072148517052,-0.908184713165065,0.0337407951748946,0.0818055128296973,-2.19990789422499,0.617328567188855,0.711450411513613,-0.473131763073363,0.0590891706343378,0.124474728303482,-1.9162637041163
sp|Q9UMN6|KMT2B,,0.000239739153675209,0.00212458491360444,1.3633115422025,0.000105103838454607,0.00081878559949509,1.49482547335895,2.43500483925378e-06,2.24596843114946e-05,2.17843604443109,7.08599954800175e-05,0.000479237337851697,1.55965373813157
sp|Q9Y230|RUVB2,,1.05816188612056e-07,5.43895209465966e-06,-1.75172992101119,1.27490876908942e-10,3.27651553655981e-08,-3.08373292280698,0.000101559100062452,0.000435011478600836,-0.909566406709598,1.22565566619123e-10,1.57496753105573e-08,-3.09370435087145
sp|Q9Y265|RUVB1,,4.65283184160781e-07,1.70825397613315e-05,-1.87650039666107,4.93842476934198e-09,4.2305838857363e-07,-2.78105120529448,0.000299808404356027,0.00102734346559332,-0.983576712148819,1.33946493735545e-09,1.12350570945196e-07,-3.10168839081896
sp|Q9Y4A0|JERKL,,0.220344077553004,0.396002992525329,-0.412187018457051,0.808724420242567,0.882938147344717,-0.079013745546451,0.903365801473224,0.932389602323769,0.0395935376571926,0.667025107877345,0.775680781558723,-0.140796299866838
sp|Q9Y5B9|SP16H,,0.115668909660478,0.243663194940515,-0.303298330980593,0.0250089785448742,0.0662609019178625,-0.45643926150027,0.426403493502309,0.519363496825087,0.147539413805847,2.29067688133003e-05,0.00016820113100052,-1.16850797980692
H3.2;NA;NA;NA,H3.2;sp|P68431|H31;sp|Q16695|H31T;sp|Q71DI3|H32,,,,,,,,,,,,
H3.2;NA;NA;NA;NA,H3.2;sp|P68431|H31;sp|P84243|H33;sp|Q16695|H31T;sp|Q71DI3|H32,,,,,,,,,,,,
H3.2;NA;NA;NA;NA;NA,H3.2;sp|P68431|H31;sp|P84243|H33;sp|Q16695|H31T;sp|Q6NXT2|H3C;sp|Q71DI3|H32,,,,,,,,,,,,
NA;NA,sp|P54727;sp|P54727|RD23B,,,,,,,,,,,,
NA;NA,sp|Q14527;sp|Q14527|HLTF,,,,,,,,,,,,
NA;NA,sp|P36406;sp|P36406|TRI23,,,,,,,,,,,,
NA;NA,sp|Q9ULW0;sp|Q9ULW0|TPX2,,,,,,,,,,,,
NA;NA,sp|O75528;sp|O75528|TADA3,,,,,,,,,,,,
NA;NA,sp|Q9GZN1;sp|Q9GZN1|ARP6,,,,,,,,,,,,
NA;NA,sp|O94776;sp|O94776|MTA2,,,,,,,,,,,,
NA;NA,sp|Q9H0E9;sp|Q9H0E9|BRD8,,,,,,,,,,,,
NA;NA,sp|P26368;sp|P26368|U2AF2,,,,,,,,,,,,
NA;NA,sp|Q9Y230;sp|Q9Y230|RUVB2,,,,,,,,,,,,
NA;NA,sp|Q92841;sp|Q92841|DDX17,,,,,,,,,,,,
NA;NA,sp|P39880;sp|P39880|CUX1,,,,,,,,,,,,
NA;NA,sp|P26599;sp|P26599|PTBP1,,,,,,,,,,,,
NA;NA,sp|Q2KHR3;sp|Q2KHR3|QSER1,,,,,,,,,,,,
NA;NA,sp|P40937;sp|P40937|RFC5,,,,,,,,,,,,
NA;NA,sp|O95251;sp|O95251|KAT7,,,,,,,,,,,,
NA;NA,sp|Q14676;sp|Q14676|MDC1,,,,,,,,,,,,
NA;NA,sp|Q02880;sp|Q02880|TOP2B,,,,,,,,,,,,
NA;NA,sp|P27540;sp|P27540|ARNT,,,,,,,,,,,,
NA;NA,sp|O95785;sp|O95785|WIZ,,,,,,,,,,,,
NA;NA,sp|Q53EQ6;sp|Q53EQ6|TIGD5,,,,,,,,,,,,
NA;NA,sp|Q9H8E8;sp|Q9H8E8|CSR2B,,,,,,,,,,,,
NA;NA,sp|Q96DT7;sp|Q96DT7|ZBT10,,,,,,,,,,,,
NA;NA,sp|Q5PSV4;sp|Q5PSV4|BRM1L,,,,,,,,,,,,
NA;NA,sp|P31943|HNRH1;sp|P55795|HNRH2,,,,,,,,,,,,
NA;NA,sp|P40938;sp|P40938|RFC3,,,,,,,,,,,,
NA;NA,sp|Q9Y265;sp|Q9Y265|RUVB1,,,,,,,,,,,,
NA;NA,sp|P27816;sp|P27816|MAP4,,,,,,,,,,,,
NA;NA,sp|Q86UP3;sp|Q86UP3|ZFHX4,,,,,,,,,,,,
NA;NA,sp|Q9HAP2;sp|Q9HAP2|MLXIP,,,,,,,,,,,,
NA;NA,sp|P56270;sp|P56270|MAZ,,,,,,,,,,,,
NA;NA,sp|P17040;sp|P17040|ZSC20,,,,,,,,,,,,
NA;NA,sp|Q5SSJ5;sp|Q5SSJ5|HP1B3,,,,,,,,,,,,
NA;NA,sp|O00159;sp|O00159|MYO1C,,,,,,,,,,,,
NA;NA,sp|P60709|ACTB;sp|P63261|ACTG,,,,,,,,,,,,
NA;NA,sp|Q86Y91;sp|Q86Y91|KI18B,,,,,,,,,,,,
NA;NA,sp|O96019;sp|O96019|ACL6A,,,,,,,,,,,,
NA;NA,sp|O00255;sp|O00255|MEN1,,,,,,,,,,,,
NA;NA,sp|Q96L91;sp|Q96L91|EP400,,,,,,,,,,,,
NA;NA,sp|Q14807;sp|Q14807|KIF22,,,,,,,,,,,,
NA;NA,sp|Q9NS73;sp|Q9NS73|MBIP1,,,,,,,,,,,,
NA;NA,sp|Q09028;sp|Q09028|RBBP4,,,,,,,,,,,,
NA;NA,sp|P29372;sp|P29372|3MG,,,,,,,,,,,,
NA;NA,sp|P78527;sp|P78527|PRKDC,,,,,,,,,,,,
NA;NA,sp|Q00839;sp|Q00839|HNRPU,,,,,,,,,,,,
NA;NA,sp|Q14839;sp|Q14839|CHD4,,,,,,,,,,,,
NA;NA,sp|Q96Q89;sp|Q96Q89|KI20B,,,,,,,,,,,,
NA;NA,sp|Q86YP4;sp|Q86YP4|P66A,,,,,,,,,,,,
NA;NA,sp|Q9Y2K7;sp|Q9Y2K7|KDM2A,,,,,,,,,,,,
NA;NA,sp|Q01167;sp|Q01167|FOXK2,,,,,,,,,,,,
NA;NA,sp|Q14980;sp|Q14980|NUMA1,,,,,,,,,,,,
NA;NA,sp|P43243;sp|P43243|MATR3,,,,,,,,,,,,
NA;NA,sp|P17480;sp|P17480|UBF1,,,,,,,,,,,,
NA;NA,sp|Q9Y4A5;sp|Q9Y4A5|TRRAP,,,,,,,,,,,,
NA;NA,sp|P78549;sp|P78549|NTH,,,,,,,,,,,,
NA;NA,sp|P61978;sp|P61978|HNRPK,,,,,,,,,,,,
NA;NA,sp|Q12800;sp|Q12800|TFCP2,,,,,,,,,,,,
NA;NA,sp|Q8IYH5;sp|Q8IYH5|ZZZ3,,,,,,,,,,,,
NA;NA,sp|Q9NUW8;sp|Q9NUW8|TYDP1,,,,,,,,,,,,
NA;NA,sp|O00716;sp|O00716|E2F3,,,,,,,,,,,,
NA;NA,sp|P43246;sp|P43246|MSH2,,,,,,,,,,,,
NA;NA,sp|Q12830;sp|Q12830|BPTF,,,,,,,,,,,,
NA;NA,sp|Q149N8;sp|Q149N8|SHPRH,,,,,,,,,,,,
NA;NA,sp|P18754;sp|P18754|RCC1,,,,,,,,,,,,
NA;NA,sp|Q5UIP0;sp|Q5UIP0|RIF1,,,,,,,,,,,,
NA;NA,sp|Q9NZI7;sp|Q9NZI7|UBIP1,,,,,,,,,,,,
NA;NA,sp|O14593;sp|O14593|RFXK,,,,,,,,,,,,
NA;NA,sp|Q13330;sp|Q13330|MTA1,,,,,,,,,,,,
NA;NA,sp|Q9Y5J3;sp|Q9Y5J3|HEY1,,,,,,,,,,,,
NA;NA,sp|P30260;sp|P30260|CDC27,,,,,,,,,,,,
NA;NA,sp|Q9P2K3;sp|Q9P2K3|RCOR3,,,,,,,,,,,,
NA;NA,sp|Q6V0L0|CP26C;sp|Q96ST3|SIN3A,,,,,,,,,,,,
NA;NA,sp|Q8N5C6;sp|Q8N5C6|SRBD1,,,,,,,,,,,,
NA;NA,sp|P07305;sp|P07305|H10,,,,,,,,,,,,
NA;NA,sp|Q9UBL3;sp|Q9UBL3|ASH2L,,,,,,,,,,,,
NA;NA,sp|O15156;sp|O15156|ZBT7B,,,,,,,,,,,,
NA;NA,sp|Q8N9N5;sp|Q8N9N5|BANP,,,,,,,,,,,,
NA;NA,sp|P11388;sp|P11388|TOP2A,,,,,,,,,,,,
NA;NA,sp|P31943|HNRH1;sp|P52597|HNRPF,,,,,,,,,,,,
NA;NA,sp|O43390;sp|O43390|HNRPR,,,,,,,,,,,,
NA;NA,sp|Q01831;sp|Q01831|XPC,,,,,,,,,,,,
NA;NA,sp|P22415;sp|P22415|USF1,,,,,,,,,,,,
NA;NA,sp|P46013;sp|P46013|KI67,,,,,,,,,,,,
NA;NA,sp|P12956;sp|P12956|XRCC6,,,,,,,,,,,,
NA;NA,sp|P85037;sp|P85037|FOXK1,,,,,,,,,,,,
NA;NA,sp|Q6DN03|H2B2C;sp|Q6DRA6|H2B2D,,,,,,,,,,,,
NA;NA,sp|Q99728;sp|Q99728|BARD1,,,,,,,,,,,,
NA;NA,sp|P35249;sp|P35249|RFC4,,,,,,,,,,,,
NA;NA,sp|Q6MZP7;sp|Q6MZP7|LIN54,,,,,,,,,,,,
NA;NA,sp|Q9UGN5;sp|Q9UGN5|PARP2,,,,,,,,,,,,
NA;NA,sp|P11142;sp|P11142|HSP7C,,,,,,,,,,,,
NA;NA,sp|P48382;sp|P48382|RFX5,,,,,,,,,,,,
NA;NA,sp|Q15291;sp|Q15291|RBBP5,,,,,,,,,,,,
NA;NA,sp|Q6NS38;sp|Q6NS38|ALKB2,,,,,,,,,,,,
NA;NA,sp|Q15906;sp|Q15906|VPS72,,,,,,,,,,,,
NA;NA,sp|O60341;sp|O60341|KDM1A,,,,,,,,,,,,
NA;NA,sp|Q16576;sp|Q16576|RBBP7,,,,,,,,,,,,
NA;NA,sp|Q8NFW8;sp|Q8NFW8|NEUA,,,,,,,,,,,,
NA;NA,sp|Q16531;sp|Q16531|DDB1,,,,,,,,,,,,
NA;NA,sp|P35250;sp|P35250|RFC2,,,,,,,,,,,,
NA;NA,sp|Q6NT76;sp|Q6NT76|HMBX1,,,,,,,,,,,,
NA;NA,sp|Q9UH92;sp|Q9UH92|MLX,,,,,,,,,,,,
NA;NA,sp|Q6W2J9;sp|Q6W2J9|BCOR,,,,,,,,,,,,
NA;NA,sp|Q9UHJ3;sp|Q9UHJ3|SMBT1,,,,,,,,,,,,
NA;NA,sp|P49916;sp|P49916|DNLI3,,,,,,,,,,,,
NA;NA,sp|P07910;sp|P07910|HNRPC,,,,,,,,,,,,
NA;NA,sp|Q9UI36;sp|Q9UI36|DACH1,,,,,,,,,,,,
NA;NA,sp|P49959;sp|P49959|MRE11,,,,,,,,,,,,
NA;NA,sp|P35251;sp|P35251|RFC1,,,,,,,,,,,,
NA;NA,sp|Q92466;sp|Q92466|DDB2,,,,,,,,,,,,
NA;NA,sp|Q9UIG0;sp|Q9UIG0|BAZ1B,,,,,,,,,,,,
NA;NA,sp|O75475;sp|O75475|PSIP1,,,,,,,,,,,,
NA;NA,sp|Q9UJX3;sp|Q9UJX3|APC7,,,,,,,,,,,,
NA;NA,sp|P51608;sp|P51608|MECP2,,,,,,,,,,,,
NA;NA,sp|P35579;sp|P35579|MYH9,,,,,,,,,,,,
NA;NA,sp|P35659;sp|P35659|DEK,,,,,,,,,,,,
NA;NA,sp|Q9BTC0;sp|Q9BTC0|DIDO1,,,,,,,,,,,,
NA;NA,sp|Q9UJX5;sp|Q9UJX5|APC4,,,,,,,,,,,,
NA;NA,sp|Q6ZRS2;sp|Q6ZRS2|SRCAP,,,,,,,,,,,,
NA;NA,sp|P51610;sp|P51610|HCFC1,,,,,,,,,,,,
NA;NA,sp|P52272;sp|P52272|HNRPM,,,,,,,,,,,,
NA;NA,sp|P35580;sp|P35580|MYH10,,,,,,,,,,,,
NA;NA,sp|Q14186;sp|Q14186|TFDP1,,,,,,,,,,,,
NA;NA;NA,sp|P10412|H14;sp|P16401|H15;sp|P16403|H12,,,,,,,,,,,,
NA;NA;NA,sp|Q13547|HDAC1;sp|Q92769;sp|Q92769|HDAC2,,,,,,,,,,,,
NA;NA;NA,sp|P0DMV8;sp|P0DMV8|HS71A;sp|P0DMV9|HS71B,,,,,,,,,,,,
NA;NA;NA,sp|P38159;sp|P38159|RBMX;sp|Q96E39|RMXL1,,,,,,,,,,,,
NA;NA;NA,sp|P54725;sp|P54725|RD23A;sp|P54727|RD23B,,,,,,,,,,,,
NA;NA;NA,sp|O94805|ACL6B;sp|O96019;sp|O96019|ACL6A,,,,,,,,,,,,
NA;NA;NA,sp|B2RPK0|HGB1A;sp|P09429|HMGB1;sp|P26583|HMGB2,,,,,,,,,,,,
NA;NA;NA,sp|P11387|TOP1;sp|Q969P6;sp|Q969P6|TOP1M,,,,,,,,,,,,
NA;NA;NA,sp|P10412|H14;sp|P16402|H13;sp|P16403|H12,,,,,,,,,,,,
NA;NA;NA,sp|P04350|TBB4A;sp|P07437|TBB5;sp|P68371|TBB4B,,,,,,,,,,,,
NA;NA;NA,sp|P68104|EF1A1;sp|Q05639|EF1A2;sp|Q5VTE0|EF1A3,,,,,,,,,,,,
NA;NA;NA,sp|Q06587;sp|Q06587|RING1;sp|Q99496|RING2,,,,,,,,,,,,
NA;NA;NA,sp|A6NKT7|RGPD3;sp|P49792|RBP2;sp|Q7Z3J3|RGPD4,,,,,,,,,,,,
NA;NA;NA,sp|P0DMV8|HS71A;sp|P0DMV9|HS71B;sp|P34931|HS71L,,,,,,,,,,,,
NA;NA;NA,sp|B7ZW38|HNRC3;sp|O60812|HNRC1;sp|P0DMR1|HNRC4,,,,,,,,,,,,
NA;NA;NA,sp|O60264|SMCA5;sp|P28370;sp|P28370|SMCA1,,,,,,,,,,,,
NA;NA;NA,sp|P08670|VIME;sp|P41219;sp|P41219|PERI,,,,,,,,,,,,
NA;NA;NA,sp|P60709|ACTB;sp|P63261|ACTG;sp|Q6S8J3|POTEE,,,,,,,,,,,,
NA;NA;NA,sp|P81133|SIM1;sp|Q14190;sp|Q14190|SIM2,,,,,,,,,,,,
NA;NA;NA,sp|P35579|MYH9;sp|P35580;sp|P35580|MYH10,,,,,,,,,,,,
NA;NA;NA;NA,sp|P0DMV8;sp|P0DMV8|HS71A;sp|P0DMV9|HS71B;sp|P34931|HS71L,,,,,,,,,,,,
NA;NA;NA;NA,sp|P68363|TBA1B;sp|Q71U36;sp|Q71U36|TBA1A;sp|Q9BQE3|TBA1C,,,,,,,,,,,,
NA;NA;NA;NA,sp|P0DMV8;sp|P0DMV8|HS71A;sp|P0DMV9|HS71B;sp|P17066|HSP76,,,,,,,,,,,,
NA;NA;NA;NA,sp|P68363;sp|P68363|TBA1B;sp|P68366;sp|P68366|TBA4A,,,,,,,,,,,,
NA;NA;NA;NA,sp|P10412|H14;sp|P16401|H15;sp|P16402|H13;sp|P16403|H12,,,,,,,,,,,,
NA;NA;NA;NA,sp|P07437|TBB5;sp|P68371|TBB4B;sp|Q13885|TBB2A;sp|Q9BVA1|TBB2B,,,,,,,,,,,,
NA;NA;NA;NA,sp|Q9BQW3;sp|Q9BQW3|COE4;sp|Q9H4W6;sp|Q9H4W6|COE3,,,,,,,,,,,,
NA;NA;NA;NA,sp|P56178;sp|P56178|DLX5;sp|Q07687;sp|Q07687|DLX2,,,,,,,,,,,,
NA;NA;NA;NA,sp|Q09028;sp|Q09028|RBBP4;sp|Q16576;sp|Q16576|RBBP7,,,,,,,,,,,,
NA;NA;NA;NA,sp|P11142;sp|P11142|HSP7C;sp|P17066|HSP76;sp|P54652|HSP72,,,,,,,,,,,,
NA;NA;NA;NA,sp|Q13330;sp|Q13330|MTA1;sp|Q9BTC8;sp|Q9BTC8|MTA3,,,,,,,,,,,,
NA;NA;NA;NA,sp|P62736|ACTA;sp|P63267|ACTH;sp|P68032|ACTC;sp|P68133|ACTS,,,,,,,,,,,,
NA;NA;NA;NA,sp|P07437|TBB5;sp|Q13509|TBB3;sp|Q13885|TBB2A;sp|Q9BVA1|TBB2B,,,,,,,,,,,,
NA;NA;NA;NA,sp|P0CG47|UBB;sp|P0CG48|UBC;sp|P62979|RS27A;sp|P62987|RL40,,,,,,,,,,,,
NA;NA;NA;NA;NA,sp|O15379;sp|O15379|HDAC3;sp|Q13547|HDAC1;sp|Q92769;sp|Q92769|HDAC2,,,,,,,,,,,,
NA;NA;NA;NA;NA,sp|P10412|H14;sp|P16402|H13;sp|P16403|H12;sp|P22492|H1T;sp|Q02539|H11,,,,,,,,,,,,
NA;NA;NA;NA;NA,sp|P68363;sp|P68363|TBA1B;sp|Q71U36;sp|Q71U36|TBA1A;sp|Q9BQE3|TBA1C,,,,,,,,,,,,
NA;NA;NA;NA;NA,sp|P10412|H14;sp|P16401|H15;sp|P16402|H13;sp|P16403|H12;sp|Q02539|H11,,,,,,,,,,,,
NA;NA;NA;NA;NA,sp|P0DMV8;sp|P0DMV8|HS71A;sp|P0DMV9|HS71B;sp|P17066|HSP76;sp|P48741|HSP77,,,,,,,,,,,,
NA;NA;NA;NA;NA,sp|P04350|TBB4A;sp|P07437|TBB5;sp|P68371|TBB4B;sp|Q13509;sp|Q13509|TBB3,,,,,,,,,,,,
NA;NA;NA;NA;NA,sp|P04350|TBB4A;sp|P07437|TBB5;sp|P68371|TBB4B;sp|Q13885|TBB2A;sp|Q9BVA1|TBB2B,,,,,,,,,,,,
NA;NA;NA;NA;NA,sp|P62736|ACTA;sp|P63267;sp|P63267|ACTH;sp|P68032|ACTC;sp|P68133|ACTS,,,,,,,,,,,,
NA;xH4,sp|P62805|H4;xH4,,,,,,,,,,,,
sp|A6NKT7|RGPD3;sp|P49792|RBP2;sp|Q7Z3J3|RGPD4,,0.0124029204977141,0.0468757436457724,1.07605010188294,0.00225703510174513,0.010828725436588,1.40888427261339,0.404851986828764,0.505082333082488,0.318199336078263,0.684722629255876,0.78210540319449,0.153419420257385
sp|B2RPK0|HGB1A;sp|P09429|HMGB1;sp|P26583|HMGB2,,0.00936397697313115,0.0388151948724952,-1.4343138646142,0.665625149612172,0.788321029725015,0.207229373241352,0.973775222747226,0.985276504905658,-0.015703695507379,0.810991839495258,0.872070722804524,-0.114371001511853
sp|B7ZW38|HNRC3;sp|O60812|HNRC1;sp|P0DMR1|HNRC4,,0.00174729106194668,0.010691757212388,-1.03002324972631,0.000910992251646542,0.00532102292439003,-1.12238389889968,0.0120276666121155,0.0239620954985556,0.76354252454761,0.000111991823944186,0.000719547468841394,-1.4359296575572
sp|O00159;sp|O00159|MYO1C,,0.519698315678208,0.674557914794441,-0.467040251125257,0.182133454948927,0.305936587724669,-1.11616163355274,0.827903030255724,0.879219333783972,0.15641090313838,0.415159552090967,0.55861782663549,-0.594443158969409
sp|O00255;sp|O00255|MEN1,,0.00209924920051341,0.0121185990793051,1.29842488279108,0.00126447951093976,0.00677023404815662,1.39066244897646,2.75047295449973e-05,0.000152349333728017,2.15223430677969,0.00186756422865012,0.00799940011271802,1.31959096928767
sp|O00716;sp|O00716|E2F3,,0.000590935116652244,0.00433915214227505,1.06300240584648,0.00284178707149536,0.0119831378524975,0.863150451550199,1.51072336528919e-06,1.69310100333401e-05,1.97603186892841,0.000380139228695108,0.00212382134292702,1.12113148417203
sp|O14593;sp|O14593|RFXK,,2.14718283907295e-05,0.000290434731390393,1.83031949654124,0.000324502343539097,0.00225397573755535,1.36522772955823,4.32194052882022e-07,6.31033263845297e-06,2.64628419535504,1.56828851317038e-05,0.000122136408449935,1.88875196634219
sp|O15156;sp|O15156|ZBT7B,,0.00519032638260497,0.0247021088949903,1.66274155925112,0.00304039016039917,0.0126029076003643,1.80241493743855,2.76343006021241e-05,0.000152349333728017,3.14781210981875,0.0803853274900579,0.153029845666258,0.937009019676281
sp|O15379;sp|O15379|HDAC3;sp|Q13547|HDAC1;sp|Q92769;sp|Q92769|HDAC2,,0.00181036665367066,0.0108200983719386,0.827644184506351,0.811250655953362,0.882938147344717,-0.0512998353899563,4.41968822926667e-07,6.31033263845297e-06,1.98867563852741,0.258497830368706,0.388502587162324,0.248926132978127
sp|O43390;sp|O43390|HNRPR,,0.0785215444743638,0.194038816633764,-0.602072035364369,0.0272753831989351,0.0708057927487508,-0.785007610274313,0.00321177087479058,0.00801383606622505,1.14086757138957,0.0410849572063048,0.0968700367157829,-0.715402078744993
sp|O60264|SMCA5;sp|P28370;sp|P28370|SMCA1,,0.101151367953095,0.224102599689185,0.776132521514814,0.856021876992576,0.910015097500719,0.0812752577634255,0.000208823999953206,0.000789231882176089,2.25668851791928,0.928809630237319,0.948678583626775,-0.0400000796775369
sp|O60341;sp|O60341|KDM1A,,0.114975297757424,0.243663194940515,0.389894486623661,0.632891400478599,0.767231556240566,-0.112720975251911,5.55056754013791e-06,4.75498619271814e-05,1.72289659381505,0.0494435373855293,0.109543009552423,0.500492809436064
sp|O75475;sp|O75475|PSIP1,,0.0454469498376979,0.127497600321425,0.402841304191539,0.977004167128966,0.980820589656814,0.00533587428893695,0.011807762936397,0.0237077740207345,0.533644398994032,0.612623236194495,0.725703935478553,0.0942216569557358
sp|O75528;sp|O75528|TADA3,,0.766965210090142,0.864608660554781,0.13989882217937,0.142303387820405,0.248788916121388,-0.723066160014241,0.546522383173792,0.641352751030432,0.286271584552537,0.000729647582303809,0.00360614285869382,-2.04694848140579
sp|O94776;sp|O94776|MTA2,,0.505494436167696,0.659553929271197,-0.489795540122389,0.00734211095640406,0.027346703127476,-2.28015224997962,0.0991245696879493,0.146408128791971,1.2722200404946,0.236643913776888,0.36417656192012,-0.887947216076294
sp|O94805|ACL6B;sp|O96019;sp|O96019|ACL6A,,0.0110911497440114,0.0432742867370398,-2.24227256054413,0.000383670734048749,0.00252829176026996,-3.61321005472907,0.0230831153487086,0.0420734797490646,-1.9496598904416,0.000319347847996051,0.00186528174852239,-3.69220853029513
sp|O95251;sp|O95251|KAT7,,0.00541450157233299,0.025300489165265,-0.679633201020299,0.0699086052136079,0.14606919951136,-0.401620813306088,0.639935225123831,0.727713950693914,-0.0971984219797365,0.000364181523104958,0.00207988114306609,-0.977719848305216
sp|O95785;sp|O95785|WIZ,,0.09049351464422,0.209521020392473,0.355886578287768,0.324700693273368,0.466190380845004,0.198962043685589,1.66309215624577e-05,0.000111173110403612,1.30496826697838,0.854388682193896,0.897183885399136,0.0363664518313757
sp|O96019;sp|O96019|ACL6A,,0.00642161863221776,0.0287745050726685,-2.14660544465284,1.67135255010887e-05,0.000214768802688989,-4.42207344250513,0.0487071962945368,0.0797239972964475,-1.43598151084159,5.93051015557073e-06,6.09656443992671e-05,-4.89334377066442
sp|P04350|TBB4A;sp|P07437|TBB5;sp|P68371|TBB4B,,0.0395449138873509,0.116816584701715,0.730627316228076,0.533700359749005,0.675669913573864,0.203646961351931,7.72878095227509e-05,0.000342464949092189,1.82589785204659,0.703465179247289,0.796434145667635,-0.123933252530849
sp|P04350|TBB4A;sp|P07437|TBB5;sp|P68371|TBB4B;sp|Q13509;sp|Q13509|TBB3,,0.0940667348395071,0.213939388086313,0.479178207577738,0.856901375856708,0.910015097500719,0.0487049199142078,0.000212389599226435,0.000791074304365126,1.35813827496599,0.847507680393281,0.897183885399136,-0.0519453529973422
sp|P04350|TBB4A;sp|P07437|TBB5;sp|P68371|TBB4B;sp|Q13885|TBB2A;sp|Q9BVA1|TBB2B,,0.547541975557717,0.695213795535814,0.207407618960469,0.918114880963886,0.944889386969749,-0.0351983919492681,0.0050483426580759,0.0113809128344343,1.13705139474131,0.961166158030555,0.968704716132756,-0.0166671854698893
sp|P07305;sp|P07305|H10,,0.205713803048643,0.381396560495905,-0.273155982364651,0.107762660739084,0.206679132910035,-0.354453895800671,0.112899241467263,0.164858551460719,-0.348832921168401,0.680576661293742,0.78210540319449,0.0862640636166497
sp|P07437|TBB5;sp|P68371|TBB4B;sp|Q13885|TBB2A;sp|Q9BVA1|TBB2B,,0.238461037383466,0.414084368969938,0.337252746386046,0.988971466862933,0.988971466862933,0.00384245694207636,0.000988830967674818,0.0029210294102578,1.16183406922311,0.170835965102486,0.279648681728273,-0.395811263762161
sp|P07437|TBB5;sp|Q13509|TBB3;sp|Q13885|TBB2A;sp|Q9BVA1|TBB2B,,0.350762266072074,0.530268808031899,0.32263584813489,0.650185870578701,0.777198924366168,-0.154667149205982,0.000676509561432438,0.00212027996692849,1.48920476619473,0.133045087199739,0.229480452418342,-0.534686992984342
sp|P07910;sp|P07910|HNRPC,,0.000374996953356495,0.00292043081856422,-0.999196089270576,0.00118522808468308,0.0066218177774685,-0.865993753120849,0.00116187248246414,0.00339319577265095,0.868251398974493,0.000414035720632436,0.0022168162542195,-0.987497129107827
sp|P08670|VIME;sp|P41219;sp|P41219|PERI,,0.474005155355278,0.631188212053401,-0.46901899650033,0.0322011923890426,0.0803466645046986,-1.52964470100768,0.711967528537087,0.792102401878923,0.239997202929346,0.0696004996318537,0.138661460506871,-1.26013366958383
sp|P0CG47|UBB;sp|P0CG48|UBC;sp|P62979|RS27A;sp|P62987|RL40,,0.651700371388871,0.786323922286102,-0.0688926546556558,0.04633566786547,0.105382890632087,-0.329166509011048,0.12399427835275,0.17811514280211,0.24558703785151,0.181890735585026,0.293999490851269,-0.210528894371885
sp|P0DMV8;sp|P0DMV8|HS71A;sp|P0DMV9|HS71B,,0.756274878670351,0.86383397252569,-0.0570353888844347,0.00562839237963532,0.0222537975625581,-0.598903596304058,9.50612679417352e-05,0.000414080438322473,1.00884424435223,0.029015482896149,0.0738314762802998,-0.442869718211222
sp|P0DMV8;sp|P0DMV8|HS71A;sp|P0DMV9|HS71B;sp|P17066|HSP76,,0.0462712679848239,0.127497600321425,-0.970850905605078,0.204506081395656,0.33264596783977,-0.587845854695261,0.0554219128094438,0.0879224172347348,0.927111111969417,0.612361722480327,0.725703935478553,-0.228257695762397
sp|P0DMV8;sp|P0DMV8|HS71A;sp|P0DMV9|HS71B;sp|P17066|HSP76;sp|P48741|HSP77,,0.683760158289576,0.800428173849023,-0.296062467032229,0.238003743813088,0.364263924545511,-0.879706508462486,0.658592168241472,0.742360470342361,0.321346089531571,0.0617206451969871,0.126897646525006,-1.45608237150215
sp|P0DMV8;sp|P0DMV8|HS71A;sp|P0DMV9|HS71B;sp|P34931|HS71L,,0.205845189289953,0.381396560495905,0.40240612743201,0.72391420516545,0.834286774562873,0.108974276342537,0.000151123668919761,0.000606855983005915,1.60873374179248,0.783284609444876,0.856613381392907,-0.0847663100929389
sp|P0DMV8|HS71A;sp|P0DMV9|HS71B;sp|P34931|HS71L,,0.375831236687941,0.536603487937783,-0.153892826950339,0.261923193570515,0.389290957178816,-0.196877240806575,1.68706276487972e-05,0.000111173110403612,1.12519665706778,0.246125001734304,0.372083090857154,-0.203906040545692
sp|P10412|H14;sp|P16401|H15;sp|P16402|H13;sp|P16403|H12,,0.849066331714448,0.928334334442426,-0.0459594839530156,0.675141364940248,0.795923535732311,-0.101502505976208,0.490549723807895,0.583663328789949,-0.168007592204005,0.340099598991335,0.469922564197705,-0.234571419856869
sp|P10412|H14;sp|P16401|H15;sp|P16402|H13;sp|P16403|H12;sp|Q02539|H11,,0.884482330600722,0.935440160347265,0.0388867720414138,0.249023064854154,0.378691879689452,-0.316984473139552,0.158482153887606,0.22256783360172,-0.393182584745832,0.63973660320498,0.750741127962008,-0.125788505838435
sp|P10412|H14;sp|P16401|H15;sp|P16403|H12,,0.126396551246254,0.261967045728122,0.379020149718823,0.385355941156657,0.526789770623728,-0.208249640226342,0.820883020231792,0.879219333783972,0.053535173091245,0.930221801844153,0.948678583626775,-0.0206866892186426
sp|P10412|H14;sp|P16402|H13;sp|P16403|H12,,0.00649385717593297,0.0287745050726685,0.894543520404454,0.013796604019936,0.043482002798532,0.78543523225254,0.00425762015421282,0.0100386089874559,0.955790285982861,0.000442841278399398,0.00232265731731929,1.29428552466259
sp|P10412|H14;sp|P16402|H13;sp|P16403|H12;sp|P22492|H1T;sp|Q02539|H11,,0.258316166106944,0.433903625421469,-0.213108273803812,0.478253801625226,0.614556135088415,-0.131556562871608,0.0322409640525818,0.0552395184100902,-0.433175264333087,0.427912857370583,0.569811421472746,-0.147458404604053
sp|P11142;sp|P11142|HSP7C,,0.367276966810864,0.530268808031899,0.255145947175817,0.110633912061976,0.209853409169021,-0.46816712607439,0.000985504644842577,0.0029210294102578,1.16365338921354,0.00663604538649185,0.0233625159497042,-0.88510349381936
sp|P11142;sp|P11142|HSP7C;sp|P17066|HSP76;sp|P54652|HSP72,,0.387905174341239,0.547756207723618,0.310784742717679,0.116678086949556,0.217291799608955,-0.585358375102657,0.00268534704310605,0.0068702588024421,1.2938526287636,0.165844751846896,0.273218597593924,-0.511139818018188
sp|P11387|TOP1;sp|Q969P6;sp|Q969P6|TOP1M,,0.542762965458042,0.693980508073218,0.131646275412953,0.236762054526788,0.364263924545511,0.261424575295156,0.802976289107341,0.870738001268298,-0.0536243729308562,0.262494038244723,0.392214929237754,-0.246848040420087
sp|P11388;sp|P11388|TOP2A,,0.62306187319945,0.766157423025162,0.124495326116847,0.312464938706466,0.45114319802001,-0.259988082614411,0.425163111331328,0.519363496825087,0.203645818058036,0.00177482742894898,0.00773102795321844,-0.974838460421077
sp|P12956;sp|P12956|XRCC6,,0.863314809072918,0.928334334442426,-0.0364526259924172,0.00284424672763559,0.0119831378524975,-0.766071466891198,0.41473029063061,0.514906689333655,-0.174970899904244,0.0597147025636132,0.124769744380883,-0.429208274918946
sp|P17040;sp|P17040|ZSC20,,5.71632898547005e-07,1.83637068658225e-05,2.27741302445634,4.2128205260608e-07,1.20299430577514e-05,2.34074503940928,5.85399755722260e-09,3.76119343051552e-07,3.38943375324682,4.9877018246394e-07,9.86030283794097e-06,2.30554313300554
sp|P17480;sp|P17480|UBF1,,0.269584920469032,0.446989190713169,-0.237821755602622,0.792542432161855,0.876180622679935,0.0553257116919856,0.0526466621543549,0.0840384607060199,-0.440459470833447,9.41156275045678e-09,4.03128604477899e-07,-2.72004220922949
sp|P18754;sp|P18754|RCC1,,8.15287238143571e-05,0.000838115280811591,1.98970828868608,9.27068845771023e-05,0.000784205206193504,1.96235890204767,0.000767435140691704,0.00234798608521152,1.53567524018777,0.586219750336638,0.725703935478553,0.194837505190138
sp|P22415;sp|P22415|USF1,,0.0214533559159752,0.0735134996054084,0.473720377446037,0.814023261916603,0.882938147344717,0.0433591222509276,6.70166634444802e-05,0.000307558616164847,1.0514367938318,0.00500201737490544,0.01836454950501,0.612467298417892
sp|P26368;sp|P26368|U2AF2,,0.505572467184536,0.659553929271197,0.17505334656571,0.0336685711347341,0.0818055128296973,-0.608724047985044,0.915154215934294,0.933312037679022,0.0277661837319346,0.00461879206787458,0.0172033269774459,-0.877538859297409
sp|P26599;sp|P26599|PTBP1,,0.000152508440964916,0.00139980961885655,-1.16953375941475,0.0127018757585727,0.0413212920247237,-0.637120699745307,0.0180774675764221,0.0336660084575397,0.596155840700501,0.000228689676235146,0.00136681969284727,-1.11728404336593
sp|P27540;sp|P27540|ARNT,,0.00342960907885447,0.0179879496584816,1.17663022997641,0.290410700716909,0.421669774487263,0.36138648106289,0.000109977758585835,0.00046334891732065,1.80853792022896,0.0419812849399372,0.0975011666628618,0.741132323197994
sp|P27816;sp|P27816|MAP4,,0.000289437989314392,0.00247951877512662,1.15603660405849,0.210543612534071,0.338185677632851,0.30792959525582,0.000118164469102183,0.000489810783213886,1.2789559710726,0.108846293464241,0.198393598725602,0.402753303858097
sp|P29372;sp|P29372|3MG,,0.0410952453513457,0.118668292756133,-0.484314137298712,0.289601790931175,0.421669774487263,-0.235362865905261,0.189182385248642,0.258616345792026,-0.29551085343508,0.622900198511812,0.734336472557503,-0.107320328685657
sp|P30260;sp|P30260|CDC27,,3.61019468042267e-05,0.000429699726039317,-3.51586297978837,5.38473845462362e-05,0.00057661574284928,-3.37266877076172,3.52357453093892e-05,0.000179632378994421,-3.52466476712152,7.13294487833008e-07,1.24860287593473e-05,-5.1228407008678
sp|P31943|HNRH1;sp|P52597|HNRPF,,0.333145666513251,0.515773712613889,-0.21826577706869,0.927600101606269,0.949773809214387,-0.0201039242669035,3.86919105533722e-05,0.000191227327158013,1.33815295634509,0.0896131272718372,0.169342453741634,-0.398790526692473
sp|P31943|HNRH1;sp|P55795|HNRH2,,0.359424081444664,0.530268808031899,0.256500327151108,0.23811805184298,0.364263924545511,-0.333987671770988,0.000293266743922445,0.00101850747551444,1.33364590832905,0.426503797013866,0.569811421472746,-0.221603856429168
sp|P35249;sp|P35249|RFC4,,0.766130441601012,0.864608660554781,0.0615541199655514,0.164536362777571,0.280038710157852,-0.298878576831359,0.0187846358239962,0.0344832243340501,0.545808514013922,0.00423488243910806,0.0160053645125114,0.705012362449813
sp|P35250;sp|P35250|RFC2,,0.0858829343685807,0.206279571333881,-0.327125309047195,0.000287639008234584,0.00211209214617966,-0.870166941885431,0.0268459865287013,0.0472562913553166,0.439749725997584,0.591873774183954,0.725703935478553,0.0965753447603124
sp|P35251;sp|P35251|RFC1,,0.573620704974602,0.712176430813878,0.321590142599825,0.935061875579532,0.953614690571189,0.0462678499042937,0.0308503422449269,0.0532116641405785,1.35271077258028,0.0934662297905149,0.175334460263959,1.01001291808476
sp|P35579;sp|P35579|MYH9,,0.632559852541536,0.768081168814549,-0.500754696497339,0.0495026554006556,0.109673986534211,-2.50009670444095,0.651265456561616,0.737335781217336,-0.473138882466993,0.0459574553546115,0.102704921966393,-2.27877240056096
sp|P35579|MYH9;sp|P35580;sp|P35580|MYH10,,0.243282316665107,0.416823702552883,-1.03486215853776,0.120152758853462,0.220566135895283,-1.40922980448355,0.827147442378942,0.879219333783972,-0.188473431922951,0.0101648173996027,0.0314741936349143,-2.55257784285399
sp|P35580;sp|P35580|MYH10,,0.36933119314284,0.530268808031899,-1.21438834819424,0.00892639783155093,0.0314258115439533,-4.02774722669732,0.995087961260464,0.998960148855121,-0.00819079545079893,0.151262799150968,0.254081956743784,-1.99279037280032
sp|P35659;sp|P35659|DEK,,0.00743221495577861,0.0323742244683916,-0.562217730676106,0.00155872655205976,0.00817536171182362,-0.708927613634228,0.515284167103279,0.610267423712178,0.118194526041057,0.84989051638764,0.897183885399136,-0.0341080396881956
sp|P36406;sp|P36406|TRI23,,0.987278353527934,0.987278353527934,-0.00707088617924102,0.794358307721497,0.876180622679935,0.115750157049319,0.0490839106898021,0.0797239972964475,0.946672179470975,0.0760445873137733,0.149186709462899,0.84029658015461
sp|P38159;sp|P38159|RBMX;sp|Q96E39|RMXL1,,0.00242634835631511,0.0132674793100635,-1.91264231289348,0.0592850064547822,0.126153360939648,-1.04957346183424,0.227122120333437,0.308838015479858,0.642910918448832,0.0641414533876531,0.129798059217534,-1.02728858262095
sp|P39880;sp|P39880|CUX1,,0.878225260984627,0.932660711045658,-0.0359012603252977,0.440587655770505,0.57770932414806,-0.18283934433651,0.000253304623126971,0.00091689138230467,1.15487619121259,0.139968892245017,0.236657929651115,-0.361672942783035
sp|P40937;sp|P40937|RFC5,,0.336654848872896,0.518085605750505,-0.212898710711868,0.0120965462341569,0.0398565690022862,-0.624039098569643,0.00191004452954915,0.00503991762132912,0.832476448884711,0.591646054155871,0.725703935478553,0.117319999013275
sp|P40938;sp|P40938|RFC3,,0.394417401261222,0.553908590842263,-0.311967325722747,0.150115473500651,0.2606734911464,-0.542195740797398,0.0138800796137903,0.0267334361512075,1.01019754277281,0.293834548949273,0.421874184804263,0.38755604202476
sp|P43243;sp|P43243|MATR3,,0.379497156841127,0.538844029326903,-0.256151522153657,0.216923674620906,0.346269468183682,-0.36557185206781,0.000485691602681048,0.00160029156267986,1.31007122469219,0.0421113988310415,0.0975011666628618,-0.636024401630857
sp|P43246;sp|P43246|MSH2,,0.274548417716898,0.449420021358234,-0.44749244233019,0.000627890534274889,0.00403419668271616,-1.76838865075987,0.00180435744800175,0.00483041525142136,1.54200248064103,0.31649365493464,0.444474695727882,-0.408618564534754
sp|P46013;sp|P46013|KI67,,0.0322121613686308,0.102204018169607,-0.425945680679371,3.67311437228503e-06,6.70761102737798e-05,-1.3771367162034,0.0724574343201636,0.11207990978063,-0.346901523868812,1.41926797793327e-06,2.02639927960472e-05,-1.50486391337457
sp|P48382;sp|P48382|RFX5,,3.9371797516557e-06,7.22753711553939e-05,2.01654034701858,3.75767863984577e-05,0.000459868290685888,1.61435013965977,2.28811232842736e-08,8.40064097722616e-07,3.19451779269779,5.03961132905822e-06,5.39658379819984e-05,1.96974980703286
sp|P49916;sp|P49916|DNLI3,,0.0114381580688411,0.0438747257267485,-0.582992886317617,0.0319143900601415,0.0803466645046986,-0.475465498557151,0.00774331067376111,0.0167229482618202,0.623500990377011,0.0527509752057931,0.115871800238366,-0.421421979906208
sp|P49959;sp|P49959|MRE11,,0.129658000036277,0.263547603613844,-0.878630604655363,0.0332757895629913,0.0818055128296973,-1.29473218841887,0.852922444526059,0.898365033783595,0.102542582335703,0.0992254444092959,0.184789414588326,-0.96440648101788
sp|P51608;sp|P51608|MECP2,,0.659130664725004,0.787891073648028,-0.146869788473909,0.0199449369467969,0.0546658055157823,-0.865884044927134,0.0429375326931572,0.0716554928710481,-0.731801288177151,0.00189981327039084,0.00800413131951551,-1.27076784802045
sp|P51610;sp|P51610|HCFC1,,0.11195599327174,0.241787313200312,0.936900023322665,0.0202992851989007,0.0549149083801839,1.45499341155116,0.00133650102023922,0.00373348654566826,2.24709422743958,0.467927662832302,0.616704663322573,0.410330479548526
sp|P52272;sp|P52272|HNRPM,,0.633592248204998,0.768081168814549,-0.113393953590852,0.187778678796057,0.313370912016797,-0.323300452104279,0.000272516269944127,0.000959406594186856,1.15777397761869,0.0345891008518022,0.0846609420848873,-0.549782686052522
sp|P54725;sp|P54725|RD23A;sp|P54727|RD23B,,0.922985409854729,0.964257115173436,-0.0361161205199592,0.12673748104456,0.227772955443719,-0.598761935508837,0.886071936416955,0.92194529416663,0.0535384935652146,0.0282999374235045,0.0738314762802998,-0.906868724108509
sp|P54727;sp|P54727|RD23B,,0.0111132409519246,0.0432742867370398,-0.509796534228766,0.00121599908148922,0.00664918646686661,-0.711765566624845,0.131421811696554,0.187641142255635,-0.276689740710698,0.00285198449056926,0.0113753822768389,-0.633048118507053
sp|P56178;sp|P56178|DLX5;sp|Q07687;sp|Q07687|DLX2,,0.325296918005582,0.50976407272826,-0.243666833176613,0.16012644276614,0.276191246918779,-0.35534987238974,0.0249039187465627,0.0450725853370888,0.605863165903887,0.757786871303727,0.839444939332146,-0.0750311333115885
sp|P56270;sp|P56270|MAZ,,0.0375079780400891,0.113406474780034,1.09595424888571,0.0449777131129754,0.10320778812531,1.04926080863328,0.000725811214851686,0.00224739135201064,2.09039682893873,0.03948939818371,0.0939701419741989,1.08276216079447
sp|P60709|ACTB;sp|P63261|ACTG,,0.227300375905305,0.402870321432161,-1.0348636580909,0.0173536881135285,0.0501112117435599,-2.23172263863569,0.998960148855121,0.998960148855121,0.00108388487677225,0.0439256027115515,0.099858279574118,-1.82511494454611
sp|P60709|ACTB;sp|P63261|ACTG;sp|Q6S8J3|POTEE,,0.261974216945189,0.43719073866827,-1.34503121185484,0.0110236444166916,0.0372773238827599,-3.40946755788914,0.773682235531386,0.846112061836452,-0.33652299566382,0.300276751047352,0.426359806735743,-1.23725370008257
sp|P61978;sp|P61978|HNRPK,,0.030255057010243,0.0971943706454057,-0.610485395771259,0.896394041401124,0.930617332411336,-0.0332354979673538,0.00269998497683522,0.0068702588024421,0.930592275421721,0.00681563202820648,0.0236705058276901,-0.807941335103004
sp|P62736|ACTA;sp|P63267;sp|P63267|ACTH;sp|P68032|ACTC;sp|P68133|ACTS,,0.240670988430352,0.415117074004029,-0.901419307022582,0.00283519289633165,0.0119831378524975,-2.70441929056115,0.754829929425993,0.829022614796924,-0.233644857734445,0.0235884735515092,0.0631483094035194,-1.88426877776348
sp|P62736|ACTA;sp|P63267|ACTH;sp|P68032|ACTC;sp|P68133|ACTS,,0.177939064644967,0.345136983644452,-1.18026725628262,0.0378031841790577,0.0886464613379207,-1.91934314782639,0.738364177663793,0.817929283015495,-0.282481513127819,0.078809755069301,0.151704527171504,-1.58202698473534
sp|P68104|EF1A1;sp|Q05639|EF1A2;sp|Q5VTE0|EF1A3,,0.00610506163401484,0.0280178721418181,1.06722564215112,0.0937146407781822,0.183852386870174,0.588440160321969,0.00494806547632351,0.0112941554863799,1.10321674496864,0.17534525748241,0.285213488436578,-0.466104973083852
sp|P68363;sp|P68363|TBA1B;sp|P68366;sp|P68366|TBA4A,,0.185258874852011,0.352678006199754,0.232895918617596,0.789399155609365,0.876180622679935,-0.0453444299108215,1.6934144841803e-06,1.77086102200714e-05,1.39039472285832,0.337859571209736,0.46935086378866,-0.165578432634959
sp|P68363;sp|P68363|TBA1B;sp|Q71U36;sp|Q71U36|TBA1A;sp|Q9BQE3|TBA1C,,0.00411620931498711,0.0203435729606094,0.640757516992907,0.82317237955763,0.888887821623155,-0.0418167764374455,1.51522657885923e-06,1.69310100333401e-05,1.54903940696473,0.995155093497135,0.995155093497135,0.0011351195965511
sp|P68363|TBA1B;sp|Q71U36;sp|Q71U36|TBA1A;sp|Q9BQE3|TBA1C,,0.0636371482738643,0.165199465721042,0.386287762836161,0.40536107788592,0.542592692795215,-0.163558950993251,1.39222188365427e-05,9.93891733608745e-05,1.29977099290711,0.119181165154717,0.209791503046317,-0.317618093099176
sp|P78527;sp|P78527|PRKDC,,0.774721505851908,0.869447279493189,0.106868341037319,0.0175500406219104,0.0501151159981218,-0.998123910818086,0.00124878471526942,0.00360604125645215,-1.51140504236767,0.00823663824584379,0.0267951396098969,-1.14398300064013
sp|P78549;sp|P78549|NTH,,0.070197596812327,0.178621607730377,-0.325569438478473,1.02649889186013e-05,0.000138847481688449,-1.16029040220057,0.00496591272358338,0.0112941554863799,-0.559101245716014,0.00980320528174525,0.0307246799683967,-0.500105475881248
sp|P81133|SIM1;sp|Q14190;sp|Q14190|SIM2,,9.85451530683528e-05,0.000974080936098718,1.12958838139342,0.000105135894098591,0.00081878559949509,1.12166845791506,1.30187770331013e-07,2.72165156312662e-06,2.12937988198724,1.99475473475884e-05,0.000150779990245007,1.33406664678549
sp|P85037;sp|P85037|FOXK1,,0.00784449603904459,0.0330497620005649,1.3287505206576,0.0199944969590799,0.0546658055157823,1.12076499629186,1.6092971409857e-05,0.000111173110403612,2.8393937823902,0.0137825181655642,0.0407138755005746,1.2037069776143
sp|Q00839;sp|Q00839|HNRPU,,0.0250448773500415,0.0835913438826061,-0.756236466813256,0.140938866071644,0.248091017674059,-0.467374426337435,0.0128638568981738,0.025430855560236,0.861377194995561,0.0442951123402702,0.099858279574118,-0.664572755189854
sp|Q01167;sp|Q01167|FOXK2,,0.000366955499595942,0.00292043081856422,1.00325580156258,0.00536651402036002,0.0215499078630082,0.698988395035557,2.44696949697217e-06,2.24596843114946e-05,1.68380359384476,0.00143778137221375,0.006482628292262,0.845411333845424
sp|Q01831;sp|Q01831|XPC,,0.945033483037033,0.97450618190317,-0.0165987224599317,0.073735131120113,0.151599429582952,-0.460286408479153,0.465053340790322,0.558498638238845,0.177806818455208,0.0078447746608287,0.0258475267670894,-0.744823869193409
sp|Q02880;sp|Q02880|TOP2B,,0.941879738523958,0.97450618190317,0.0121421073580965,0.257906683880994,0.387614138932254,0.193447368952489,0.451445207648944,0.544701494675016,-0.126864578680675,0.414891261665356,0.55861782663549,-0.137639784852182
sp|Q06587;sp|Q06587|RING1;sp|Q99496|RING2,,0.328614616103477,0.51184215962784,-0.298049083696298,0.778151946696746,0.876180622679935,-0.0844155367112003,0.0859256668911331,0.129899390535419,0.546379030325281,0.773282770233286,0.849289196367327,-0.0863262464364626
sp|Q09028;sp|Q09028|RBBP4,,0.280592231295184,0.456406350904192,0.209322088619221,0.229431234458422,0.359535532047649,-0.234517922315535,1.72262745331434e-06,1.77086102200714e-05,1.55087111935458,0.243646587871862,0.370515817059577,-0.227108208979258
sp|Q09028;sp|Q09028|RBBP4;sp|Q16576;sp|Q16576|RBBP7,,0.985796925616335,0.987278353527934,0.0200780847876295,0.898027620381367,0.930617332411336,0.144587376647447,0.0379351671737398,0.0637211631611186,2.56347565586638,0.675033741397952,0.781457979906638,-0.474562343232363
sp|Q12800;sp|Q12800|TFCP2,,0.00124039872666874,0.00777518226228941,1.73863786242081,0.00190892443005243,0.00961948193183283,1.6406609871532,6.65485784205031e-06,5.34468270439665e-05,3.08834457071125,0.00311049177546124,0.012112066458993,1.53099181462562
sp|Q12830;sp|Q12830|BPTF,,0.751601216119576,0.862328180994335,-0.205688353344067,0.42954930164597,0.569042116098012,-0.518906106342394,0.00142658534974638,0.00394228424607334,2.58333254925805,0.79128235733705,0.861615990863089,-0.171867123087413
sp|Q13330;sp|Q13330|MTA1,,0.692603805955048,0.805426145386639,0.0711614437271979,0.0779383825465545,0.156485658706754,-0.33754050437138,8.56140947330372e-07,1.10014111731953e-05,1.56667458943545,0.137666121332538,0.234305915115645,-0.278865439183337
sp|Q13330;sp|Q13330|MTA1;sp|Q9BTC8;sp|Q9BTC8|MTA3,,0.0467759021441502,0.127497600321425,0.479317731610859,0.0716389545512373,0.148477510642484,-0.427702771697286,1.37671090741813e-07,2.72165156312662e-06,2.2801290685413,0.59740494038989,0.725703935478553,0.117830222261053
sp|Q13547|HDAC1;sp|Q92769;sp|Q92769|HDAC2,,0.0854370171488669,0.206279571333881,0.71302614785718,0.97559333310458,0.980820589656814,-0.0119227973688512,1.87551802206004e-05,0.000120502032917357,2.53750192204447,0.507170439633284,0.654525443140273,0.26081831588904
sp|Q14186;sp|Q14186|TFDP1,,0.848774442590938,0.928334334442426,0.0432651431000054,0.255687014689192,0.386538604559543,0.264683736629718,0.00459011884190111,0.010627572453771,0.764332399555977,0.00739983618517588,0.0250231302577658,0.708334800332912
sp|Q14527;sp|Q14527|HLTF,,0.947963211968064,0.97450618190317,0.019754850329754,0.0415637269552335,0.096233133581036,-0.673155602987983,0.840136723003906,0.888539661777794,-0.0611034058100978,0.299908889982111,0.426359806735743,-0.320785019175758
sp|Q14676;sp|Q14676|MDC1,,0.224800254922763,0.401206010521876,-0.358047257942795,2.19132073205208e-08,1.1349572227657e-06,-3.44781986479323,0.0501046151200054,0.0804805380365087,-0.607587331830963,7.28756542374355e-07,1.24860287593473e-05,-2.53489441360479
sp|Q14807;sp|Q14807|KIF22,,0.288727569708312,0.465074951745226,-0.636887194901598,0.055551598739192,0.120989498948918,-1.21275008144877,0.812696928099122,0.877576094628044,0.139136410394474,0.0685279459448857,0.137591266467466,-1.1452623431342
sp|Q14839;sp|Q14839|CHD4,,0.549137745111946,0.695213795535814,0.223896486751463,0.0567132964219894,0.122481656978582,-0.762941157389011,0.0184476272098026,0.0341082028267573,0.983775592546708,0.0229251948144469,0.0620186849190826,-0.941748481658685
sp|Q14980;sp|Q14980|NUMA1,,0.00437088105541821,0.0211946496460845,-1.13612700516686,0.00752809004526983,0.0275603272172615,-1.04205571091096,0.00732755474190333,0.0159591658361793,1.04671922220346,2.23028563883284e-07,5.2107582652731e-06,-3.29506226389424
sp|Q149N8;sp|Q149N8|SHPRH,,0.047278279013242,0.127497600321425,-0.751503408631209,0.00101703306133556,0.00580838881696087,-1.45225749805375,0.0302702761862411,0.0529215032643806,0.834325111267322,1.72665121611287e-06,2.31892381545052e-05,-2.85506654909775
sp|Q15291;sp|Q15291|RBBP5,,0.0106242448384788,0.0432742867370398,0.921402279085536,0.118282511028496,0.218695002405204,0.515513308764752,3.20247885800176e-05,0.000171466055522178,1.93475893758849,0.0358720297583673,0.0869727513952867,0.722275427034484
sp|Q15906;sp|Q15906|VPS72,,0.00770696512944803,0.0330115006378024,-0.969403330020191,0.000336309209130121,0.00227451228280108,-1.49049416782923,0.0366883919867573,0.0620323469776095,-0.71557964343329,0.00695135426964548,0.0238199739639852,-0.986049669774028
sp|Q16531;sp|Q16531|DDB1,,0.000151626527477158,0.00139980961885655,1.37034746927255,0.33407957496242,0.471749729479901,-0.258202755272748,8.05600308320008e-09,3.84372989984612e-07,3.44041034193034,8.83757139112577e-06,8.11162802685472e-05,1.83895963411938
sp|Q16576;sp|Q16576|RBBP7,,0.569548464917737,0.712176430813878,0.412562613449538,0.852846437462622,0.910015097500719,-0.133761287265997,0.0258473092804844,0.0461302672575312,1.78394104044703,0.100287320258687,0.185423318751673,-1.25297250589023
sp|Q2KHR3;sp|Q2KHR3|QSER1,,0.808799597256914,0.9037456369349,-0.0944728518971552,0.398202087791911,0.535800714987021,-0.334326978257221,0.000161912138958767,0.000640175687883125,2.0230554543338,0.105730115715364,0.194090283848918,0.66620545269811
sp|Q53EQ6;sp|Q53EQ6|TIGD5,,3.67836341356614e-05,0.000429699726039317,1.70443567009449,3.91494807045407e-06,6.70761102737798e-05,2.12552902570653,2.04567397664943e-07,3.50492141332602e-06,2.78233994423579,1.09648191476876e-06,1.65762265938572e-05,2.39273694390233
sp|Q5PSV4;sp|Q5PSV4|BRM1L,,0.957086171389431,0.976075976377317,0.0250859379701874,0.893257158213512,0.930617332411336,0.0625746623724708,0.00285279141919562,0.00718791563463994,1.68685020721623,0.548085035290718,0.693111739156513,0.282075460398317
sp|Q5SSJ5;sp|Q5SSJ5|HP1B3,,0.415959687680634,0.574739998569479,0.155773658510833,0.947981890720596,0.95917852722517,0.0123255767012,0.0660338521847199,0.102852727342261,0.372725669394731,0.599652284151258,0.725703935478553,-0.0997196902231093
sp|Q5UIP0;sp|Q5UIP0|RIF1,,3.70864484739002e-09,9.53121725779235e-07,-2.42684162594681,2.32895699087414e-08,1.1349572227657e-06,-2.07720243550294,1.06680256560988e-07,2.49243872147036e-06,-1.82120540190494,2.54832245401179e-11,6.5491887068103e-09,-3.65896345263485
sp|Q6DN03|H2B2C;sp|Q6DRA6|H2B2D,,0.0970826957844025,0.216958720144274,-0.622260783286329,0.554629069001008,0.695315466991507,0.21072427343491,0.531018440747332,0.626017152624148,-0.223625810063873,0.0332874447546985,0.0822583971342069,0.829406494810253
sp|Q6MZP7;sp|Q6MZP7|LIN54,,0.00222409771304769,0.0124259372228969,1.76331687069069,0.000834791237614049,0.00498933367597234,2.00877690372285,1.28216904955225e-05,9.5532808180317e-05,3.18053293420283,0.00132771664198179,0.00609327101766643,1.89164182821783
sp|Q6NS38;sp|Q6NS38|ALKB2,,0.0153590093531676,0.0563895057680583,-0.720618122833346,0.0379420651640906,0.0886464613379207,-0.5962642713518,0.673999298939786,0.756409693569979,-0.110763409910436,0.0306883507340615,0.0773226092024884,-0.625767825543788
sp|Q6NT76;sp|Q6NT76|HMBX1,,0.0476255627659797,0.127497600321425,1.81550773342059,0.339061174455297,0.476167878879844,0.822250527184481,0.0112115256570328,0.0226878905028145,2.45577979199808,0.162983918638095,0.270237852193486,1.22604713803708
sp|Q6V0L0|CP26C;sp|Q96ST3|SIN3A,,4.84823253000067e-05,0.000541737287047901,1.221857089287,4.97790125615054e-05,0.000556226357752474,1.21849017446511,8.82079561062944e-08,2.26694447193176e-06,2.20977169660564,0.00213650526995789,0.00885615894159963,0.779578356448646
sp|Q6W2J9;sp|Q6W2J9|BCOR,,0.114730704081568,0.243663194940515,0.360643417288035,0.705458969837794,0.824104342037786,0.0822960444060469,0.00169293327285621,0.00457983001183205,0.845131170503818,0.137133727774604,0.234305915115645,0.337906604072595
sp|Q6ZRS2;sp|Q6ZRS2|SRCAP,,0.0370418238049859,0.11333034187954,-1.17802501065254,7.31555978086714e-05,0.000752039545473142,-2.91618547279769,0.319733922310751,0.41543961708686,-0.523430000145706,9.85845068701997e-05,0.000649646622195931,-2.82407493772237
sp|Q86UP3;sp|Q86UP3|ZFHX4,,0.362509369952427,0.530268808031899,0.280603234000622,0.226100538375133,0.356489805904351,-0.377979303305603,0.000262610081654285,0.000937372097015988,1.48760852506784,0.855292030827971,0.897183885399136,0.0552836858526523
sp|Q86Y91;sp|Q86Y91|KI18B,,0.0181917121068718,0.0658488734009305,-1.35192520901558,9.45928458832631e-05,0.000784205206193504,-2.7983838469258,0.627791341977597,0.717077221725521,0.247708614298196,1.26036439661971e-05,0.000107971216643755,-3.44403332908027
sp|Q86YP4;sp|Q86YP4|P66A,,0.567600298804487,0.712176430813878,-0.435854721628398,0.0142327241071424,0.0439289983404996,-2.11037819177578,0.157444599406036,0.222325615644787,1.11617516668595,0.202260083639968,0.320869391947356,-0.998919174942927
sp|Q8IYH5;sp|Q8IYH5|ZZZ3,,0.361217133954011,0.530268808031899,0.230883824272672,0.00227529639523639,0.010828725436588,-0.928893035203498,0.0823029039681375,0.125158853963381,0.460009612599467,0.000147161002955046,0.000922448238035286,-1.30332708296129
sp|Q8N5C6;sp|Q8N5C6|SRBD1,,0.254873589846458,0.430937582832499,0.251884151296557,0.329866476149157,0.468373946797422,0.2140070191864,0.000149710548512554,0.000606855983005915,1.12714602452655,0.0288374987554071,0.0738314762802998,0.52078003996766
sp|Q8N9N5;sp|Q8N9N5|BANP,,0.00360764047205915,0.018543272026384,1.24321186264858,0.00665721733712205,0.0259228008430358,1.13034152251272,0.000360114277264795,0.00121775485864543,1.68298422621533,0.0567435998129311,0.121525876266028,0.731133645949095
sp|Q8NFW8;sp|Q8NFW8|NEUA,,0.848574669655544,0.928334334442426,0.151264795027748,0.193654338660903,0.317349243536713,-1.06566830359601,0.753644859327549,0.829022614796924,0.248945203339331,0.751049907064443,0.839216635285051,-0.251667850134336
sp|Q92466;sp|Q92466|DDB2,,0.454140246109614,0.61106828926791,0.229530557235111,0.550328069278998,0.693305459826973,-0.182380177680857,2.15603954100685e-06,2.13116216168755e-05,2.43107681797765,0.00287704221009545,0.0113753822768389,1.09555130583803
sp|Q92841;sp|Q92841|DDX17,,0.857372539138131,0.928334334442426,-0.095917421571967,0.686547440671034,0.80567439384683,-0.215951848946666,0.0482707046300758,0.0795228916021121,1.14338826386764,0.495041877467171,0.642554356106379,-0.36741223200418
sp|Q96DT7;sp|Q96DT7|ZBT10,,9.0128245249922e-08,5.43895209465966e-06,2.69281662118858,6.27868987795961e-06,8.964573881309e-05,1.83000343066858,2.50062108614951e-09,2.14219873046808e-07,3.65453986577019,2.35790166263206e-05,0.000168327979804567,1.60640119212208
sp|Q96L91;sp|Q96L91|EP400,,0.0876308829605495,0.206825553503306,0.869664260606593,0.0593951621544648,0.126153360939648,-0.973057288286074,0.0262043694711094,0.0464449858901731,1.18247606914984,0.803335196892844,0.867466998325466,0.119452314804451
sp|Q96Q89;sp|Q96Q89|KI20B,,0.95387356077841,0.976075976377317,-0.0197979158349929,0.000697109472949008,0.00426564606066417,-1.49515777318892,0.00164418610568544,0.00449527477831019,1.3375965060332,1.80460997311324e-06,2.31892381545052e-05,-2.79054462246155
sp|Q99728;sp|Q99728|BARD1,,0.311783818706455,0.491585530107723,0.202198501038761,0.0344621263171384,0.0825768947360313,-0.454846191508237,0.481749986123172,0.575859285737931,-0.139100037680537,0.900782074947409,0.926003973045936,0.0244096465945667
sp|Q9BQW3;sp|Q9BQW3|COE4;sp|Q9H4W6;sp|Q9H4W6|COE3,,0.876564488665788,0.932660711045658,0.0291384683345976,0.484817795016558,0.619891409548535,-0.132305920298497,0.000169296471671546,0.000659230200296779,0.967905759496597,0.118965621084299,0.209791503046317,0.307523196850457
sp|Q9BTC0;sp|Q9BTC0|DIDO1,,0.0440661287167398,0.125833278668912,-1.88194409182978,0.00235615262414319,0.0110096586255418,-3.19154038147979,0.172197841137763,0.237929275120458,-1.21784190644088,0.00165267217874605,0.00732304741271959,-3.35190851377489
sp|Q9GZN1;sp|Q9GZN1|ARP6,,6.88292500012354e-05,0.000737046552096562,-2.3279750421705,2.41537866062438e-06,4.7750178136959e-05,-3.24398647999289,0.0092098847808519,0.0195614908155284,-1.23096224900703,2.68397302149071e-08,7.66423407247902e-07,-4.84156418253926
sp|Q9H0E9;sp|Q9H0E9|BRD8,,0.946795463118658,0.97450618190317,-0.0534144041612587,0.778693574031791,0.876180622679935,0.225284582564776,0.599226065645159,0.693698643562189,-0.422994553057782,0.1847499693126,0.296754638208364,-1.10093178228037
sp|Q9H8E8;sp|Q9H8E8|CSR2B,,0.0887855749552515,0.207435388759088,0.506569025603747,0.000282303402036754,0.00211209214617966,-1.36443312119604,0.0359142916127778,0.0611256486389662,0.644981073862557,0.00220783232876241,0.00900655410304665,-1.05149042959565
sp|Q9HAP2;sp|Q9HAP2|MLXIP,,0.000763484919048873,0.00545043400543223,2.20856857796355,0.00680929748739899,0.0261192455859932,1.61945523028253,5.23573071295871e-05,0.00024465141695098,2.99724927536113,0.00553493521685665,0.0197566437601689,1.67422254360835
sp|Q9NS73;sp|Q9NS73|MBIP1,,0.698072433969479,0.808128898784487,-0.108366005684822,0.00178921596472366,0.00919657005867959,-1.07596305647406,0.702296992713718,0.784740552727937,0.106763481313341,1.04825385734207e-05,9.28969797713493e-05,-1.92081162804293
sp|Q9NUW8;sp|Q9NUW8|TYDP1,,0.0778491999094135,0.194038816633764,-0.621557394499292,0.0208148124643179,0.0557229875346844,-0.85507183865579,0.00375340845136971,0.00927524973078861,1.14799044032655,0.284556044157957,0.41084777162132,-0.3619253518312
sp|Q9NZI7;sp|Q9NZI7|UBIP1,,0.0466836093986073,0.127497600321425,1.26383105803997,0.392314257104252,0.533464360189379,0.507696422576776,0.00562538932378063,0.0123566244120651,1.90928641691381,0.221179694086194,0.342428803494891,0.73773079306517
sp|Q9P2K3;sp|Q9P2K3|RCOR3,,0.870067929902753,0.931697741604197,0.121475479462091,0.048371847402231,0.108470281542158,-1.59034705691358,0.320066319778982,0.41543961708686,0.75322739863087,0.700133726033481,0.79616976810002,-0.286735294238443
sp|Q9UBL3;sp|Q9UBL3|ASH2L,,0.0260426250155909,0.085807110628293,0.491263745696049,0.0193661302152503,0.0546283258246711,0.522025507422336,1.11514717463895e-06,1.36472773277242e-05,1.69410653020982,0.0182298682916107,0.0506512501947951,0.52827760399249
sp|Q9UGN5;sp|Q9UGN5|PARP2,,0.231414828607967,0.407353499672928,-0.286379635057245,0.016018352086055,0.0467808691604106,-0.633056647580256,0.625883543498191,0.717077221725521,0.113814863881875,0.0752967928470966,0.148855967397722,-0.441490892576689
sp|Q9UH92;sp|Q9UH92|MLX,,0.0407502734526493,0.118668292756133,0.978025057230408,0.00227146846592093,0.010828725436588,1.63592583112643,4.85231419638864e-05,0.000230934212679978,2.58588712952808,0.0633392753080231,0.12919201392192,0.873553929398192
sp|Q9UHJ3;sp|Q9UHJ3|SMBT1,,0.0692316892366904,0.177925441338294,0.762446130071623,0.0138611209757594,0.043482002798532,1.09646810640006,7.20164523700358e-05,0.000324705758931565,2.21936340775015,0.0115799076384855,0.035429003132033,1.13288695219717
sp|Q9UI36;sp|Q9UI36|DACH1,,0.0184694776442185,0.0659257743689467,2.45861409660701,0.870902406664384,0.921077853961921,0.150798464184541,0.00405967149775094,0.00981102468789023,3.18555198233646,0.220230833827173,0.342428803494891,1.1728612480776
sp|Q9UIG0;sp|Q9UIG0|BAZ1B,,0.091410097556274,0.209753527428236,0.516871136671347,0.565100555319049,0.705004090859201,0.167108653326004,0.241034286188155,0.326030587107136,0.348008992738062,0.494676166536678,0.642554356106379,-0.198920977073901
sp|Q9UJX3;sp|Q9UJX3|APC7,,3.91067809055798e-08,5.025221346367e-06,-4.09837459616382,3.31977779670096e-08,1.21883270536021e-06,-4.15653498197977,3.7819797754553e-08,1.21496100286502e-06,-4.11019916471079,3.15535739409097e-09,1.62185370056276e-07,-5.07427938110879
sp|Q9UJX5;sp|Q9UJX5|APC4,,1.71457817289652e-05,0.000259203876726121,-4.82805415333256,0.000647975652186534,0.00406170103931559,-3.23965144925712,1.30103046159965e-05,9.5532808180317e-05,-4.96208441407931,1.97725705215327e-06,2.41978601144472e-05,-5.94121937167305
sp|Q9ULW0;sp|Q9ULW0|TPX2,,0.000827063512753299,0.00574473845344859,-2.74471594343917,0.00279417801256578,0.0119831378524975,-2.31770533236638,0.00022479111818014,0.000825304533889942,-3.22786521795374,6.25627365519553e-06,6.18408588225097e-05,-5.32807704881989
sp|Q9Y230;sp|Q9Y230|RUVB2,,0.000908590293234823,0.00609922291058457,-1.86696678112215,5.01963431999164e-06,7.7100241295084e-05,-3.27251427032489,0.0257581236433806,0.0461302672575312,-1.09468207088761,7.83586423541096e-06,7.45858188333562e-05,-3.13533267340225
sp|Q9Y265;sp|Q9Y265|RUVB1,,1.07012558339327e-05,0.000171888921832544,-1.68084510575116,3.14716140261238e-09,4.04410240235691e-07,-3.46754223850861,0.0107884393213612,0.022004991314205,-0.715354240581478,1.74864701860227e-09,1.12350570945196e-07,-3.64205899990699
sp|Q9Y2K7;sp|Q9Y2K7|KDM2A,,0.157654476520769,0.309291606609447,-1.3376043341662,0.0263712535215501,0.0691572668881466,-2.23870506890291,0.124056850434155,0.17811514280211,-1.46726459345539,0.0130768662756245,0.0390785422422732,-2.57023819627119
sp|Q9Y4A5;sp|Q9Y4A5|TRRAP,,0.675451643328416,0.796289322639463,0.214120272888925,0.733120171925649,0.841124482968267,-0.174171774743139,0.0177468183705344,0.0332914767972799,1.36149622110781,0.50935832150994,0.654525443140273,-0.339265142731582
sp|Q9Y5J3;sp|Q9Y5J3|HEY1,,0.911535253006583,0.95618187764364,-0.0327883766002959,0.210442561973367,0.338185677632851,-0.381696949304353,0.0444357885592145,0.073677404256246,0.645650256376902,0.610634694089029,0.725703935478553,0.15102874241429
,sp|P12956|XRCC6,,,,,,,,,,,,
,sp|Q01831|XPC,,,,,,,,,,,,
,sp|P16403|H12,,,,,,,,,,,,
,sp|Q9UMN6|KMT2B,,,,,,,,,,,,
,sp|O94776|MTA2,,,,,,,,,,,,
,sp|Q14527|HLTF,,,,,,,,,,,,
,sp|Q9H147|TDIF1,,,,,,,,,,,,
,sp|P13010|XRCC5,,,,,,,,,,,,
,sp|P54727|RD23B,,,,,,,,,,,,
,sp|O95210|STBD1,,,,,,,,,,,,
,sp|Q9H1A4|APC1,,,,,,,,,,,,
,sp|O95785,,,,,,,,,,,,
,sp|Q52LR7|EPC2,,,,,,,,,,,,
,sp|Q9H7L9|SDS3,,,,,,,,,,,,
,sp|P16402|H13,,,,,,,,,,,,
,sp|P27694|RFA1,,,,,,,,,,,,
,sp|P40937|RFC5,,,,,,,,,,,,
,sp|Q9Y230|RUVB2,,,,,,,,,,,,
,sp|Q9H967|WDR76,,,,,,,,,,,,
,sp|Q9Y265|RUVB1,,,,,,,,,,,,
,sp|Q96JM7,,,,,,,,,,,,
,sp|P40938|RFC3,,,,,,,,,,,,
,sp|Q08945|SSRP1,,,,,,,,,,,,
,sp|Q86V81|THOC4,,,,,,,,,,,,
,sp|Q9NPF5|DMAP1,,,,,,,,,,,,
,sp|Q96KM6|Z512B,,,,,,,,,,,,
,sp|P41208|CETN2,,,,,,,,,,,,
,sp|Q96MR6|CFA57,,,,,,,,,,,,
,sp|P61964|WDR5,,,,,,,,,,,,
,sp|P42166|LAP2A,,,,,,,,,,,,
,sp|P78527|PRKDC,,,,,,,,,,,,
,sp|Q9Y4A0|JERKL,,,,,,,,,,,,
,sp|O96019|ACL6A,,,,,,,,,,,,
,sp|O00287|RFXAP,,,,,,,,,,,,
,sp|P04264|K2C1,,,,,,,,,,,,
,sp|Q14980,,,,,,,,,,,,
,sp|P43243|MATR3,,,,,,,,,,,,
,sp|Q5T5X7|BEND3,,,,,,,,,,,,
,sp|P10412|H14,,,,,,,,,,,,
,sp|Q9NVE5,,,,,,,,,,,,
,sp|Q9Y5B9|SP16H,,,,,,,,,,,,
,sp|P04350|TBB4A,,,,,,,,,,,,
,sp|Q96ST3|SIN3A,,,,,,,,,,,,
,sp|P06400|RB,,,,,,,,,,,,
,sp|P06746|DPOLB,,,,,,,,,,,,
,sp|O14734|ACOT8,,,,,,,,,,,,
,sp|P43246|MSH2,,,,,,,,,,,,
,sp|Q96T58|MINT,,,,,,,,,,,,
,sp|P18887|XRCC1,,,,,,,,,,,,
,sp|P31270|HXA11,,,,,,,,,,,,
,sp|P19532|TFE3,,,,,,,,,,,,
,sp|Q8N5C6|SRBD1,,,,,,,,,,,,
,sp|Q99583|MNT,,,,,,,,,,,,
,sp|P20585|MSH3,,,,,,,,,,,,
,sp|P62826|RAN,,,,,,,,,,,,
,sp|Q8N9N5,,,,,,,,,,,,
,sp|P07437|TBB5,,,,,,,,,,,,
,sp|O43829|ZBT14,,,,,,,,,,,,
,sp|P11021|BIP,,,,,,,,,,,,
,sp|P85037|FOXK1,,,,,,,,,,,,
,sp|P35249|RFC4,,,,,,,,,,,,
,sp|O60264|SMCA5,,,,,,,,,,,,
,sp|Q99742|NPAS1,,,,,,,,,,,,
,sp|Q8NCY6|MSD4,,,,,,,,,,,,
,sp|Q99986|VRK1,,,,,,,,,,,,
,sp|P49454|CENPF,,,,,,,,,,,,
,sp|Q9BQE3|TBA1C,,,,,,,,,,,,
,sp|Q8NFW8|NEUA,,,,,,,,,,,,
,sp|Q16531|DDB1,,,,,,,,,,,,
,sp|P11387|TOP1,,,,,,,,,,,,
,sp|Q8WXX5|DNJC9,,,,,,,,,,,,
,sp|Q6PJG2|EMSA1,,,,,,,,,,,,
,sp|P35250|RFC2,,,,,,,,,,,,
,sp|P08670|VIME,,,,,,,,,,,,
,sp|P11142|HSP7C,,,,,,,,,,,,
,sp|Q13547|HDAC1,,,,,,,,,,,,
,sp|P53999|TCP4,,,,,,,,,,,,
,sp|Q9UJV9|DDX41,,,,,,,,,,,,
,sp|P09874|PARP1,,,,,,,,,,,,
,sp|P35579|MYH9,,,,,,,,,,,,
,sp|Q9UKL0|RCOR1,,,,,,,,,,,,
,sp|O75475|PSIP1,,,,,,,,,,,,
,sp|Q92522|H1X,,,,,,,,,,,,
,sp|P35659|DEK,,,,,,,,,,,,
,sp|Q9UKY1|ZHX1,,,,,,,,,,,,
,sp|Q9ULM3|YETS2,,,,,,,,,,,,
,sp|Q92618|ZN516,,,,,,,,,,,,
,sp|Q9BUH6|PAXX,,,,,,,,,,,,
,sp|Q9GZN1|ARP6,,,,,,,,,,,,
,sp|Q14119|VEZF1,,,,,,,,,,,,
,sp|Q14469|HES1,,,,,,,,,,,,
,sp|O75478|TAD2A,,,,,,,,,,,,
